Page,Title,Price,Sold Date,Link,Image Link,Storage,Condition,PartsOnly,Model,iPhone_12,iPhone_13,iPhone_14,iPhone_15,iPhone_16,iPhone_12_Pro,iPhone_13_Pro,iPhone_14_Pro,iPhone_15_Pro,iPhone_16_Pro,iPhone_17_Pro,iPhone_12_Pro_Max,iPhone_13_Pro_Max,iPhone_14_Pro_Max,iPhone_15_Pro_Max,iPhone_16_Pro_Max,iPhone_17_Pro_Max
1,Very Good Apple iPhone 12  64GB Unlocked- 1 Yr Warranty 🔋 Battery Health: 89%+,$187.87,2025-10-22,https://www.ebay.com/itm/335986102571,https://i.ebayimg.com/images/g/zKIAAOSweCloU5XK/s-l500.webp,64 GB,Very Good,False,iPhone 12,True,,,,,,,,,,,,,,,,
1,Apple iPhone 12 Purple 128GB Good - Refurbished  - Unlocked,$210.99,2025-10-22,https://www.ebay.com/itm/127185353194,https://i.ebayimg.com/images/g/BYYAAeSwZslo-UqK/s-l500.webp,128 GB,Good,False,iPhone 12,True,,,,,,,,,,,,,,,,
1,Apple iPhone 12 64GB – Fully Unlocked - VERY GOOD CONDITION - Unlocked,$191.99,2025-10-22,https://www.ebay.com/itm/325852789181,https://i.ebayimg.com/images/g/obAAAOSw2IplMD~7/s-l500.webp,64 GB,Unknown,False,iPhone 12,True,,,,,,,,,,,,,,,,
1,Apple iPhone 12 128GB - Fully Unlocked - VERY GOOD Condition,$219.99,2025-10-22,https://www.ebay.com/itm/225936656368,https://i.ebayimg.com/images/g/1AIAAOSwNpxn5Jnp/s-l500.webp,128 GB,Unknown,False,iPhone 12,True,,,,,,,,,,,,,,,,
1,Apple iPhone 12 Black 64GB Excellent - Refurbished  - Unlocked,$200.99,2025-09-15,https://www.ebay.com/itm/127264771152,https://i.ebayimg.com/images/g/QboAAeSwUnVoyEZ8/s-l500.webp,64 GB,Excellent,False,iPhone 12,True,,,,,,,,,,,,,,,,
1,Apple iPhone 12 White 128GB Good - Refurbished  - Unlocked,$201.99,2025-08-27,https://www.ebay.com/itm/127198133546,https://i.ebayimg.com/images/g/pYsAAeSwyOdor3-h/s-l500.webp,128 GB,Good,False,iPhone 12,True,,,,,,,,,,,,,,,,
1,Apple iPhone 12 Green 64GB Good - Refurbished  - Unlocked,$180.99,2025-08-27,https://www.ebay.com/itm/127198133007,https://i.ebayimg.com/images/g/AHMAAeSw8fdorw0r/s-l500.webp,64 GB,Good,False,iPhone 12,True,,,,,,,,,,,,,,,,
1,Apple iPhone 12 Red 64GB Good - Refurbished  - Unlocked,$180.99,2025-08-27,https://www.ebay.com/itm/127198132853,https://i.ebayimg.com/images/g/AC8AAeSw77horwz2/s-l500.webp,64 GB,Good,False,iPhone 12,True,,,,,,,,,,,,,,,,
1,Apple iPhone 12 A2172 Unlocked 64GB Black Good,$174.88,2025-10-22,https://www.ebay.com/itm/196520157238,https://i.ebayimg.com/images/g/QMYAAOSwM21moPyD/s-l500.webp,64 GB,Good,False,iPhone 12,True,,,,,,,,,,,,,,,,
1,Apple iPhone 12 Green 128GB Excellent - Refurbished  - Unlocked,$233.99,2025-10-22,https://www.ebay.com/itm/127195091163,https://i.ebayimg.com/images/g/I3EAAeSww35o-XT3/s-l500.webp,128 GB,Excellent,False,iPhone 12,True,,,,,,,,,,,,,,,,
1,Apple iPhone 12 A2172 Unlocked 64GB Blue Good,$163.99,2025-10-22,https://www.ebay.com/itm/176497009887,https://i.ebayimg.com/images/g/WXEAAOSwFfZmqFrz/s-l500.webp,64 GB,Good,False,iPhone 12,True,,,,,,,,,,,,,,,,
1,Apple iPhone 12 128GB Network Unlocked Good Condition,$207.38,2025-10-22,https://www.ebay.com/itm/354593750415,https://i.ebayimg.com/images/g/grYAAOSw1StjbBH-/s-l500.webp,128 GB,Good,False,iPhone 12,True,,,,,,,,,,,,,,,,
1,Apple iPhone 12 64GB Factory Unlocked AT&T T-Mobile Verizon Very Good Condition,$191.95,2025-10-22,https://www.ebay.com/itm/304078563335,https://i.ebayimg.com/images/g/HPsAAOSwWmtlAHi2/s-l500.webp,64 GB,Very Good,False,iPhone 12,True,,,,,,,,,,,,,,,,
1,Apple iPhone 12 256GB Factory Unlocked AT&T T-Mobile Verizon Excellent Condition,$251.95,2025-10-22,https://www.ebay.com/itm/304176816603,https://i.ebayimg.com/images/g/rdYAAOSw4XNl6zbH/s-l500.webp,256 GB,Excellent,False,iPhone 12,True,,,,,,,,,,,,,,,,
1,Apple iPhone 12 64GB Factory Unlocked AT&T T-Mobile Verizon Good Condition,$181.95,2025-10-22,https://www.ebay.com/itm/294301057065,https://i.ebayimg.com/images/g/Mb4AAOSw7oRlAHju/s-l500.webp,64 GB,Good,False,iPhone 12,True,,,,,,,,,,,,,,,,
1,Apple iPhone 12 A2172 Unlocked 128GB Blue Good,$198.84,2025-10-22,https://www.ebay.com/itm/186588599465,https://i.ebayimg.com/images/g/yOQAAOSwq8FmoPu0/s-l500.webp,128 GB,Good,False,iPhone 12,True,,,,,,,,,,,,,,,,
1,Apple iPhone 12 64GB - Fully Unlocked - EXCELLENT Condition,$205.99,2025-10-22,https://www.ebay.com/itm/326178459933,https://i.ebayimg.com/images/g/obAAAOSw2IplMD~7/s-l500.webp,64 GB,Unknown,False,iPhone 12,True,,,,,,,,,,,,,,,,
1,"Apple iPhone 12 64 GB A2172 6.1"" Unlocked A2172 Midnight",$172.49,2025-10-22,https://www.ebay.com/itm/365882052787,https://i.ebayimg.com/images/g/yWAAAeSw2f9o1Fkm/s-l500.webp,64 GB,Unknown,False,iPhone 12,True,,,,,,,,,,,,,,,,
1,Apple iPhone 12 64GB Factory Unlocked AT&T T-Mobile Verizon Excellent Condition,$195.95,2025-10-22,https://www.ebay.com/itm/304229092614,https://i.ebayimg.com/images/g/gh0AAOSwWZBk74Ta/s-l500.webp,64 GB,Excellent,False,iPhone 12,True,,,,,,,,,,,,,,,,
1,Apple iPhone 12 - 5G - 64GB Factory Unlocked GSM + CDMA - EXCELLENT,$179.48,2025-10-22,https://www.ebay.com/itm/126715943830,https://i.ebayimg.com/images/g/P-UAAOSw84thmUOJ/s-l500.webp,64 GB,Unknown,False,iPhone 12,True,,,,,,,,,,,,,,,,
1,Apple iPhone 12 128GB Unlocked - Very Good,$215.95,2025-10-22,https://www.ebay.com/itm/403448574550,https://i.ebayimg.com/images/g/jjoAAOSw2~dhS2Sd/s-l500.webp,128 GB,Very Good,False,iPhone 12,True,,,,,,,,,,,,,,,,
1,Apple iPhone 12 5G 64GB Factory Unlocked Smartphone Good (1-Year Warranty),$179.99,2025-10-22,https://www.ebay.com/itm/177089234362,https://i.ebayimg.com/images/g/sQcAAOSwWqVk59vM/s-l500.webp,64 GB,Good,False,iPhone 12,True,,,,,,,,,,,,,,,,
1,Apple iPhone 12 128GB Unlocked - Excellent,$224.95,2025-10-22,https://www.ebay.com/itm/384714069130,https://i.ebayimg.com/images/g/jjoAAOSw2~dhS2Sd/s-l500.webp,128 GB,Excellent,False,iPhone 12,True,,,,,,,,,,,,,,,,
1,Apple iPhone 12 256GB Unlocked - Excellent,$251.95,2025-10-22,https://www.ebay.com/itm/365321796149,https://i.ebayimg.com/images/g/jjoAAOSw2~dhS2Sd/s-l500.webp,256 GB,Excellent,False,iPhone 12,True,,,,,,,,,,,,,,,,
1,Apple iphone 12 -  Fully Functional - Unlocked - Great condition !!!!!,$222.00,2025-10-22,https://www.ebay.com/itm/266193900545,https://i.ebayimg.com/images/g/DGkAAOSw7ntkJKVC/s-l500.webp,Unknown,Unknown,False,iPhone 12,True,,,,,,,,,,,,,,,,
1,Apple iPhone 12 Purple 64GB Good - Refurbished  - Unlocked,$183.99,2025-10-22,https://www.ebay.com/itm/127198133289,https://i.ebayimg.com/images/g/EbIAAeSwqGdo-C0k/s-l500.webp,64 GB,Good,False,iPhone 12,True,,,,,,,,,,,,,,,,
1,Apple iPhone 12 A2172 Unlocked 64GB Red Good,$174.88,2025-10-22,https://www.ebay.com/itm/176487694255,https://i.ebayimg.com/images/g/K-AAAOSwnLBmoPzM/s-l500.webp,64 GB,Good,False,iPhone 12,True,,,,,,,,,,,,,,,,
1,Apple iPhone 12 A2172 Unlocked 64GB Purple Good,$174.88,2025-10-22,https://www.ebay.com/itm/196534757877,https://i.ebayimg.com/images/g/a-QAAOSw905mqwY7/s-l500.webp,64 GB,Good,False,iPhone 12,True,,,,,,,,,,,,,,,,
1,Apple iPhone 12 256GB - Fully Unlocked  - VERY GOOD Condition,$233.99,2025-10-22,https://www.ebay.com/itm/226308512508,https://i.ebayimg.com/images/g/obAAAOSw2IplMD~7/s-l500.webp,256 GB,Unknown,False,iPhone 12,True,,,,,,,,,,,,,,,,
1,Apple iPhone 12 - 5G - 256GB Factory Unlocked GSM + CDMA - EXCELLENT,$239.48,2025-10-22,https://www.ebay.com/itm/134482221748,https://i.ebayimg.com/images/g/P-UAAOSw84thmUOJ/s-l500.webp,256 GB,Unknown,False,iPhone 12,True,,,,,,,,,,,,,,,,
1,Apple iPhone 12 256GB Factory Unlocked AT&T T-Mobile Verizon Good Condition,$218.95,2025-10-22,https://www.ebay.com/itm/304176815932,https://i.ebayimg.com/images/g/OZEAAOSwGPplAHsb/s-l500.webp,256 GB,Good,False,iPhone 12,True,,,,,,,,,,,,,,,,
1,"Apple iPhone 12 64GB Unlocked 6.1"" - (Red) A2172 w/1 Year Warranty",$185.36,2025-10-22,https://www.ebay.com/itm/146652984906,https://i.ebayimg.com/images/g/ss4AAOSwR7ZoUDDM/s-l500.webp,64 GB,Unknown,False,iPhone 12,True,,,,,,,,,,,,,,,,
1,Apple iPhone 12 5G 64GB Factory Unlocked Smartphone Very Good (1-Year Warranty),$189.99,2025-10-21,https://www.ebay.com/itm/196889589238,https://i.ebayimg.com/images/g/sQcAAOSwWqVk59vM/s-l500.webp,64 GB,Very Good,False,iPhone 12,True,,,,,,,,,,,,,,,,
1,Apple iPhone 12 Purple 64GB Very Good - Refurbished  - Unlocked,$193.99,2025-10-21,https://www.ebay.com/itm/127410934756,https://i.ebayimg.com/images/g/xv0AAeSwZxJo-Aop/s-l500.webp,64 GB,Very Good,False,iPhone 12,True,,,,,,,,,,,,,,,,
1,Apple iPhone 12 Green 64GB Excellent - Refurbished  - Unlocked,$203.99,2025-10-21,https://www.ebay.com/itm/127195090916,https://i.ebayimg.com/images/g/qQQAAeSw0Kto-Nzm/s-l500.webp,64 GB,Excellent,False,iPhone 12,True,,,,,,,,,,,,,,,,
1,Apple iPhone 12 64GB Midnight (Unlocked) Verizon AT&T T-Mobile VERY GOOD,$198.88,2025-10-21,https://www.ebay.com/itm/205622126722,https://i.ebayimg.com/images/g/ArEAAeSwa~loed0V/s-l500.webp,64 GB,Unknown,False,iPhone 12,True,,,,,,,,,,,,,,,,
1,Apple iPhone 12 64GB Unlocked - Excellent,$199.95,2025-10-21,https://www.ebay.com/itm/384408313662,https://i.ebayimg.com/images/g/jjoAAOSw2~dhS2Sd/s-l500.webp,64 GB,Excellent,False,iPhone 12,True,,,,,,,,,,,,,,,,
1,Apple iPhone 12 - 64GB - Black - Fully Unlocked 5G Smartphone - Good,$187.95,2025-10-21,https://www.ebay.com/itm/257075491435,https://i.ebayimg.com/images/g/7JIAAOSwDPVnI7TG/s-l500.webp,64 GB,Good,False,iPhone 12,True,,,,,,,,,,,,,,,,
1,Apple iPhone 12 Purple 64GB Excellent - Refurbished  - Unlocked,$203.99,2025-10-21,https://www.ebay.com/itm/127187182928,https://i.ebayimg.com/images/g/JsMAAeSwsB5o-QAl/s-l500.webp,64 GB,Excellent,False,iPhone 12,True,,,,,,,,,,,,,,,,
1,Apple iPhone 12 256GB Network Unlocked Good Condition,$239.27,2025-10-21,https://www.ebay.com/itm/354393378505,https://i.ebayimg.com/images/g/OWMAAOSwI1hjcrch/s-l500.webp,256 GB,Good,False,iPhone 12,True,,,,,,,,,,,,,,,,
1,Apple iPhone 12 White 64GB Very Good - Refurbished  - Unlocked,$193.99,2025-10-21,https://www.ebay.com/itm/127430195358,https://i.ebayimg.com/images/g/eqIAAeSwg3Fo9te1/s-l500.webp,64 GB,Very Good,False,iPhone 12,True,,,,,,,,,,,,,,,,
1,Apple iPhone 12 128GB Network Unlocked Excellent Condition,$226.26,2025-10-21,https://www.ebay.com/itm/354593770634,https://i.ebayimg.com/images/g/~xUAAOSwmShjvuai/s-l500.webp,128 GB,Excellent,False,iPhone 12,True,,,,,,,,,,,,,,,,
1,Apple iPhone 12 5G 128GB Factory Unlocked Smartphone Good,$204.99,2025-10-21,https://www.ebay.com/itm/197531902716,https://i.ebayimg.com/images/g/sQcAAOSwWqVk59vM/s-l500.webp,128 GB,Good,False,iPhone 12,True,,,,,,,,,,,,,,,,
1,Apple iPhone 12 64GB Unlocked - Good,$180.95,2025-10-20,https://www.ebay.com/itm/363652176607,https://i.ebayimg.com/images/g/jjoAAOSw2~dhS2Sd/s-l500.webp,64 GB,Good,False,iPhone 12,True,,,,,,,,,,,,,,,,
1,Apple iPhone 12 Red 128GB Good - Refurbished  - Unlocked,$201.99,2025-09-12,https://www.ebay.com/itm/127195090992,https://i.ebayimg.com/images/g/F2gAAeSwgUlo5Yy3/s-l500.webp,128 GB,Good,False,iPhone 12,True,,,,,,,,,,,,,,,,
1,Apple iPhone 12 Green 128GB Very Good - Refurbished  - Unlocked,$212.99,2025-09-08,https://www.ebay.com/itm/127195090826,https://i.ebayimg.com/images/g/7Z8AAeSwNrxou7az/s-l500.webp,128 GB,Very Good,False,iPhone 12,True,,,,,,,,,,,,,,,,
1,"Apple iPhone 12 64GB Unlocked 6.1"" (Blue) A2172 - w/1 Year Warranty",$193.37,2025-10-20,https://www.ebay.com/itm/357430094565,https://i.ebayimg.com/images/g/MIwAAeSwspholi7X/s-l500.webp,64 GB,Unknown,False,iPhone 12,True,,,,,,,,,,,,,,,,
1,Apple iPhone 12 64GB Unlocked Excellent Condition - All Colors,$219.99,2025-10-20,https://www.ebay.com/itm/285596758720,https://i.ebayimg.com/images/g/DtcAAOSwsG9nWwM2/s-l500.webp,64 GB,Excellent,False,iPhone 12,True,,,,,,,,,,,,,,,,
1,Apple iPhone 12 64GB Unlocked - Very Good,$190.95,2025-10-20,https://www.ebay.com/itm/363552187845,https://i.ebayimg.com/images/g/jjoAAOSw2~dhS2Sd/s-l500.webp,64 GB,Very Good,False,iPhone 12,True,,,,,,,,,,,,,,,,
1,"Apple iPhone 12 64GB 6.1"" Unlocked - (Blue) A2172 w/1 Year Warranty",$175.00,2025-10-20,https://www.ebay.com/itm/376343599262,https://i.ebayimg.com/images/g/TZkAAOSwBGFoUC6F/s-l500.webp,64 GB,Unknown,False,iPhone 12,True,,,,,,,,,,,,,,,,
1,Apple iPhone 12 64GB Unlocked - Very Good,$199.99,2025-10-20,https://www.ebay.com/itm/255156294126,https://i.ebayimg.com/images/g/wL0AAeSw-SNoQv5k/s-l500.webp,64 GB,Very Good,False,iPhone 12,True,,,,,,,,,,,,,,,,
1,"Apple iPhone 12 64GB 5G Unlocked, Black",$176.47,2025-10-20,https://www.ebay.com/itm/306526755610,https://i.ebayimg.com/images/g/XLUAAeSwJDZo3V7d/s-l500.webp,64 GB,Unknown,False,iPhone 12,True,,,,,,,,,,,,,,,,
1,Apple iPhone 12 64GB Unlocked Very Good Condition - All Colors,$209.99,2025-10-20,https://www.ebay.com/itm/285597003252,https://i.ebayimg.com/images/g/bYQAAOSwpOhlcmB6/s-l500.webp,64 GB,Very Good,False,iPhone 12,True,,,,,,,,,,,,,,,,
1,Apple iPhone 12 Factory Unlocked (Any Carrier) SmartPhone Good,$238.99,2025-10-19,https://www.ebay.com/itm/326060765808,https://i.ebayimg.com/images/g/V2UAAOSwXZphKX2x/s-l500.webp,Unknown,Good,False,iPhone 12,True,,,,,,,,,,,,,,,,
1,Apple iPhone 12 64GB Factory Unlocked ATT T-Mobile Verizon Very Good Refurbished,$196.99,2025-10-19,https://www.ebay.com/itm/186709993693,https://i.ebayimg.com/images/g/bloAAOSwN0dm4cBN/s-l500.webp,64 GB,Very Good,False,iPhone 12,True,,,,,,,,,,,,,,,,
1,Apple iPhone 12 64GB Unlocked Good Condition - All Colors,$179.99,2025-10-19,https://www.ebay.com/itm/276216614078,https://i.ebayimg.com/images/g/i0YAAOSwPahlcl~4/s-l500.webp,64 GB,Good,False,iPhone 12,True,,,,,,,,,,,,,,,,
1,Apple iPhone 12 - 64GB - Purple (Unlocked) - Good Condition,$203.61,2025-03-24,https://www.ebay.com/itm/306127100278,https://i.ebayimg.com/images/g/zBsAAOSwCX1np2mF/s-l500.webp,64 GB,Good,False,iPhone 12,True,,,,,,,,,,,,,,,,
1,Apple iPhone 12 128GB Factory Unlocked AT&T T-Mobile Verizon Very Good Condition,$214.95,2025-10-19,https://www.ebay.com/itm/294291371564,https://i.ebayimg.com/images/g/RdsAAOSwGQVlAHhc/s-l500.webp,128 GB,Very Good,False,iPhone 12,True,,,,,,,,,,,,,,,,
1,Apple iPhone 12 - 64GB - Factory Unlocked - Very Good Condition,$204.99,2025-10-19,https://www.ebay.com/itm/124899456568,https://i.ebayimg.com/images/g/iXgAAOSwYqxhP6aN/s-l500.webp,64 GB,Very Good,False,iPhone 12,True,,,,,,,,,,,,,,,,
1,Apple iPhone 12 64GB Black A2172 (Unlocked) EXCELLENT 1 YR Warranty,$189.47,2025-10-19,https://www.ebay.com/itm/277431480279,https://i.ebayimg.com/images/g/TFAAAeSwr~to5vSh/s-l500.webp,64 GB,Unknown,False,iPhone 12,True,,,,,,,,,,,,,,,,
1,Apple iPhone 12 - 256GB - Fully Unlocked - EXCELLENT Condition,$247.99,2025-10-18,https://www.ebay.com/itm/326483804571,https://i.ebayimg.com/images/g/n7MAAOSwoBNlQpmj/s-l500.webp,256 GB,Unknown,False,iPhone 12,True,,,,,,,,,,,,,,,,
1,Apple iPhone 12 64GB Black (Unlocked) - Good,$203.99,2025-10-18,https://www.ebay.com/itm/157358162295,https://i.ebayimg.com/images/g/AgMAAeSwwfdo2~Ib/s-l500.webp,64 GB,Good,False,iPhone 12,True,,,,,,,,,,,,,,,,
1,Apple iPhone 12 Blue 128GB Excellent - Refurbished  - Unlocked,$223.99,2025-09-05,https://www.ebay.com/itm/127253418599,https://i.ebayimg.com/images/g/YgIAAeSwdONov~tc/s-l500.webp,128 GB,Excellent,False,iPhone 12,True,,,,,,,,,,,,,,,,
1,Apple iPhone 12 A2172 Unlocked 128GB Black Good,$193.99,2025-10-18,https://www.ebay.com/itm/176487690281,https://i.ebayimg.com/images/g/YgcAAOSwo95moPvr/s-l500.webp,128 GB,Good,False,iPhone 12,True,,,,,,,,,,,,,,,,
1,Apple iPhone 12 White 128GB Excellent - Refurbished  - Unlocked,$233.99,2025-10-18,https://www.ebay.com/itm/127322193353,https://i.ebayimg.com/images/g/FT4AAeSwdTVo9tuv/s-l500.webp,128 GB,Excellent,False,iPhone 12,True,,,,,,,,,,,,,,,,
1,Apple iPhone 12 Purple 128GB Very Good - Refurbished  - Unlocked,$212.99,2025-10-18,https://www.ebay.com/itm/127313006914,https://i.ebayimg.com/images/g/vXUAAeSwnudo8xh6/s-l500.webp,128 GB,Very Good,False,iPhone 12,True,,,,,,,,,,,,,,,,
1,Apple iPhone 12 White 128GB Very Good - Refurbished  - Unlocked,$212.99,2025-10-18,https://www.ebay.com/itm/127322193480,https://i.ebayimg.com/images/g/O~MAAeSwYIJo8xjD/s-l500.webp,128 GB,Very Good,False,iPhone 12,True,,,,,,,,,,,,,,,,
1,Apple iPhone 12 Blue 64GB Excellent - Refurbished  - Unlocked,$200.99,2025-09-18,https://www.ebay.com/itm/127313006802,https://i.ebayimg.com/images/g/6voAAeSweTxoytui/s-l500.webp,64 GB,Excellent,False,iPhone 12,True,,,,,,,,,,,,,,,,
1,iPhone 12 - Factory Unlocked - 64GB - Black - Good,$187.00,2025-10-17,https://www.ebay.com/itm/276320509465,https://i.ebayimg.com/images/g/xgkAAOSwi79lwQfS/s-l500.webp,64 GB,Good,False,iPhone 12,True,,,,,,,,,,,,,,,,
1,"Apple iPhone 12 64GB Unlocked 6.1"" - (Black) A2172 w/1 Year Warranty",$179.00,2025-10-17,https://www.ebay.com/itm/145660129493,https://i.ebayimg.com/images/g/GMMAAOSwqDhl71IR/s-l500.webp,64 GB,Unknown,False,iPhone 12,True,,,,,,,,,,,,,,,,
1,Apple iPhone 12 - 128GB - VERIZON ONLY - All Colors - Good,$179.85,2025-04-02,https://www.ebay.com/itm/187055125981,https://i.ebayimg.com/images/g/xAMAAOSw6O9lpaCv/s-l500.webp,128 GB,Good,False,iPhone 12,True,,,,,,,,,,,,,,,,
1,Apple iPhone 12 64GB Unlocked - Good,$189.99,2025-10-17,https://www.ebay.com/itm/255702598592,https://i.ebayimg.com/images/g/RpsAAeSwKjloVFYJ/s-l500.webp,64 GB,Good,False,iPhone 12,True,,,,,,,,,,,,,,,,
1,Apple iPhone 12 64GB Unlocked Black MGJ53B/A ✅❤️️✅❤️️✅❤️️✅❤️️,$219.99,2025-10-17,https://www.ebay.com/itm/127239362574,https://i.ebayimg.com/images/g/WHUAAeSw7hZoeSho/s-l500.webp,64 GB,Unknown,False,iPhone 12,True,,,,,,,,,,,,,,,,
1,Apple iPhone 12 (Unlocked) 64GB Midnight Green Purple White Red Blue - Very Good,$221.99,2025-10-17,https://www.ebay.com/itm/167408821280,https://i.ebayimg.com/images/g/OskAAOSw5Sxn5aeE/s-l500.webp,64 GB,Very Good,False,iPhone 12,True,,,,,,,,,,,,,,,,
1,"Apple iPhone 12 128GB Unlocked 6.1"" - (Blue) A2172 w/1 Year Warranty",$207.00,2025-10-17,https://www.ebay.com/itm/356788736823,https://i.ebayimg.com/images/g/AWIAAOSwm2JoACUk/s-l500.webp,128 GB,Unknown,False,iPhone 12,True,,,,,,,,,,,,,,,,
1,Apple iPhone 12 Purple 128GB Excellent - Refurbished  - Unlocked,$223.99,2025-10-17,https://www.ebay.com/itm/127187183898,https://i.ebayimg.com/images/g/Jn0AAeSwr7Zo8o6v/s-l500.webp,128 GB,Excellent,False,iPhone 12,True,,,,,,,,,,,,,,,,
1,Apple iPhone 12 64GB Fully Unlocked 5G Smartphone - Good,$189.99,2025-10-16,https://www.ebay.com/itm/267375710411,https://i.ebayimg.com/images/g/l64AAeSwLaNop5ax/s-l500.webp,64 GB,Good,False,iPhone 12,True,,,,,,,,,,,,,,,,
1,Apple iPhone 12 White 64GB Excellent - Refurbished  - Unlocked,$198.99,2025-09-03,https://www.ebay.com/itm/127187183192,https://i.ebayimg.com/images/g/cpcAAeSw419o8XSk/s-l500.webp,64 GB,Excellent,False,iPhone 12,True,,,,,,,,,,,,,,,,
1,Apple iPhone 12 64GB Black (Unlocked) -  Read Seller Notes,$159.99,2025-10-03,https://www.ebay.com/itm/127377531324,https://i.ebayimg.com/images/g/7vwAAeSwiFxoysXl/s-l500.webp,64 GB,Unknown,False,iPhone 12,True,,,,,,,,,,,,,,,,
1,Apple iPhone 12 64GB Red (Unlocked) -  Read Seller Notes,$179.99,2025-10-06,https://www.ebay.com/itm/127377601377,https://i.ebayimg.com/images/g/E80AAeSwvR5oys4R/s-l500.webp,64 GB,Unknown,False,iPhone 12,True,,,,,,,,,,,,,,,,
1,Apple iPhone 12 128GB White  (Unlocked) -  Read Seller Notes,$179.99,2025-10-01,https://www.ebay.com/itm/127377605405,https://i.ebayimg.com/images/g/NOwAAeSwxtFoys8c/s-l500.webp,128 GB,Unknown,False,iPhone 12,True,,,,,,,,,,,,,,,,
1,"Apple iPhone 12 64GB Unlocked 90%+ Battery 6.1"" (Blue) A2172 w/1 Year Warranty",$188.00,2025-10-16,https://www.ebay.com/itm/376607311566,https://i.ebayimg.com/images/g/GM4AAeSwlnto5r33/s-l500.webp,64 GB,Unknown,False,iPhone 12,True,,,,,,,,,,,,,,,,
1,Apple iPhone 12 128GB Factory Unlocked AT&T T-Mobile Verizon Excellent Condition,$232.95,2025-10-16,https://www.ebay.com/itm/294431988547,https://i.ebayimg.com/images/g/ahcAAOSw71plAHr-/s-l500.webp,128 GB,Excellent,False,iPhone 12,True,,,,,,,,,,,,,,,,
1,Apple iPhone 12 - 64GB 128GB 256GB - All Colors - Good Condition,$219.00,2025-10-16,https://www.ebay.com/itm/284798067246,https://i.ebayimg.com/images/g/KK8AAOSwg4FiawAp/s-l500.webp,64 GB,Good,False,iPhone 12,True,,,,,,,,,,,,,,,,
1,APPLE iPHONE 12 64GB 128GB 256GB - FACTORY UNLOCKED - EXCELLENT REFURBISHED,$252.43,2025-10-16,https://www.ebay.com/itm/388940369076,https://i.ebayimg.com/images/g/47EAAOSwCDRmsT0Q/s-l500.webp,64 GB,Unknown,False,iPhone 12,True,,,,,,,,,,,,,,,,
1,Apple iPhone 12 64GB - Green - Unlocked -  Good Refurbished,$180.00,2025-10-15,https://www.ebay.com/itm/227000830149,https://i.ebayimg.com/images/g/2ZIAAeSwGyxo2-nK/s-l500.webp,64 GB,Good,False,iPhone 12,True,,,,,,,,,,,,,,,,
1,"Apple iPhone 12 64GB Unlocked 6.1"" - (White) A2172 w/1 Year Warranty",$188.10,2025-10-15,https://www.ebay.com/itm/146787285544,https://i.ebayimg.com/images/g/k9UAAeSwmnxoqJY1/s-l500.webp,64 GB,Unknown,False,iPhone 12,True,,,,,,,,,,,,,,,,
1,"Apple iPhone 12 (2020) BLACK 64GB 6.1"" Unlocked Cell Phone - MGFL3LL/A A2172 - B",$194.99,2025-10-15,https://www.ebay.com/itm/197718898185,https://i.ebayimg.com/images/g/7x8AAeSw5C5o0ZIV/s-l500.webp,64 GB,Unknown,False,iPhone 12,True,,,,,,,,,,,,,,,,
1,BUNDLE Apple iPhone 12 128GB 5G Black (AT&T Unlocked GSM) T-Mobile VERY GOOD,$234.55,2025-10-15,https://www.ebay.com/itm/187398077313,https://i.ebayimg.com/images/g/NrsAAeSwXP9oXxK7/s-l500.webp,128 GB,Unknown,False,iPhone 12,True,,,,,,,,,,,,,,,,
1,Apple iPhone 12 256GB Factory Unlocked AT&T T-Mobile Verizon Very Good Condition,$242.95,2025-10-15,https://www.ebay.com/itm/304164503660,https://i.ebayimg.com/images/g/eWUAAOSwWL9lAHq0/s-l500.webp,256 GB,Very Good,False,iPhone 12,True,,,,,,,,,,,,,,,,
1,Apple iPhone 12 128GB Factory Unlocked AT&T T-Mobile Verizon Good Condition,$206.95,2025-10-15,https://www.ebay.com/itm/304185295459,https://i.ebayimg.com/images/g/b0EAAOSw6z9lAHug/s-l500.webp,128 GB,Good,False,iPhone 12,True,,,,,,,,,,,,,,,,
1,Apple iPhone 12 Blue 64GB Good - Refurbished  - Unlocked,$179.99,2025-10-15,https://www.ebay.com/itm/127198132908,https://i.ebayimg.com/images/g/U~AAAeSwsWpo75rV/s-l500.webp,64 GB,Good,False,iPhone 12,True,,,,,,,,,,,,,,,,
1,Apple iPhone 12 128GB Unlocked Good Condition - All Colors,$219.99,2025-10-15,https://www.ebay.com/itm/276216614121,https://i.ebayimg.com/images/g/n9UAAOSwYU1lcmBs/s-l500.webp,128 GB,Good,False,iPhone 12,True,,,,,,,,,,,,,,,,
1,Apple iPhone 12 A2172 64GB Factory Unlocked (CDMA/GSM) Black - VERY GOOD REFURB,$189.99,2025-10-15,https://www.ebay.com/itm/186214646201,https://i.ebayimg.com/images/g/FOEAAOSwKfFkwsvy/s-l500.webp,64 GB,Unknown,False,iPhone 12,True,,,,,,,,,,,,,,,,
1,Apple iPhone 12 Unlocked 64GB 128GB 256GB Pristine Condition iOS Smartphone,$237.72,2025-10-14,https://www.ebay.com/itm/267420211593,https://i.ebayimg.com/images/g/G0AAAeSwT25o2qXK/s-l500.webp,64 GB,Unknown,False,iPhone 12,True,,,,,,,,,,,,,,,,
1,Apple iPhone 12 - 128GB - Fully Unlocked - EXCELLENT Condition,$230.99,2025-10-14,https://www.ebay.com/itm/226643540005,https://i.ebayimg.com/images/g/n7MAAOSwoBNlQpmj/s-l500.webp,128 GB,Unknown,False,iPhone 12,True,,,,,,,,,,,,,,,,
2,Apple iPhone 12 128GB Fully Unlocked Purple - Grade B,$343.49,2025-10-14,https://www.ebay.com/itm/305843253945,https://i.ebayimg.com/images/g/1AUAAOSwvWBnEFkp/s-l500.webp,128 GB,Unknown,False,iPhone 12,True,,,,,,,,,,,,,,,,
2,Apple iPhone 12 5G 64GB 128GB 256GB Fully Unlocked GSM CDMA Grade A,$209.99,2025-10-14,https://www.ebay.com/itm/286574048267,https://i.ebayimg.com/images/g/HLUAAOSwljBgDyfJ/s-l500.webp,64 GB,Unknown,False,iPhone 12,True,,,,,,,,,,,,,,,,
2,Apple iPhone 12 Red 128GB Excellent - Refurbished  - Unlocked,$223.99,2025-10-14,https://www.ebay.com/itm/127354101301,https://i.ebayimg.com/images/g/UBEAAeSwdOdo7rNX/s-l500.webp,128 GB,Excellent,False,iPhone 12,True,,,,,,,,,,,,,,,,
2,"Apple iPhone 12 6.1"" Unlocked 64GB A2172 - (Black) w/1 Year Warranty",$195.00,2025-10-13,https://www.ebay.com/itm/146523401636,https://i.ebayimg.com/images/g/GpsAAOSwSmNoACpl/s-l500.webp,64 GB,Unknown,False,iPhone 12,True,,,,,,,,,,,,,,,,
2,"Apple iPhone 12, 256GB Blue [Unlocked] Excellent Condition",$556.27,2025-04-05,https://www.ebay.com/itm/388078012953,https://i.ebayimg.com/images/g/UqwAAeSwkHhn0z66/s-l500.webp,256 GB,Excellent,False,iPhone 12,True,,,,,,,,,,,,,,,,
2,"Apple iPhone 12, 128GB Purple [Unlocked] Excellent Condition",$312.35,2025-03-23,https://www.ebay.com/itm/388077990907,https://i.ebayimg.com/images/g/UWQAAeSwpFhn0zzj/s-l500.webp,128 GB,Excellent,False,iPhone 12,True,,,,,,,,,,,,,,,,
2,Apple iPhone 12 5G 64GB Blue Factory Unlocked MGF73LL/A iOS Smartphone,$229.00,2025-10-12,https://www.ebay.com/itm/336165261289,https://i.ebayimg.com/images/g/iV4AAeSwuFtovKzP/s-l500.webp,64 GB,Unknown,False,iPhone 12,True,,,,,,,,,,,,,,,,
2,Apple iPhone 12 - 64GB - GSM & CDMA UNLOCKED 5G LTE DEVICE-ALL COLORS~VERY GOOD!,$202.99,2025-08-27,https://www.ebay.com/itm/326450461012,https://i.ebayimg.com/images/g/sLQAAOSwhTdhdwOs/s-l500.webp,64 GB,Unknown,False,iPhone 12,True,,,,,,,,,,,,,,,,
2,Apple iPhone 12 128GB Factory Unlocked AT&T T-Mobile Verizon Very Good Refurbish,$220.99,2025-10-11,https://www.ebay.com/itm/187038384226,https://i.ebayimg.com/images/g/GtwAAOSw7yBn0dCc/s-l500.webp,128 GB,Very Good,False,iPhone 12,True,,,,,,,,,,,,,,,,
2,Apple iPhone 12 256GB Unlocked Good Condition - All Colors,$239.99,2025-10-11,https://www.ebay.com/itm/276216614429,https://i.ebayimg.com/images/g/YUYAAOSwAGRlcmCT/s-l500.webp,256 GB,Good,False,iPhone 12,True,,,,,,,,,,,,,,,,
2,Apple iPhone 12 - 64GB Black Factory Unlocked - GOOD Condition,$179.99,2025-04-01,https://www.ebay.com/itm/176838699859,https://i.ebayimg.com/images/g/Bc0AAOSwBEVnq19~/s-l500.webp,64 GB,Unknown,False,iPhone 12,True,,,,,,,,,,,,,,,,
2,Apple iPhone 12 - 64GB Black Factory Unlocked - VERY GOOD Condition,$199.99,2025-04-02,https://www.ebay.com/itm/176838682644,https://i.ebayimg.com/images/g/Bc0AAOSwBEVnq19~/s-l500.webp,64 GB,Unknown,False,iPhone 12,True,,,,,,,,,,,,,,,,
2,"Apple iPhone 12 128GB Unlocked 6.1"" (White) A2172 w/1 Year Warranty",$209.01,2025-10-10,https://www.ebay.com/itm/357715861562,https://i.ebayimg.com/images/g/FaMAAeSwJ-Jo5Yva/s-l500.webp,128 GB,Unknown,False,iPhone 12,True,,,,,,,,,,,,,,,,
2,Apple iPhone 12 - 128GB - Factory Unlocked - Very Good Condition,$234.99,2025-10-10,https://www.ebay.com/itm/114990614849,https://i.ebayimg.com/images/g/iXgAAOSwYqxhP6aN/s-l500.webp,128 GB,Very Good,False,iPhone 12,True,,,,,,,,,,,,,,,,
2,Apple iPhone 12 64GB 128GB 256GB Unlocked Smartphone - Good,$179.99,2025-10-10,https://www.ebay.com/itm/156833155405,https://i.ebayimg.com/images/g/N5cAAOSwalJnv4NH/s-l500.webp,64 GB,Good,False,iPhone 12,True,,,,,,,,,,,,,,,,
2,Apple iPhone 12 128GB - Blue - Unlocked - Good Refurbished,$170.00,2025-10-10,https://www.ebay.com/itm/226922292700,https://i.ebayimg.com/images/g/B9MAAeSwZlBon1Ej/s-l500.webp,128 GB,Good,False,iPhone 12,True,,,,,,,,,,,,,,,,
2,Apple iPhone 12 64GB Factory Unlocked AT&T T-Mobile Verizon Good Condition,$187.96,2025-04-09,https://www.ebay.com/itm/187127864474,https://i.ebayimg.com/images/g/19AAAOSwCHhlaWsT/s-l500.webp,64 GB,Good,False,iPhone 12,True,,,,,,,,,,,,,,,,
2,Apple iPhone 12 64GB Factory Unlocked iOS Smartphone - Black MGEF3LL/A 2020,$189.00,2025-10-09,https://www.ebay.com/itm/306475518514,https://i.ebayimg.com/images/g/Z2AAAeSwhJho3qun/s-l500.webp,64 GB,Unknown,False,iPhone 12,True,,,,,,,,,,,,,,,,
2,Apple iPhone 12 128GB Factory Unlocked AT&T T-Mobile Verizon Good Refurbish,$206.99,2025-10-09,https://www.ebay.com/itm/187038461281,https://i.ebayimg.com/images/g/GtwAAOSw7yBn0dCc/s-l500.webp,128 GB,Good,False,iPhone 12,True,,,,,,,,,,,,,,,,
2,Apple iPhone 12 A2172 Unlocked 64GB Green Good,$174.88,2025-10-07,https://www.ebay.com/itm/197694828982,https://i.ebayimg.com/images/g/zRQAAeSwNv5oxaJe/s-l500.webp,64 GB,Good,False,iPhone 12,True,,,,,,,,,,,,,,,,
2,"Apple iPhone 12 128GB Unlocked 90%+ Battery 6.1"" (Black) A2172 w/1 Year Warranty",$236.00,2025-10-07,https://www.ebay.com/itm/357715842043,https://i.ebayimg.com/images/g/mqMAAeSwsnBo5YjD/s-l500.webp,128 GB,Unknown,False,iPhone 12,True,,,,,,,,,,,,,,,,
2,Apple iPhone 12 Green 128GB Good - Refurbished  - Unlocked,$201.99,2025-10-07,https://www.ebay.com/itm/127198133639,https://i.ebayimg.com/images/g/~UwAAeSwcIFo5RMm/s-l500.webp,128 GB,Good,False,iPhone 12,True,,,,,,,,,,,,,,,,
2,Apple iPhone 12  64GB-256GB - Fully Unlocked - EXCELLENT Condition,$224.99,2025-10-07,https://www.ebay.com/itm/225848507337,https://i.ebayimg.com/images/g/n7MAAOSwoBNlQpmj/s-l500.webp,64 GB,Unknown,False,iPhone 12,True,,,,,,,,,,,,,,,,
2,Apple iPhone 12 - 64GB 128GB 256GB - All Colors - Very Good Condition,$186.00,2025-10-07,https://www.ebay.com/itm/284798065110,https://i.ebayimg.com/images/g/KK8AAOSwg4FiawAp/s-l500.webp,64 GB,Very Good,False,iPhone 12,True,,,,,,,,,,,,,,,,
2,Apple iPhone 12 - 5G - 128GB Factory Unlocked GSM + CDMA - EXCELLENT,$219.48,2025-10-07,https://www.ebay.com/itm/134411668661,https://i.ebayimg.com/images/g/P-UAAOSw84thmUOJ/s-l500.webp,128 GB,Unknown,False,iPhone 12,True,,,,,,,,,,,,,,,,
2,Apple iPhone 12 - 64GB 128GB 256GB - Factory Unlocked - All Colors - Excellent,$219.85,2025-03-27,https://www.ebay.com/itm/204531369708,https://i.ebayimg.com/images/g/9I4AAOSwOqJlpZen/s-l500.webp,64 GB,Excellent,False,iPhone 12,True,,,,,,,,,,,,,,,,
2,Apple iPhone 12 - 128GB - Factory Unlocked - All Colors - Very Good,$229.85,2025-03-19,https://www.ebay.com/itm/186154091426,https://i.ebayimg.com/images/g/MJ8AAOSwDjBlpr60/s-l500.webp,128 GB,Very Good,False,iPhone 12,True,,,,,,,,,,,,,,,,
2,Apple iPhone 12 - 256GB - Factory Unlocked - All Colors - Excellent,$279.85,2024-06-29,https://www.ebay.com/itm/204531282935,https://i.ebayimg.com/images/g/cMYAAOSwgAhlpr87/s-l500.webp,256 GB,Excellent,False,iPhone 12,True,,,,,,,,,,,,,,,,
2,Apple iPhone 12 - 128GB - Factory Unlocked - All Colors - Excellent,$249.85,2024-11-30,https://www.ebay.com/itm/204531278672,https://i.ebayimg.com/images/g/XnIAAOSwovhlpr~W/s-l500.webp,128 GB,Excellent,False,iPhone 12,True,,,,,,,,,,,,,,,,
2,Apple iPhone 12 Fully Unlocked - 128GB - 6.1inches - Good,$211.00,2025-10-06,https://www.ebay.com/itm/146441142117,https://i.ebayimg.com/images/g/TpAAAOSwYb1nzz12/s-l500.webp,128 GB,Good,False,iPhone 12,True,,,,,,,,,,,,,,,,
2,Apple iPhone 12 64GB 5G WHITE (AT&T UNLOCKED) Smartphone EXCELLENT,$243.55,2025-03-13,https://www.ebay.com/itm/226335059216,https://i.ebayimg.com/images/g/nxAAAOSwjYVkejif/s-l500.webp,64 GB,Unknown,False,iPhone 12,True,,,,,,,,,,,,,,,,
2,Apple iPhone 12 - 256GB - Red (Unlocked) A2402 - Very Good Condition,$290.99,2025-03-16,https://www.ebay.com/itm/306159439080,https://i.ebayimg.com/images/g/WcEAAOSwT5hnyBsY/s-l500.webp,256 GB,Very Good,False,iPhone 12,True,,,,,,,,,,,,,,,,
2,Apple iPhone 12 64GB GSM/CDMA Fully Unlocked - Blue - Good,$269.99,2024-08-19,https://www.ebay.com/itm/395182811334,https://i.ebayimg.com/images/g/LJ4AAOSwKJBlwRBK/s-l500.webp,64 GB,Good,False,iPhone 12,True,,,,,,,,,,,,,,,,
2,"Apple iPhone 12 6.1"" Factory Unlocked (Any Carrier) 64GB 128GB 256GB Very Good",$244.99,2025-10-03,https://www.ebay.com/itm/356568965637,https://i.ebayimg.com/images/g/V2UAAOSwXZphKX2x/s-l500.webp,64 GB,Very Good,False,iPhone 12,True,,,,,,,,,,,,,,,,
2,Apple iPhone 12 128GB Unlocked Very Good Condition - All Colors,$229.99,2025-10-03,https://www.ebay.com/itm/285597003415,https://i.ebayimg.com/images/g/pdIAAOSw~vRlcl-u/s-l500.webp,128 GB,Very Good,False,iPhone 12,True,,,,,,,,,,,,,,,,
2,Apple iPhone 12 White 64GB Good - Refurbished  - Unlocked,$180.99,2025-10-03,https://www.ebay.com/itm/127408493875,https://i.ebayimg.com/images/g/4I4AAeSweIJo3yc7/s-l500.webp,64 GB,Good,False,iPhone 12,True,,,,,,,,,,,,,,,,
2,Apple iPhone 12 A2172 Unlocked 64GB Blue Very Good,$198.84,2025-10-02,https://www.ebay.com/itm/176487694751,https://i.ebayimg.com/images/g/GacAAOSwqfJmoP2G/s-l500.webp,64 GB,Very Good,False,iPhone 12,True,,,,,,,,,,,,,,,,
2,Apple iPhone 12 64GB A2172 AT&T Unlocked Verizon T-Mobile GSM/CDMA — Excellent,$204.00,2025-10-02,https://www.ebay.com/itm/257121146381,https://i.ebayimg.com/images/g/Ko8AAeSwNh9o00pT/s-l500.webp,64 GB,Excellent,False,iPhone 12,True,,,,,,,,,,,,,,,,
2,Apple iPhone 12 Green 64GB Very Good - Refurbished  - Unlocked,$193.99,2025-10-02,https://www.ebay.com/itm/127195090936,https://i.ebayimg.com/images/g/ctkAAeSwj71o9tug/s-l500.webp,64 GB,Very Good,False,iPhone 12,True,,,,,,,,,,,,,,,,
2,Apple iPhone 12 Blue 128GB Good - Refurbished  - Unlocked,$207.99,2025-10-02,https://www.ebay.com/itm/127396721935,https://i.ebayimg.com/images/g/jc4AAeSwR1No3qHO/s-l500.webp,128 GB,Good,False,iPhone 12,True,,,,,,,,,,,,,,,,
2,Apple iPhone 12 Black 64GB Very Good - Refurbished  - Unlocked,$190.99,2025-10-02,https://www.ebay.com/itm/127264771173,https://i.ebayimg.com/images/g/UD0AAeSwHM1o3tBC/s-l500.webp,64 GB,Very Good,False,iPhone 12,True,,,,,,,,,,,,,,,,
2,Apple iPhone 12 64GB 128GB 256GB Unlocked [AU Stock] Excellent Condition,$252.38,2025-10-01,https://www.ebay.com/itm/388025543257,https://i.ebayimg.com/images/g/I1UAAOSw7EhnxUEv/s-l500.webp,64 GB,Excellent,False,iPhone 12,True,,,,,,,,,,,,,,,,
2,Apple iPhone 12 256GB Network Unlocked Excellent Condition,$254.95,2025-10-01,https://www.ebay.com/itm/354520061464,https://i.ebayimg.com/images/g/mfYAAOSwpkZjcr3N/s-l500.webp,256 GB,Excellent,False,iPhone 12,True,,,,,,,,,,,,,,,,
2,Apple iPhone 12 - 128GB - Fully Unlocked (2020),$264.99,2025-09-30,https://www.ebay.com/itm/126910955474,https://i.ebayimg.com/images/g/d-4AAOSwMyhnm3qj/s-l500.webp,128 GB,Unknown,False,iPhone 12,True,,,,,,,,,,,,,,,,
2,Apple iPhone 12 - 256GB - Black - Fully Unlocked 5G - Visible Scratches (Good),$274.95,2024-12-23,https://www.ebay.com/itm/267048039932,https://i.ebayimg.com/images/g/Xi8AAOSwttlnI7J5/s-l500.webp,256 GB,Good,False,iPhone 12,True,,,,,,,,,,,,,,,,
2,Apple iPhone 12 Red 64GB Excellent - Refurbished  - Unlocked,$203.99,2025-09-29,https://www.ebay.com/itm/127309135595,https://i.ebayimg.com/images/g/qCUAAeSwjmBo9S2y/s-l500.webp,64 GB,Excellent,False,iPhone 12,True,,,,,,,,,,,,,,,,
2,"Apple iPhone 12 256GB Unlocked 6.1"" (Black) - A2172 w/1 Year Warranty",$247.00,2025-09-29,https://www.ebay.com/itm/357636870252,https://i.ebayimg.com/images/g/nwMAAeSweaJozDxr/s-l500.webp,256 GB,Unknown,False,iPhone 12,True,,,,,,,,,,,,,,,,
2,Apple iPhone 12 64GB 5G LTE Carrier Unlocked Smartphone - Good Condition,$192.99,2025-03-06,https://www.ebay.com/itm/176139017637,https://i.ebayimg.com/images/g/wFkAAOSwwhxjaqUV/s-l500.webp,64 GB,Good,False,iPhone 12,True,,,,,,,,,,,,,,,,
2,Apple iPhone 12 Unlocked 64GB 128GB 256GB Pristine Condition iOS Smartphone,$237.72,2025-09-28,https://www.ebay.com/itm/267388471245,https://i.ebayimg.com/images/g/hBQAAeSwimdouBzw/s-l500.webp,64 GB,Unknown,False,iPhone 12,True,,,,,,,,,,,,,,,,
2,Apple iPhone 12 - 64GB (Unlocked) - All Colors with Accessories,$221.17,2025-09-25,https://www.ebay.com/itm/115921820725,https://i.ebayimg.com/images/g/CJ0AAOSwnzhn5XDu/s-l500.webp,64 GB,Unknown,False,iPhone 12,True,,,,,,,,,,,,,,,,
2,Apple iPhone 12 A2172 64GB Network Unlocked - Excellent Smartphone Black,$199.99,2025-09-28,https://www.ebay.com/itm/156959079629,https://i.ebayimg.com/images/g/F7oAAeSwRkRoxEOA/s-l500.webp,64 GB,Excellent,False,iPhone 12,True,,,,,,,,,,,,,,,,
2,"Apple iPhone 12 (2020) Unlocked 6.1"" A2172 (Black) 128 GB (Good)",$194.99,2025-09-28,https://www.ebay.com/itm/205740299465,https://i.ebayimg.com/images/g/5YkAAeSwpAFo0Zqt/s-l500.webp,128 GB,Good,False,iPhone 12,True,,,,,,,,,,,,,,,,
2,"Apple iPhone 12 256GB Unlocked 6.1"" (Blue) A2172 w/1 Year Warranty",$219.02,2025-09-28,https://www.ebay.com/itm/357632862530,https://i.ebayimg.com/images/g/uUMAAeSwJFpoy0V2/s-l500.webp,256 GB,Unknown,False,iPhone 12,True,,,,,,,,,,,,,,,,
2,Apple iPhone 12 Black 128GB Unlocked - Orange Tint - Very Good Condition,$199.99,2025-09-27,https://www.ebay.com/itm/297583852259,https://i.ebayimg.com/images/g/~kUAAeSwlXVotzmO/s-l500.webp,128 GB,Very Good,False,iPhone 12,True,,,,,,,,,,,,,,,,
2,Apple iPhone 12 - 64GB - Black (Unlocked) - Very Good Condition,$199.99,2025-09-26,https://www.ebay.com/itm/306501856629,https://i.ebayimg.com/images/g/Z9EAAeSwQypoyElj/s-l500.webp,64 GB,Very Good,False,iPhone 12,True,,,,,,,,,,,,,,,,
2,Apple iPhone 12 - Unlocked - ALL COLORS & CAPACITY - Very Good Condition,$239.99,2025-09-26,https://www.ebay.com/itm/165836314229,https://i.ebayimg.com/images/g/B-kAAOSwUf1mu9Da/s-l500.webp,Unknown,Very Good,False,iPhone 12,True,,,,,,,,,,,,,,,,
2,"Apple iPhone 12, 64GB Blue [Unlocked] Good Condition",$251.72,2025-03-13,https://www.ebay.com/itm/388003717309,https://i.ebayimg.com/images/g/MpEAAeSwrppnv2vh/s-l500.webp,64 GB,Good,False,iPhone 12,True,,,,,,,,,,,,,,,,
2,Apple iPhone 12 64GB - Fully Unlocked - ALL CARRIERS - GOOD Condition!!!,$189.99,2025-09-26,https://www.ebay.com/itm/225864352443,https://i.ebayimg.com/images/g/xOgAAOSwlodlTRoJ/s-l500.webp,64 GB,Unknown,False,iPhone 12,True,,,,,,,,,,,,,,,,
2,"Apple iPhone 12 (2020) BLUE 128GB 6.1"" Unlocked Cell Phone - MGGE3LL/A A2172  B",$224.99,2025-09-26,https://www.ebay.com/itm/205740280632,https://i.ebayimg.com/images/g/bCQAAeSwxGVo0Zg3/s-l500.webp,128 GB,Unknown,False,iPhone 12,True,,,,,,,,,,,,,,,,
2,Apple iPhone 12 Blue 256GB Good - Refurbished  - Unlocked,$226.99,2025-09-25,https://www.ebay.com/itm/127363505712,https://i.ebayimg.com/images/g/IdwAAeSwMlNo0fkb/s-l500.webp,256 GB,Good,False,iPhone 12,True,,,,,,,,,,,,,,,,
2,Apple iPhone 12 128GB Unlocked - Good,$206.95,2025-09-25,https://www.ebay.com/itm/384982688661,https://i.ebayimg.com/images/g/jjoAAOSw2~dhS2Sd/s-l500.webp,128 GB,Good,False,iPhone 12,True,,,,,,,,,,,,,,,,
2,Apple iPhone 12 Black - 64GB Unlocked (NO FACE ID),$164.49,2025-03-26,https://www.ebay.com/itm/405694566648,https://i.ebayimg.com/images/g/ynwAAOSwfn1n4yJ8/s-l500.webp,64 GB,Unknown,False,iPhone 12,True,,,,,,,,,,,,,,,,
2,Apple iPhone 12 A2403 Unlocked 64GB Black Good,$174.88,2025-09-24,https://www.ebay.com/itm/197298675927,https://i.ebayimg.com/images/g/DDAAAeSwTERoHS9N/s-l500.webp,64 GB,Good,False,iPhone 12,True,,,,,,,,,,,,,,,,
2,Apple iPhone 12 64GB White - Unlocked Grade C,$174.99,2025-09-24,https://www.ebay.com/itm/406239013690,https://i.ebayimg.com/images/g/iSMAAeSw3VFo1Btj/s-l500.webp,64 GB,Unknown,False,iPhone 12,True,,,,,,,,,,,,,,,,
2,"Apple iPhone 12 128GB Unlocked 6.1"" - (Red) A2172 w/1 Year Warranty",$208.18,2025-09-24,https://www.ebay.com/itm/357637045028,https://i.ebayimg.com/images/g/rmcAAeSw8mlozEto/s-l500.webp,128 GB,Unknown,False,iPhone 12,True,,,,,,,,,,,,,,,,
2,Apple iPhone 12 256GB Unlocked Red Very Good,$295.88,2025-03-01,https://www.ebay.com/itm/335456367011,https://i.ebayimg.com/images/g/cEYAAOSww6tmeZYu/s-l500.webp,256 GB,Very Good,False,iPhone 12,True,,,,,,,,,,,,,,,,
2,Apple iPhone 12 A2172 64GB Blue Unlocked (CDMA + GSM) - MGF73LL/A,$189.99,2025-09-23,https://www.ebay.com/itm/187576789055,https://i.ebayimg.com/images/g/pDgAAOSwSEVk8jFe/s-l500.webp,64 GB,Unknown,False,iPhone 12,True,,,,,,,,,,,,,,,,
2,Apple iPhone 12 64GB -Fully Unlocked- 90% and Above Battery Health - VERY GOOD,$199.99,2025-09-23,https://www.ebay.com/itm/326276068879,https://i.ebayimg.com/images/g/obAAAOSw2IplMD~7/s-l500.webp,64 GB,Unknown,False,iPhone 12,True,,,,,,,,,,,,,,,,
2,Apple iPhone 12 64GB 5G Purple (Unlocked)Verizon AT&T Mobile Mint H2O VERY GOOD,$189.88,2025-09-23,https://www.ebay.com/itm/177369770292,https://i.ebayimg.com/images/g/zCcAAOSwxUNoGThR/s-l500.webp,64 GB,Unknown,False,iPhone 12,True,,,,,,,,,,,,,,,,
2,Apple iPhone 12 Purple 256GB Good - Refurbished  - Unlocked,$229.99,2025-08-22,https://www.ebay.com/itm/127198133717,https://i.ebayimg.com/images/g/J1wAAeSwDr9op1sS/s-l500.webp,256 GB,Good,False,iPhone 12,True,,,,,,,,,,,,,,,,
2,Apple iPhone 12 128GB 256GB Fully Unlocked 5G Smartphone - Good,$189.99,2025-09-21,https://www.ebay.com/itm/267113789281,https://i.ebayimg.com/images/g/ZR0AAOSwMbZndyGA/s-l500.webp,128 GB,Good,False,iPhone 12,True,,,,,,,,,,,,,,,,
2,Apple iPhone 12 Purple 256GB Excellent - Refurbished  - Unlocked,$254.99,2025-08-08,https://www.ebay.com/itm/127195090867,https://i.ebayimg.com/images/g/NKcAAeSwtQlomOjS/s-l500.webp,256 GB,Excellent,False,iPhone 12,True,,,,,,,,,,,,,,,,
2,Apple iPhone 12 Black 128GB Very Good - Refurbished  - Unlocked,$212.99,2025-09-20,https://www.ebay.com/itm/127378100718,https://i.ebayimg.com/images/g/y4AAAeSw58RozwOs/s-l500.webp,128 GB,Very Good,False,iPhone 12,True,,,,,,,,,,,,,,,,
2,Apple iPhone 12 64GB A2172 Factory Unlocked ATT T-Mobile Verizon Good Refurb,$182.99,2025-09-19,https://www.ebay.com/itm/205318519389,https://i.ebayimg.com/images/g/bloAAOSwN0dm4cBN/s-l500.webp,64 GB,Good,False,iPhone 12,True,,,,,,,,,,,,,,,,
2,Apple iPhone 12 64GB - Unlocked - A2172 - Black - Excellent A++ Flawless,$210.00,2025-09-19,https://www.ebay.com/itm/336032724509,https://i.ebayimg.com/images/g/40UAAOSw06BlsHIJ/s-l500.webp,64 GB,Excellent,False,iPhone 12,True,,,,,,,,,,,,,,,,
2,"Apple iPhone 12 64GB Unlocked 90%+ Battery 6.1"" (Blue) - A2172 w/1 Year Warranty",$224.22,2025-09-18,https://www.ebay.com/itm/146808766743,https://i.ebayimg.com/images/g/DicAAeSwEGFotwpU/s-l500.webp,64 GB,Unknown,False,iPhone 12,True,,,,,,,,,,,,,,,,
3,Apple iPhone 12 64GB 128GB - Unlocked Verizon AT&T Cricket T-Mobile - Very Good!,$214.95,2025-09-18,https://www.ebay.com/itm/276252295387,https://i.ebayimg.com/images/g/SLAAAOSwDP5ljIXV/s-l500.webp,64 GB,Very Good,False,iPhone 12,True,,,,,,,,,,,,,,,,
3,Apple iPhone 12 64GB Unlocked Purple Excellent Condition,$240.70,2025-09-16,https://www.ebay.com/itm/405610649718,https://i.ebayimg.com/images/g/gboAAOSw7PBnxwJ5/s-l500.webp,64 GB,Excellent,False,iPhone 12,True,,,,,,,,,,,,,,,,
3,Apple iPhone 12 Blue 128GB Good - Refurbished  - Unlocked,$201.99,2025-08-16,https://www.ebay.com/itm/127187183766,https://i.ebayimg.com/images/g/GigAAeSwWE9orw1S/s-l500.webp,128 GB,Good,False,iPhone 12,True,,,,,,,,,,,,,,,,
3,Apple iPhone 12 White 64GB Very Good - Refurbished  - Unlocked,$187.99,2025-07-29,https://www.ebay.com/itm/127187183301,https://i.ebayimg.com/images/g/vjsAAeSwQfNoiPqB/s-l500.webp,64 GB,Very Good,False,iPhone 12,True,,,,,,,,,,,,,,,,
3,Apple iPhone 12 256GB Factory Unlocked AT&T T-Mobile Verizon Very Good Refurbish,$253.99,2025-09-16,https://www.ebay.com/itm/205349122881,https://i.ebayimg.com/images/g/LeEAAOSwiKJn0dyR/s-l500.webp,256 GB,Very Good,False,iPhone 12,True,,,,,,,,,,,,,,,,
3,"Apple iPhone 12 64GB 6.1"" Fully Unlocked, Green",$189.99,2025-09-16,https://www.ebay.com/itm/306500265189,https://i.ebayimg.com/images/g/ALIAAeSww2toyIqx/s-l500.webp,64 GB,Unknown,False,iPhone 12,True,,,,,,,,,,,,,,,,
3,Apple iPhone 12 256GB Unlocked Very Good Condition - All Colors,$259.99,2025-09-15,https://www.ebay.com/itm/276216614363,https://i.ebayimg.com/images/g/f0sAAOSwVhZlcl--/s-l500.webp,256 GB,Very Good,False,iPhone 12,True,,,,,,,,,,,,,,,,
3,Apple iPhone 12 Blue 64GB Very Good - Refurbished  - Unlocked,$190.99,2025-09-14,https://www.ebay.com/itm/127354101265,https://i.ebayimg.com/images/g/PwgAAeSwRAZox5Nr/s-l500.webp,64 GB,Very Good,False,iPhone 12,True,,,,,,,,,,,,,,,,
3,Apple iPhone 12 Black 128GB Excellent - Refurbished  - Unlocked,$230.99,2025-09-14,https://www.ebay.com/itm/127359573881,https://i.ebayimg.com/images/g/2V4AAeSw0pJo31Ts/s-l500.webp,128 GB,Excellent,False,iPhone 12,True,,,,,,,,,,,,,,,,
3,Apple iPhone 12 256GB Unlocked - Good,$232.95,2025-09-14,https://www.ebay.com/itm/365372597993,https://i.ebayimg.com/images/g/jjoAAOSw2~dhS2Sd/s-l500.webp,256 GB,Good,False,iPhone 12,True,,,,,,,,,,,,,,,,
3,Apple iPhone 12 5G 64GB 128GB 256GB Fully Unlocked GSM CDMA Grade B+,$218.99,2025-09-13,https://www.ebay.com/itm/286573988258,https://i.ebayimg.com/images/g/HLUAAOSwljBgDyfJ/s-l500.webp,64 GB,Unknown,False,iPhone 12,True,,,,,,,,,,,,,,,,
3,Apple iPhone 12 - 128GB - Fully Unlocked - ALL CARRIERS - VERY GOOD Condition,$234.99,2025-09-12,https://www.ebay.com/itm/205368855976,https://i.ebayimg.com/images/g/OiYAAOSwkORluRJd/s-l500.webp,128 GB,Unknown,False,iPhone 12,True,,,,,,,,,,,,,,,,
3,Apple iPhone 12 Black 64GB Good - Refurbished  - Unlocked,$180.99,2025-09-12,https://www.ebay.com/itm/127354101401,https://i.ebayimg.com/images/g/3fEAAeSwdx9oxHeJ/s-l500.webp,64 GB,Good,False,iPhone 12,True,,,,,,,,,,,,,,,,
3,Apple iPhone 12 Black 64GB MGF43LL/A Unlocked Good Condition,$157.99,2025-09-12,https://www.ebay.com/itm/388900405379,https://i.ebayimg.com/images/g/cAkAAeSwBY9osiY-/s-l500.webp,64 GB,Good,False,iPhone 12,True,,,,,,,,,,,,,,,,
3,Apple iPhone 12 Black 64GB MGF43LL/A Unlocked Good Condition,$157.99,2025-09-12,https://www.ebay.com/itm/388900394734,https://i.ebayimg.com/images/g/Vg8AAeSwYg1osiaU/s-l500.webp,64 GB,Good,False,iPhone 12,True,,,,,,,,,,,,,,,,
3,Apple iPhone 12 128GB - Factory Unlocked - White MGFA3LL/A iOS Smartphone,$229.00,2025-09-11,https://www.ebay.com/itm/388943843418,https://i.ebayimg.com/images/g/jMAAAeSwAEJovwSY/s-l500.webp,128 GB,Unknown,False,iPhone 12,True,,,,,,,,,,,,,,,,
3,Apple iPhone 12 - 64GB-256GB - All Colors - Fully Unlocked - VERY GOOD Condition,$244.99,2025-09-11,https://www.ebay.com/itm/225193939297,https://i.ebayimg.com/images/g/47YAAOSw1DljPwE1/s-l500.webp,64 GB,Unknown,False,iPhone 12,True,,,,,,,,,,,,,,,,
3,Apple iPhone 12 Black 64GB MGF43LL/A Unlocked Good Condition,$166.99,2025-09-10,https://www.ebay.com/itm/388900375306,https://i.ebayimg.com/images/g/aLIAAeSwikJosiXL/s-l500.webp,64 GB,Good,False,iPhone 12,True,,,,,,,,,,,,,,,,
3,Apple iPhone 12 128GB Red A2172 MGFC3LL/A Unlocked Clean ESN Good (JF),$239.95,2025-09-10,https://www.ebay.com/itm/197627808562,https://i.ebayimg.com/images/g/-SUAAOSweq5mo5zZ/s-l500.webp,128 GB,Good,False,iPhone 12,True,,,,,,,,,,,,,,,,
3,Apple iPhone 12 Black 64GB MGEF3LL/A Unlocked Good Condition,$164.99,2025-09-10,https://www.ebay.com/itm/388899757450,https://i.ebayimg.com/images/g/7O8AAeSwrSlosfdP/s-l500.webp,64 GB,Good,False,iPhone 12,True,,,,,,,,,,,,,,,,
3,Apple iPhone 12 Red 64GB Very Good - Refurbished  - Unlocked,$190.99,2025-09-10,https://www.ebay.com/itm/127354101235,https://i.ebayimg.com/images/g/k~0AAeSwI5dov25T/s-l500.webp,64 GB,Very Good,False,iPhone 12,True,,,,,,,,,,,,,,,,
3,Apple iPhone 12 Black 128GB A2172 MGER3LL/A AT&T Clean ESN Used Very Good (JF),$206.95,2025-09-10,https://www.ebay.com/itm/197174364309,https://i.ebayimg.com/images/g/~UYAAOSw1UBi4Cj1/s-l500.webp,128 GB,Very Good,False,iPhone 12,True,,,,,,,,,,,,,,,,
3,Apple iPhone 12 Black 64GB MGF43LL/A Unlocked Good Condition,$166.99,2025-09-10,https://www.ebay.com/itm/388900375305,https://i.ebayimg.com/images/g/xQ8AAeSwtrNosiUa/s-l500.webp,64 GB,Good,False,iPhone 12,True,,,,,,,,,,,,,,,,
3,Apple iPhone 12 White 64GB MGF53LL/A Unlocked Good Condition,$161.99,2025-09-09,https://www.ebay.com/itm/388900348406,https://i.ebayimg.com/images/g/evAAAeSw1KposiKQ/s-l500.webp,64 GB,Good,False,iPhone 12,True,,,,,,,,,,,,,,,,
3,Apple iPhone 12 Blue 128GB Very Good - Refurbished  - Unlocked,$212.99,2025-09-09,https://www.ebay.com/itm/127354101323,https://i.ebayimg.com/images/g/Xq8AAeSwuU5owCwS/s-l500.webp,128 GB,Very Good,False,iPhone 12,True,,,,,,,,,,,,,,,,
3,Apple iPhone 12 White 64GB MGF53LL/A Unlocked Excellent Condition,$179.99,2025-09-09,https://www.ebay.com/itm/388900354624,https://i.ebayimg.com/images/g/ggIAAeSw4YJosiP2/s-l500.webp,64 GB,Excellent,False,iPhone 12,True,,,,,,,,,,,,,,,,
3,Apple iPhone 12 64GB Factory Unlocked iOS Smartphone - Black MGEF3LL/A 2020,$209.00,2025-09-09,https://www.ebay.com/itm/388905609919,https://i.ebayimg.com/images/g/V1QAAeSwR3Nos8uT/s-l500.webp,64 GB,Unknown,False,iPhone 12,True,,,,,,,,,,,,,,,,
3,Apple iPhone 12 Unlocked (A2172) - Excellent Condition,$244.99,2025-09-08,https://www.ebay.com/itm/154813177667,https://i.ebayimg.com/images/g/uGAAAOSwTdZmu9DW/s-l500.webp,Unknown,Excellent,False,iPhone 12,True,,,,,,,,,,,,,,,,
3,Apple iPhone 12 5G 64GB Factory Unlocked - Blue NGF73LL/A iOS Smartphone,$199.00,2025-09-08,https://www.ebay.com/itm/336168222382,https://i.ebayimg.com/images/g/aH8AAeSwxLVovxjl/s-l500.webp,64 GB,Unknown,False,iPhone 12,True,,,,,,,,,,,,,,,,
3,Apple iPhone 12 5G 64GB Blue Factory Unlocked MGF73LL/A iOS Smartphone,$169.00,2025-09-08,https://www.ebay.com/itm/388899141766,https://i.ebayimg.com/images/g/JOAAAeSwZLFoscGj/s-l500.webp,64 GB,Unknown,False,iPhone 12,True,,,,,,,,,,,,,,,,
3,Apple iPhone 12 256 GB Unlocked Blue Non-US Canada MGJ33VC/A Condition Very Good,$265.85,2025-09-05,https://www.ebay.com/itm/388656039084,https://i.ebayimg.com/images/g/dcsAAeSwlxNocTFJ/s-l500.webp,256 GB,Very Good,False,iPhone 12,True,,,,,,,,,,,,,,,,
3,Apple iPhone 12 Black 64GB MGF43ll/a Unlocked Very Good Condition,$183.99,2025-09-07,https://www.ebay.com/itm/388900371883,https://i.ebayimg.com/images/g/hgkAAeSwZVVosiXE/s-l500.webp,64 GB,Very Good,False,iPhone 12,True,,,,,,,,,,,,,,,,
3,Apple iPhone 12 Black 64GB MGF43LL/A Unlocked Good Condition,$176.99,2025-09-06,https://www.ebay.com/itm/388899721202,https://i.ebayimg.com/images/g/k54AAeSw-MBosfQg/s-l500.webp,64 GB,Good,False,iPhone 12,True,,,,,,,,,,,,,,,,
3,Apple iPhone 12 5G 256GB Factory Unlocked Smartphone Good (1-Year Warranty),$239.99,2025-09-05,https://www.ebay.com/itm/197674823057,https://i.ebayimg.com/images/g/sQcAAOSwWqVk59vM/s-l500.webp,256 GB,Good,False,iPhone 12,True,,,,,,,,,,,,,,,,
3,iPhone 12 64gb Black - Unlocked,$160.00,2025-09-05,https://www.ebay.com/itm/406116949133,https://i.ebayimg.com/images/g/Zv0AAeSwT3tolPBm/s-l500.webp,64 GB,Unknown,False,iPhone 12,True,,,,,,,,,,,,,,,,
3,iPhone 12 64gb Black - Unlocked *Read Desc*,$145.00,2025-09-05,https://www.ebay.com/itm/406116952109,https://i.ebayimg.com/images/g/Z9MAAeSwyWVolNIS/s-l500.webp,64 GB,Unknown,False,iPhone 12,True,,,,,,,,,,,,,,,,
3,iPhone 12 - Factory Unlocked - 64GB - Red - Good,$180.00,2025-09-05,https://www.ebay.com/itm/285687001302,https://i.ebayimg.com/images/g/n64AAOSwrnJlwQbX/s-l500.webp,64 GB,Good,False,iPhone 12,True,,,,,,,,,,,,,,,,
3,Apple iPhone 12 Unlocked 64GB 128GB 256GB Good Condition iOS Smartphone,$213.68,2025-09-05,https://www.ebay.com/itm/267321551225,https://i.ebayimg.com/images/g/WOwAAeSwUopouBzo/s-l500.webp,64 GB,Good,False,iPhone 12,True,,,,,,,,,,,,,,,,
3,Apple iPhone 12 - 64GB-256GB - Fully Unlocked - VERY Good Condition,$264.99,2025-09-04,https://www.ebay.com/itm/225745686971,https://i.ebayimg.com/images/g/PyEAAOSwimhk95aI/s-l500.webp,64 GB,Good,False,iPhone 12,True,,,,,,,,,,,,,,,,
3,Apple iPhone 12 64GB 128GB Unlocked - All Colors Refurbished - GOOD,$204.99,2025-09-04,https://www.ebay.com/itm/177238925807,https://i.ebayimg.com/images/g/DW8AAeSwZahoZaBy/s-l500.webp,64 GB,Unknown,False,iPhone 12,True,,,,,,,,,,,,,,,,
3,"Apple iPhone 12 64GB Black Fully Unlocked, 90%+ Battery Very Good Condition",$220.00,2025-09-04,https://www.ebay.com/itm/335780009466,https://i.ebayimg.com/images/g/K68AAOSwlOlntEoP/s-l500.webp,64 GB,Very Good,False,iPhone 12,True,,,,,,,,,,,,,,,,
3,"Apple iPhone 12 6.1"" (Unlocked) 128 GB iOS Black",$208.99,2025-09-04,https://www.ebay.com/itm/157293714322,https://i.ebayimg.com/images/g/dhcAAeSwKntouHC9/s-l500.webp,128 GB,Unknown,False,iPhone 12,True,,,,,,,,,,,,,,,,
3,"Apple iPhone 12 6.1"" (Unlocked) 64 GB iOS Dark Blue",$189.99,2025-09-03,https://www.ebay.com/itm/155919904491,https://i.ebayimg.com/images/g/BPcAAeSwtt9ouSpe/s-l500.webp,64 GB,Unknown,False,iPhone 12,True,,,,,,,,,,,,,,,,
3,Apple iPhone 12 128GB Unlocked Excellent Condition - All Colors,$259.99,2025-09-03,https://www.ebay.com/itm/276216380080,https://i.ebayimg.com/images/g/~G8AAOSw2WRmjZnf/s-l500.webp,128 GB,Excellent,False,iPhone 12,True,,,,,,,,,,,,,,,,
3,Apple iPhone 12 64GB(PRODUCT)RED (Unlocked)Verizon T-Mobile ATT BOX VERY GOOD,$199.88,2025-09-03,https://www.ebay.com/itm/177348604080,https://i.ebayimg.com/images/g/Tb8AAeSwC8Zoh~ah/s-l500.webp,64 GB,Unknown,False,iPhone 12,True,,,,,,,,,,,,,,,,
3,Apple iPhone 12 - 256GB - Factory Unlocked - Black Color - Good,$245.00,2025-09-02,https://www.ebay.com/itm/126706526820,https://i.ebayimg.com/images/g/I2MAAOSwBFRnAC-T/s-l500.webp,256 GB,Good,False,iPhone 12,True,,,,,,,,,,,,,,,,
3,Apple iPhone 12 64GB 128GB 256GB Pristine Condition iOS Smartphone Smartphone,$237.72,2025-09-01,https://www.ebay.com/itm/267321551228,https://i.ebayimg.com/images/g/yM8AAeSwV9RolHxZ/s-l500.webp,64 GB,Unknown,False,iPhone 12,True,,,,,,,,,,,,,,,,
3,Apple iPhone 12 A14 64GB 5G Black Factory Unlocked MGF43LL/A iOS Smartphone,$179.00,2025-08-31,https://www.ebay.com/itm/306475532000,https://i.ebayimg.com/images/g/gwkAAeSwIppos9g6/s-l500.webp,64 GB,Unknown,False,iPhone 12,True,,,,,,,,,,,,,,,,
3,Apple iPhone 12 256GB Unlocked Excellent Condition - All Colors,$309.99,2025-08-31,https://www.ebay.com/itm/276216380517,https://i.ebayimg.com/images/g/BuEAAOSw1d1lcit2/s-l500.webp,256 GB,Excellent,False,iPhone 12,True,,,,,,,,,,,,,,,,
3,Apple iPhone 12 64GB 5G Blue (AT&T/GSM UNLOCKED) T-Mobile Smartphone VERY GOOD,$197.55,2025-08-30,https://www.ebay.com/itm/187203748541,https://i.ebayimg.com/images/g/HI0AAOSw1S9oG8Y6/s-l500.webp,64 GB,Unknown,False,iPhone 12,True,,,,,,,,,,,,,,,,
3,Apple iPhone 12 5G 64GB 128GB 256GB Fully Unlocked Excellent Grade,$199.99,2025-08-29,https://www.ebay.com/itm/286574068462,https://i.ebayimg.com/images/g/HLUAAOSwljBgDyfJ/s-l500.webp,64 GB,Excellent,False,iPhone 12,True,,,,,,,,,,,,,,,,
3,Apple iPhone 12 - 64GB - Fully Unlocked (2020),$214.99,2025-08-29,https://www.ebay.com/itm/127033318106,https://i.ebayimg.com/images/g/kEgAAOSwD~hnm3sH/s-l500.webp,64 GB,Unknown,False,iPhone 12,True,,,,,,,,,,,,,,,,
3,Apple iPhone 12 - Unlocked -  Excellent Condition (1Year Warranty),$234.52,2025-08-28,https://www.ebay.com/itm/167035147272,https://i.ebayimg.com/images/g/~vcAAOSwpxVhiCkd/s-l500.webp,Unknown,Excellent,False,iPhone 12,True,,,,,,,,,,,,,,,,
3,Apple iPhone 12 Black 64GB Good - Refurbished  - Unlocked,$177.99,2025-07-28,https://www.ebay.com/itm/127271517626,https://i.ebayimg.com/images/g/gyIAAeSwm-Bok-h6/s-l500.webp,64 GB,Good,False,iPhone 12,True,,,,,,,,,,,,,,,,
3,Apple iPhone 12 A2403 64GB Smartphone Black,$199.99,2025-08-22,https://www.ebay.com/itm/157239195770,https://i.ebayimg.com/images/g/~L8AAeSwbCNonKaf/s-l500.webp,64 GB,Unknown,False,iPhone 12,True,,,,,,,,,,,,,,,,
3,Apple iPhone 12 64GB Unlocked All Colors Good,$186.49,2025-08-22,https://www.ebay.com/itm/334847863835,https://i.ebayimg.com/images/g/JlAAAeSw5jRoSCKa/s-l500.webp,64 GB,Good,False,iPhone 12,True,,,,,,,,,,,,,,,,
3,Apple iPhone 12 5G 64GB 128GB 256GB Fully Unlocked GSM CDMA Smartphone Grade A+,$279.99,2025-08-20,https://www.ebay.com/itm/275019857574,https://i.ebayimg.com/images/g/HLUAAOSwljBgDyfJ/s-l500.webp,64 GB,Unknown,False,iPhone 12,True,,,,,,,,,,,,,,,,
3,Apple iPhone 12 64GB (Product) Red A2172 MGF63LL/A Unlocked Clean ESN Good (WG),$229.95,2025-07-24,https://www.ebay.com/itm/197321447774,https://i.ebayimg.com/images/g/fGwAAOSw2OhoJg5X/s-l500.webp,64 GB,Good,False,iPhone 12,True,,,,,,,,,,,,,,,,
3,Apple iPhone 12 Black 256GB A2172 MGEX3LL/A AT&T Clean ESN Very Good (DSM),$254.95,2025-08-10,https://www.ebay.com/itm/197177122044,https://i.ebayimg.com/images/g/~UYAAOSw1UBi4Cj1/s-l500.webp,256 GB,Very Good,False,iPhone 12,True,,,,,,,,,,,,,,,,
3,Apple iPhone 12 Black 256GB A2172 MGEX3LL/A Unlocked Clean ESN Good (JF),$244.95,2025-07-28,https://www.ebay.com/itm/197174164658,https://i.ebayimg.com/images/g/~UYAAOSw1UBi4Cj1/s-l500.webp,256 GB,Good,False,iPhone 12,True,,,,,,,,,,,,,,,,
3,Apple iPhone 12 64GB A2172 5G (Boost) Only - Excellent,$159.99,2025-08-18,https://www.ebay.com/itm/286751841076,https://i.ebayimg.com/images/g/VDwAAOSwuZNnr5f1/s-l500.webp,64 GB,Excellent,False,iPhone 12,True,,,,,,,,,,,,,,,,
3,Apple iPhone 12 A2172 64GB Smartphone Black,$179.99,2025-08-16,https://www.ebay.com/itm/156959078814,https://i.ebayimg.com/images/g/PTgAAeSw5xdonEzZ/s-l500.webp,64 GB,Unknown,False,iPhone 12,True,,,,,,,,,,,,,,,,
3,Apple iPhone 12 64GB 128GB 256GB Unlocked All Colors Smartphone - Fair,$194.99,2025-08-14,https://www.ebay.com/itm/146739157800,https://i.ebayimg.com/images/g/Z~8AAeSwmsloiR7z/s-l500.webp,64 GB,Unknown,False,iPhone 12,True,,,,,,,,,,,,,,,,
3,Apple iPhone 12 64GB 128GB 256GB Black White Blue Green Purple (Unlocked) - Good,$267.49,2025-08-13,https://www.ebay.com/itm/166945437817,https://i.ebayimg.com/images/g/EtwAAOSwK79m0idM/s-l500.webp,64 GB,Good,False,iPhone 12,True,,,,,,,,,,,,,,,,
3,Apple iPhone 12 64GB - Fully Unlocked  - GOOD Condition,$199.00,2025-08-13,https://www.ebay.com/itm/205474568105,https://i.ebayimg.com/images/g/OiYAAOSwkORluRJd/s-l500.webp,64 GB,Unknown,False,iPhone 12,True,,,,,,,,,,,,,,,,
3,Apple iPhone 12 - 64GB 128GB 256GB - All Colors - Excellent Condition,$220.00,2025-08-12,https://www.ebay.com/itm/275722485841,https://i.ebayimg.com/images/g/KK8AAOSwg4FiawAp/s-l500.webp,64 GB,Excellent,False,iPhone 12,True,,,,,,,,,,,,,,,,
3,Apple iPhone 12 Smartphone A2172 64GB Fully Unlocked Very Good,$211.00,2025-08-11,https://www.ebay.com/itm/226088060659,https://i.ebayimg.com/images/g/7lYAAOSw2EFmKXL2/s-l500.webp,64 GB,Very Good,False,iPhone 12,True,,,,,,,,,,,,,,,,
3,"Apple iPhone 12 64GB Unlocked 6.1"" (Purple) A2172 - w/1 Year Warranty",$209.37,2025-08-09,https://www.ebay.com/itm/357430267131,https://i.ebayimg.com/images/g/wUgAAeSwMFZoljyN/s-l500.webp,64 GB,Unknown,False,iPhone 12,True,,,,,,,,,,,,,,,,
3,Apple iPhone 12 5G 128GB Factory Unlocked (Any Carrier) Smartphone Very Good,$214.99,2025-08-09,https://www.ebay.com/itm/177094342776,https://i.ebayimg.com/images/g/sQcAAOSwWqVk59vM/s-l500.webp,128 GB,Very Good,False,iPhone 12,True,,,,,,,,,,,,,,,,
3,Apple iPhone 12 64GB – Fully Unlocked - VERY GOOD Condition Fast 2 Days Delivery,$199.50,2025-07-25,https://www.ebay.com/itm/357290547645,https://i.ebayimg.com/images/g/ARwAAeSwlXlodtIS/s-l500.webp,64 GB,Unknown,False,iPhone 12,True,,,,,,,,,,,,,,,,
3,Apple iPhone 12 64GB Red Fully Unlocked - Very Good Condition,$220.00,2025-08-07,https://www.ebay.com/itm/335780019094,https://i.ebayimg.com/images/g/U1gAAOSw4NBntEqB/s-l500.webp,64 GB,Very Good,False,iPhone 12,True,,,,,,,,,,,,,,,,
1,Apple iPhone 13 A2482 (Fully Unlocked) 128GB Black (Excellent),$282.99,2025-10-22,https://www.ebay.com/itm/286883432473,https://i.ebayimg.com/images/g/hD0AAeSwtplo8saV/s-l140.webp,128 GB,Excellent,False,iPhone 13,,True,,,,,,,,,,,,,,,
1,Apple iPhone 13 Midnight 128GB Good - Refurbished  - Unlocked,$289.99,2025-10-22,https://www.ebay.com/itm/127404799625,https://i.ebayimg.com/images/g/q7QAAeSwWyNo9bqv/s-l140.webp,128 GB,Good,False,iPhone 13,,True,,,,,,,,,,,,,,,
1,Apple iPhone 13 Starlight 128GB Good - Refurbished  - Unlocked,$289.99,2025-10-22,https://www.ebay.com/itm/127404800565,https://i.ebayimg.com/images/g/j2gAAeSwymlo-XaI/s-l140.webp,128 GB,Good,False,iPhone 13,,True,,,,,,,,,,,,,,,
1,Apple iPhone 13 128GB Unlocked 90%+ Battery (Midnight) A2482 w/1 Year Warranty,$289.00,2025-10-22,https://www.ebay.com/itm/146760804084,https://i.ebayimg.com/images/g/M7AAAeSwh6Foljxv/s-l140.webp,128 GB,Unknown,False,iPhone 13,,True,,,,,,,,,,,,,,,
1,Apple iPhone 13 512GB Factory Unlocked AT&T T-Mobile Verizon Good Condition,$326.95,2025-10-22,https://www.ebay.com/itm/295317456494,https://i.ebayimg.com/images/g/h-oAAOSwu99lDb~o/s-l140.webp,512 GB,Good,False,iPhone 13,,True,,,,,,,,,,,,,,,
1,Apple iPhone 13 128GB Unlocked - Excellent,$290.95,2025-10-22,https://www.ebay.com/itm/404240045218,https://i.ebayimg.com/images/g/~z8AAOSwVZxkNGTt/s-l140.webp,128 GB,Excellent,False,iPhone 13,,True,,,,,,,,,,,,,,,
1,Apple iPhone 13 A2482 128GB Network Unlocked Very Good Condition,$301.44,2025-10-22,https://www.ebay.com/itm/354393355064,https://i.ebayimg.com/images/g/DDcAAOSwEjhjcrCI/s-l140.webp,128 GB,Very Good,False,iPhone 13,,True,,,,,,,,,,,,,,,
1,Apple iPhone 13 Green 128GB Good - Refurbished  - Unlocked,$289.99,2025-10-22,https://www.ebay.com/itm/127404800161,https://i.ebayimg.com/images/g/U3sAAeSw0a9o-Yfq/s-l140.webp,128 GB,Good,False,iPhone 13,,True,,,,,,,,,,,,,,,
1,Apple iPhone 13 128GB 6.1in  Fully Unlocked  - Good,$274.00,2025-10-22,https://www.ebay.com/itm/134353979702,https://i.ebayimg.com/images/g/TEcAAeSwg2Vopjxh/s-l140.webp,128 GB,Good,False,iPhone 13,,True,,,,,,,,,,,,,,,
1,Apple iPhone 13 128GB Factory Unlocked AT&T T-Mobile Verizon Excellent Condition,$298.95,2025-10-22,https://www.ebay.com/itm/304568689089,https://i.ebayimg.com/images/g/YYMAAOSwTgNlDb4Y/s-l140.webp,128 GB,Excellent,False,iPhone 13,,True,,,,,,,,,,,,,,,
1,APPLE iPhone 13 A2482 128GB Unlocked Blue iOS 17 -Very Good,$269.99,2025-10-22,https://www.ebay.com/itm/389108024322,https://i.ebayimg.com/images/g/u-4AAeSwPF9o8oYC/s-l140.webp,128 GB,Very Good,False,iPhone 13,,True,,,,,,,,,,,,,,,
1,Apple iPhone 13 128GB Unlocked - Very Good,$276.95,2025-10-22,https://www.ebay.com/itm/404240048516,https://i.ebayimg.com/images/g/L38AAOSwjZ5kNFYd/s-l140.webp,128 GB,Very Good,False,iPhone 13,,True,,,,,,,,,,,,,,,
1,Apple iPhone 13 A2482 (Fully Unlocked) 128GB Black (Very Good),$273.99,2025-10-22,https://www.ebay.com/itm/286883394862,https://i.ebayimg.com/images/g/y3IAAeSwOito8sFK/s-l140.webp,128 GB,Very Good,False,iPhone 13,,True,,,,,,,,,,,,,,,
1,Apple iPhone 13 256GB Unlocked - Excellent,$312.95,2025-10-22,https://www.ebay.com/itm/386511533624,https://i.ebayimg.com/images/g/~z8AAOSwVZxkNGTt/s-l140.webp,256 GB,Excellent,False,iPhone 13,,True,,,,,,,,,,,,,,,
1,Apple iPhone 13 A2482 128GB - Fully Unlocked- Black & Blue - Very Good Condition,$280.00,2025-10-22,https://www.ebay.com/itm/127083143769,https://i.ebayimg.com/images/g/HnIAAOSwKz9nFp4Z/s-l140.webp,128 GB,Very Good,False,iPhone 13,,True,,,,,,,,,,,,,,,
1,Apple iPhone 13 - 128GB 256GB 512GB - All Colors - Good Condition,$264.00,2025-10-22,https://www.ebay.com/itm/284798167339,https://i.ebayimg.com/images/g/rqsAAOSwLwZiar2B/s-l140.webp,128 GB,Good,False,iPhone 13,,True,,,,,,,,,,,,,,,
1,Apple iPhone 13 - 128GB 256GB 512GB - All Colors - Very Good Condition,$299.00,2025-10-22,https://www.ebay.com/itm/275298470570,https://i.ebayimg.com/images/g/rqsAAOSwLwZiar2B/s-l140.webp,128 GB,Very Good,False,iPhone 13,,True,,,,,,,,,,,,,,,
1,Apple iPhone 13 (5G) - 512GB Starlight White *UNLOCKED* [A2482] Very Good Refurb,$330.99,2025-04-25,https://www.ebay.com/itm/146213963391,https://i.ebayimg.com/images/g/uxUAAOSwZdZlpZXP/s-l140.webp,512 GB,Very Good,False,iPhone 13,,True,,,,,,,,,,,,,,,
1,Apple iPhone 13 256GB Unlocked - Very Good,$298.95,2025-10-22,https://www.ebay.com/itm/385780950444,https://i.ebayimg.com/images/g/L38AAOSwjZ5kNFYd/s-l140.webp,256 GB,Very Good,False,iPhone 13,,True,,,,,,,,,,,,,,,
1,Apple iPhone 13 256GB Unlocked Fully Functional All Colors - Excellent Condition,$337.49,2025-10-22,https://www.ebay.com/itm/176423190223,https://i.ebayimg.com/images/g/4OUAAOSwRLxmaxaK/s-l140.webp,256 GB,Excellent,False,iPhone 13,,True,,,,,,,,,,,,,,,
1,Apple iPhone 13 Starlight 256GB Good - Refurbished  - Unlocked,$295.99,2025-10-22,https://www.ebay.com/itm/127198132945,https://i.ebayimg.com/images/g/9CQAAeSwZ2Fo-QRu/s-l140.webp,256 GB,Good,False,iPhone 13,,True,,,,,,,,,,,,,,,
1,Apple iPhone 13 (Unlocked) 128 256 512 Starlight Red Blue Green Pink Black- Good,$280.99,2025-10-22,https://www.ebay.com/itm/156561794621,https://i.ebayimg.com/images/g/SPkAAOSwAL1nULD~/s-l140.webp,Unknown,Good,False,iPhone 13,,True,,,,,,,,,,,,,,,
1,Apple iPhone 13 128GB 5G BLACK Smartphone (AT&T UNLOCKED GSM) T-Mobile VERY GOOD,$269.88,2025-10-21,https://www.ebay.com/itm/205535648873,https://i.ebayimg.com/images/g/e7oAAOSwwpJn~s~o/s-l140.webp,128 GB,Unknown,False,iPhone 13,,True,,,,,,,,,,,,,,,
1,Apple iPhone 13 Red 256GB Good - Refurbished  - Unlocked,$295.99,2025-10-21,https://www.ebay.com/itm/127198133875,https://i.ebayimg.com/images/g/c2UAAeSwbONo-MAZ/s-l140.webp,256 GB,Good,False,iPhone 13,,True,,,,,,,,,,,,,,,
1,Apple iPhone 13 - Fully Unlocked - 6.1inches - 128GB - Excellent,$304.00,2025-10-21,https://www.ebay.com/itm/166477408867,https://i.ebayimg.com/images/g/L0wAAeSwDKFopjxH/s-l140.webp,128 GB,Excellent,False,iPhone 13,,True,,,,,,,,,,,,,,,
1,Apple iPhone 13 - 128GB - Unlocked - Excellent Refurbished - All Colors,$320.00,2025-03-31,https://www.ebay.com/itm/156143442968,https://i.ebayimg.com/images/g/zA0AAOSwGLJmBaYp/s-l140.webp,128 GB,Excellent,False,iPhone 13,,True,,,,,,,,,,,,,,,
1,APPLE iPhone 13 A2482 128GB Unlocked Blue iOS 17 -Good,$251.99,2025-10-21,https://www.ebay.com/itm/297686656794,https://i.ebayimg.com/images/g/0OcAAeSwPPJo78Lc/s-l140.webp,128 GB,Good,False,iPhone 13,,True,,,,,,,,,,,,,,,
1,"Apple iPhone 13 128GB Midnight Black Unlocked, 90%+ Battery Excellent Condition",$303.05,2025-10-21,https://www.ebay.com/itm/335845634579,https://i.ebayimg.com/images/g/OmIAAOSwhsxntEkj/s-l140.webp,128 GB,Excellent,False,iPhone 13,,True,,,,,,,,,,,,,,,
1,Apple iPhone 13 (5G) - 128GB Starlight White *UNLOCKED* [A2482] Very Good,$277.99,2025-10-21,https://www.ebay.com/itm/146491473779,https://i.ebayimg.com/images/g/uxUAAOSwZdZlpZXP/s-l140.webp,128 GB,Very Good,False,iPhone 13,,True,,,,,,,,,,,,,,,
1,Apple iPhone 13 512GB Unlocked - Excellent,$360.95,2025-10-21,https://www.ebay.com/itm/364884544712,https://i.ebayimg.com/images/g/L38AAOSwjZ5kNFYd/s-l140.webp,512 GB,Excellent,False,iPhone 13,,True,,,,,,,,,,,,,,,
1,Apple iPhone 13 Pink 128GB Good - Refurbished  - Unlocked,$289.99,2025-10-21,https://www.ebay.com/itm/127404800412,https://i.ebayimg.com/images/g/Q4AAAeSw9Axo-QRl/s-l140.webp,128 GB,Good,False,iPhone 13,,True,,,,,,,,,,,,,,,
1,Apple iPhone 13 Pink 256GB Good - Refurbished  - Unlocked,$295.99,2025-10-21,https://www.ebay.com/itm/127198133800,https://i.ebayimg.com/images/g/dNQAAeSwqn1o97Ur/s-l140.webp,256 GB,Good,False,iPhone 13,,True,,,,,,,,,,,,,,,
1,Apple iPhone 13 Pink 256GB Very Good - Refurbished  - Unlocked,$315.99,2025-10-21,https://www.ebay.com/itm/127313007138,https://i.ebayimg.com/images/g/rTYAAeSwYFFo97qU/s-l140.webp,256 GB,Very Good,False,iPhone 13,,True,,,,,,,,,,,,,,,
1,Apple iPhone 13 Green 256GB Good - Refurbished  - Unlocked,$295.99,2025-10-21,https://www.ebay.com/itm/127198133659,https://i.ebayimg.com/images/g/coIAAeSwyj1o94Ov/s-l140.webp,256 GB,Good,False,iPhone 13,,True,,,,,,,,,,,,,,,
1,"Apple iPhone 13 128GB All Colors Fully Unlocked, 85%+ Battery Very Good",$289.00,2025-10-21,https://www.ebay.com/itm/335845623206,https://i.ebayimg.com/images/g/mIUAAOSw8jZntEjE/s-l140.webp,128 GB,Very Good,False,iPhone 13,,True,,,,,,,,,,,,,,,
1,Apple iPhone 13 256GB Factory Unlocked AT&T T-Mobile Verizon Very Good Condition,$288.95,2025-10-21,https://www.ebay.com/itm/295228030112,https://i.ebayimg.com/images/g/opwAAOSwi2RlDb7w/s-l140.webp,256 GB,Very Good,False,iPhone 13,,True,,,,,,,,,,,,,,,
1,"Apple iPhone 13, A2482, 128GB, Unlocked, Excellent Condition",$290.87,2025-10-21,https://www.ebay.com/itm/354593664308,https://i.ebayimg.com/images/g/MUwAAOSwuJtjcrgK/s-l140.webp,128 GB,Excellent,False,iPhone 13,,True,,,,,,,,,,,,,,,
1,Apple iPhone 13 128GB256GB512GB A2482 Unlocked Great,$249.99,2025-10-21,https://www.ebay.com/itm/277326191208,https://i.ebayimg.com/images/g/UPQAAeSwMQhonlPy/s-l140.webp,512 GB,Unknown,False,iPhone 13,,True,,,,,,,,,,,,,,,
1,Apple iPhone 13 A15 Bionic chip Dual 12MP camera system: Main and Ultra Wide cam,$344.95,2025-10-20,https://www.ebay.com/itm/126824091753,https://i.ebayimg.com/images/g/nPQAAOSwA6hnfWUr/s-l140.webp,Unknown,Unknown,False,iPhone 13,,True,,,,,,,,,,,,,,,
1,Apple iPhone 13 256GB Network Unlocked Very Good Condition,$277.50,2025-10-20,https://www.ebay.com/itm/356467470788,https://i.ebayimg.com/images/g/fDkAAOSwmNNnhp0I/s-l140.webp,256 GB,Very Good,False,iPhone 13,,True,,,,,,,,,,,,,,,
1,Apple iPhone 13 128GB Unlocked - Good,$262.95,2025-10-20,https://www.ebay.com/itm/364213876667,https://i.ebayimg.com/images/g/sSwAAOSwEYJkNF~h/s-l140.webp,128 GB,Good,False,iPhone 13,,True,,,,,,,,,,,,,,,
1,"Apple iPhone 13 6.1"" Unlocked 128GB (Pink) A2482 - w/1 Year Warranty",$292.00,2025-10-20,https://www.ebay.com/itm/145691030276,https://i.ebayimg.com/images/g/5WoAAOSwMnpmBGHI/s-l140.webp,128 GB,Unknown,False,iPhone 13,,True,,,,,,,,,,,,,,,
1,"Apple iPhone 13 128GB Unlocked 6.1"" (Blue) A2482 - w/1 Year Warranty",$282.00,2025-10-20,https://www.ebay.com/itm/355565880275,https://i.ebayimg.com/images/g/u9UAAOSw~8Nl~H0g/s-l140.webp,128 GB,Unknown,False,iPhone 13,,True,,,,,,,,,,,,,,,
2,Apple iPhone 13 128GB Unlocked - Very Good,$299.99,2025-10-20,https://www.ebay.com/itm/256350256036,https://i.ebayimg.com/images/g/VwcAAeSwl3loL-lr/s-l500.webp,128 GB,Very Good,False,iPhone 13,,True,,,,,,,,,,,,,,,
2,Apple iPhone 13 128GB Unlocked Excellent Condition - All Colors,$319.99,2025-10-20,https://www.ebay.com/itm/296095942960,https://i.ebayimg.com/images/g/eCsAAOSw5gZmjZv6/s-l500.webp,128 GB,Excellent,False,iPhone 13,,True,,,,,,,,,,,,,,,
2,Apple iPhone 13 Starlight 256GB Very Good - Refurbished  - Unlocked,$315.99,2025-10-20,https://www.ebay.com/itm/127187183250,https://i.ebayimg.com/images/g/Oh0AAeSwxoVo9tuR/s-l500.webp,256 GB,Very Good,False,iPhone 13,,True,,,,,,,,,,,,,,,
2,Apple iPhone 13 5G 128GB GSM/CDMA Fully Unlocked - Midnight - Very Good,$292.89,2025-10-20,https://www.ebay.com/itm/394984736496,https://i.ebayimg.com/images/g/WKAAAOSwLY5lSpnY/s-l500.webp,128 GB,Very Good,False,iPhone 13,,True,,,,,,,,,,,,,,,
2,Apple iPhone 13 Blue 128GB Good - Refurbished  - Unlocked,$289.99,2025-10-20,https://www.ebay.com/itm/127404800523,https://i.ebayimg.com/images/g/jVIAAeSwpFxo9lZj/s-l500.webp,128 GB,Good,False,iPhone 13,,True,,,,,,,,,,,,,,,
2,Apple iPhone 13 6.1'' 128GB 256GB 512GB Unlocked - Fair(Refurbished),$269.99,2025-10-19,https://www.ebay.com/itm/146867095400,https://i.ebayimg.com/images/g/2xQAAeSwz~Vo3ZA4/s-l500.webp,128 GB,Unknown,False,iPhone 13,,True,,,,,,,,,,,,,,,
2,"Apple iPhone 13, 256GB, - Unlocked - Product Red - Excellent",$320.00,2025-10-19,https://www.ebay.com/itm/406253377335,https://i.ebayimg.com/images/g/bpcAAeSwdTVo3Ao0/s-l500.webp,256 GB,Excellent,False,iPhone 13,,True,,,,,,,,,,,,,,,
2,Apple iPhone 13 128GB Unlocked - Good,$279.99,2025-10-19,https://www.ebay.com/itm/256350256078,https://i.ebayimg.com/images/g/maEAAeSwhS1oL7rq/s-l500.webp,128 GB,Good,False,iPhone 13,,True,,,,,,,,,,,,,,,
2,Apple iPhone 13 A2482 128GB Pink - Unlocked - Good,$264.50,2025-10-19,https://www.ebay.com/itm/357758245546,https://i.ebayimg.com/images/g/cYcAAeSwlnxo8EGJ/s-l500.webp,128 GB,Good,False,iPhone 13,,True,,,,,,,,,,,,,,,
2,Apple iPhone 13 5G 128GB 256GB Factory Unlocked Good Condition,$265.99,2025-10-19,https://www.ebay.com/itm/297322644188,https://i.ebayimg.com/images/g/mpoAAOSwteNhm7K9/s-l500.webp,128 GB,Good,False,iPhone 13,,True,,,,,,,,,,,,,,,
2,Apple iPhone 13 256GB Factory Unlocked AT&T T-Mobile Verizon Good Condition,$274.95,2025-10-19,https://www.ebay.com/itm/295267694886,https://i.ebayimg.com/images/g/vlYAAOSwohlk74bW/s-l500.webp,256 GB,Good,False,iPhone 13,,True,,,,,,,,,,,,,,,
2,"Apple iPhone 13 128GB 6.1"" Fully Unlocked, Starlight",$289.99,2025-10-19,https://www.ebay.com/itm/306538274642,https://i.ebayimg.com/images/g/lOsAAeSwNn5o5n2h/s-l500.webp,128 GB,Unknown,False,iPhone 13,,True,,,,,,,,,,,,,,,
2,Apple iPhone 13 128GB Unlocked Very Good Condition - All Colors,$289.99,2025-10-19,https://www.ebay.com/itm/285596733728,https://i.ebayimg.com/images/g/qqMAAOSwXXFmjZwA/s-l500.webp,128 GB,Very Good,False,iPhone 13,,True,,,,,,,,,,,,,,,
2,Apple iPhone 13 - 256GB - Pink - Fully Unlocked - Excellent Condition,$322.05,2025-10-19,https://www.ebay.com/itm/335873947857,https://i.ebayimg.com/images/g/0qsAAOSwzdxnuDu0/s-l500.webp,256 GB,Excellent,False,iPhone 13,,True,,,,,,,,,,,,,,,
2,Apple iPhone 13 Red 128GB Good - Refurbished  - Unlocked,$289.99,2025-10-19,https://www.ebay.com/itm/127404799731,https://i.ebayimg.com/images/g/hDAAAeSwjK9o9tuJ/s-l500.webp,128 GB,Good,False,iPhone 13,,True,,,,,,,,,,,,,,,
2,Apple iPhone 13 128GB Factory Unlocked  - EXCELLENT Condition!!,$303.99,2025-10-19,https://www.ebay.com/itm/325894456782,https://i.ebayimg.com/images/g/sdAAAOSwSg1lxQpl/s-l500.webp,128 GB,Unknown,False,iPhone 13,,True,,,,,,,,,,,,,,,
2,"Apple iPhone 13, 256GB, - Unlocked - Product Red - Very Good",$289.99,2025-10-18,https://www.ebay.com/itm/406276027499,https://i.ebayimg.com/images/g/8g0AAeSwGP9o6Arg/s-l500.webp,256 GB,Very Good,False,iPhone 13,,True,,,,,,,,,,,,,,,
2,"Apple iPhone 13 128GB Unlocked 6.1"" - (Midnight) A2482 w/1 Year Warranty",$267.00,2025-10-18,https://www.ebay.com/itm/355515650071,https://i.ebayimg.com/images/g/B2YAAOSw3-5l5hhS/s-l500.webp,128 GB,Unknown,False,iPhone 13,,True,,,,,,,,,,,,,,,
2,Apple iPhone 13 128GB l 256GB l 512GB Fully Unlocked Refurbished - Good,$289.99,2025-10-18,https://www.ebay.com/itm/177240683130,https://i.ebayimg.com/images/g/EUMAAeSwOmNoZqgm/s-l500.webp,128 GB,Good,False,iPhone 13,,True,,,,,,,,,,,,,,,
2,"Apple iPhone 13 5G 128GB 6.1"" Factory Unlocked Smartphone Very Good",$274.99,2025-10-18,https://www.ebay.com/itm/197318899527,https://i.ebayimg.com/images/g/CtoAAOSwwqNnEAEE/s-l500.webp,128 GB,Very Good,False,iPhone 13,,True,,,,,,,,,,,,,,,
2,"Apple iPhone 13 5G 128GB 6.1"" Factory Unlocked Smartphone Good",$269.99,2025-10-18,https://www.ebay.com/itm/388597190774,https://i.ebayimg.com/images/g/CtoAAOSwwqNnEAEE/s-l500.webp,128 GB,Good,False,iPhone 13,,True,,,,,,,,,,,,,,,
2,Apple iPhone 13 Pink 128GB Excellent - Refurbished  - Unlocked,$329.99,2025-10-17,https://www.ebay.com/itm/127404800325,https://i.ebayimg.com/images/g/Nt8AAeSwJDFo9Szc/s-l500.webp,128 GB,Excellent,False,iPhone 13,,True,,,,,,,,,,,,,,,
2,Apple iPhone 13 - 128GB - Factory Unlocked - All Colors - Excellent,$289.85,2025-03-25,https://www.ebay.com/itm/205298751554,https://i.ebayimg.com/images/g/HDoAAOSwghBns6rw/s-l500.webp,128 GB,Excellent,False,iPhone 13,,True,,,,,,,,,,,,,,,
2,Apple iPhone 13 Starlight 128GB Very Good - Refurbished  - Unlocked,$309.99,2025-10-17,https://www.ebay.com/itm/127404799622,https://i.ebayimg.com/images/g/JU4AAeSwvrlo-Tgd/s-l500.webp,128 GB,Very Good,False,iPhone 13,,True,,,,,,,,,,,,,,,
2,Apple iPhone 13 512GB Factory Unlocked AT&T T-Mobile Verizon Excellent Condition,$354.95,2025-10-17,https://www.ebay.com/itm/295317456137,https://i.ebayimg.com/images/g/HAIAAOSwfk5mJZ6X/s-l500.webp,512 GB,Excellent,False,iPhone 13,,True,,,,,,,,,,,,,,,
2,"Apple iPhone 13 6.1"" A2482 Unlocked w/128GB (Blue) - Good",$266.00,2025-10-16,https://www.ebay.com/itm/375369057245,https://i.ebayimg.com/images/g/aWwAAOSwjjxmGW2u/s-l500.webp,128 GB,Good,False,iPhone 13,,True,,,,,,,,,,,,,,,
2,Apple iPhone 13 - 256GB - Unlocked - Excellent Refurbished - All Colors,$345.00,2025-03-18,https://www.ebay.com/itm/156802816073,https://i.ebayimg.com/images/g/SD4AAOSwgR9n11pZ/s-l500.webp,256 GB,Excellent,False,iPhone 13,,True,,,,,,,,,,,,,,,
2,"Apple iPhone 13 6.1"" A2482 Unlocked w/128GB (Red) - Good",$260.00,2025-10-16,https://www.ebay.com/itm/146523388648,https://i.ebayimg.com/images/g/nogAAOSwiGhoACdA/s-l500.webp,128 GB,Good,False,iPhone 13,,True,,,,,,,,,,,,,,,
2,Apple iPhone 13 512GB Factory Unlocked AT&T T-Mobile Verizon Very Good Condition,$335.95,2025-10-16,https://www.ebay.com/itm/304642516226,https://i.ebayimg.com/images/g/KWAAAOSw0q5lDb8E/s-l500.webp,512 GB,Very Good,False,iPhone 13,,True,,,,,,,,,,,,,,,
2,Apple iPhone 13 256GB Unlocked Good Condition - All Colors,$329.99,2025-10-16,https://www.ebay.com/itm/276216359280,https://i.ebayimg.com/images/g/48AAAOSwVwJmjZwL/s-l500.webp,256 GB,Good,False,iPhone 13,,True,,,,,,,,,,,,,,,
2,Apple iPhone 13 Pink 128GB Very Good - Refurbished  - Unlocked,$309.99,2025-10-16,https://www.ebay.com/itm/127404799708,https://i.ebayimg.com/images/g/180AAeSwC01o-Chx/s-l500.webp,128 GB,Very Good,False,iPhone 13,,True,,,,,,,,,,,,,,,
2,Apple iPhone 13 I 128GB/256GB/512GB I UNLOCKED Smartphone Cellphone I FAIR,$297.00,2025-10-15,https://www.ebay.com/itm/256846098818,https://i.ebayimg.com/images/g/KLwAAOSw3Sdm22kh/s-l500.webp,128 GB,Unknown,False,iPhone 13,,True,,,,,,,,,,,,,,,
2,Apple iPhone 13 128GB Unlocked Good Condition - All Colors,$289.99,2025-10-15,https://www.ebay.com/itm/285596736546,https://i.ebayimg.com/images/g/4LMAAOSwZQ1mjZt7/s-l500.webp,128 GB,Good,False,iPhone 13,,True,,,,,,,,,,,,,,,
2,Apple iPhone 13 128GB (Unlocked) - Midnight - Very Good Condition,$289.98,2025-10-15,https://www.ebay.com/itm/365846644780,https://i.ebayimg.com/images/g/PEMAAeSw6XZo974Q/s-l500.webp,128 GB,Very Good,False,iPhone 13,,True,,,,,,,,,,,,,,,
2,Apple iPhone 13 256GB (Unlocked) - Pink,$289.98,2025-10-15,https://www.ebay.com/itm/365924202474,https://i.ebayimg.com/images/g/cZwAAeSwSoVo783m/s-l500.webp,256 GB,Unknown,False,iPhone 13,,True,,,,,,,,,,,,,,,
2,Apple iPhone 13 128GB (Unlocked) - Midnight,$269.98,2025-10-15,https://www.ebay.com/itm/365846644872,https://i.ebayimg.com/images/g/qlQAAeSw5vVo79~U/s-l500.webp,128 GB,Unknown,False,iPhone 13,,True,,,,,,,,,,,,,,,
2,Apple iPhone 13 (5G) - 256GB Green *UNLOCKED* [A2482] Excellent Refurbished,$332.99,2024-09-18,https://www.ebay.com/itm/145555776696,https://i.ebayimg.com/images/g/y18AAOSwHM1lXSdO/s-l500.webp,256 GB,Excellent,False,iPhone 13,,True,,,,,,,,,,,,,,,
2,Apple iPhone 13 - 128GB - Unlocked - Starlight - Good Refurbished,$250.00,2025-10-15,https://www.ebay.com/itm/226992170558,https://i.ebayimg.com/images/g/9NcAAeSwHVxo1WC9/s-l500.webp,128 GB,Good,False,iPhone 13,,True,,,,,,,,,,,,,,,
2,"Apple iPhone 13 6.1"" Unlocked 128GB (Midnight) A2482 - w/1 Year Warranty",$283.00,2025-10-15,https://www.ebay.com/itm/145680782763,https://i.ebayimg.com/images/g/nKMAAOSwerRl~H07/s-l500.webp,128 GB,Unknown,False,iPhone 13,,True,,,,,,,,,,,,,,,
2,Apple iPhone 13 Blue 128GB Excellent - Refurbished  - Unlocked,$329.99,2025-10-14,https://www.ebay.com/itm/127404799797,https://i.ebayimg.com/images/g/ZgcAAeSwfuto9SzM/s-l500.webp,128 GB,Excellent,False,iPhone 13,,True,,,,,,,,,,,,,,,
2,Apple iPhone 13 Starlight 256GB Excellent - Refurbished  - Unlocked,$335.99,2025-10-14,https://www.ebay.com/itm/127264750114,https://i.ebayimg.com/images/g/GRcAAeSw8Z1o9htT/s-l500.webp,256 GB,Excellent,False,iPhone 13,,True,,,,,,,,,,,,,,,
2,iPhone 13 128GB - Blue - Unlocked,$299.99,2025-10-14,https://www.ebay.com/itm/306549464346,https://i.ebayimg.com/images/g/icMAAeSwIgVo7nR3/s-l500.webp,128 GB,Unknown,False,iPhone 13,,True,,,,,,,,,,,,,,,
2,Apple iPhone 13 Midnight 128GB Very Good - Refurbished  - Unlocked,$309.99,2025-10-14,https://www.ebay.com/itm/127404800229,https://i.ebayimg.com/images/g/qBcAAeSwz59o9S1s/s-l500.webp,128 GB,Very Good,False,iPhone 13,,True,,,,,,,,,,,,,,,
3,Apple iPhone 13 Midnight 128GB Very Good - Refurbished  - Unlocked,$309.99,2025-10-14,https://www.ebay.com/itm/127404800229,https://i.ebayimg.com/images/g/qBcAAeSwz59o9S1s/s-l500.webp,128 GB,Very Good,False,iPhone 13,,True,,,,,,,,,,,,,,,
3,Apple iPhone 13 Blue 128GB Very Good - Refurbished  - Unlocked,$309.99,2025-10-13,https://www.ebay.com/itm/127404799911,https://i.ebayimg.com/images/g/KAwAAeSwwfdo9S2J/s-l500.webp,128 GB,Very Good,False,iPhone 13,,True,,,,,,,,,,,,,,,
3,Apple iPhone 13 128GB Fully Unlocked ALL CARRIERS- VERY GOOD Condition,$287.99,2025-10-12,https://www.ebay.com/itm/226523060489,https://i.ebayimg.com/images/g/uVoAAOSwNx1lxQnL/s-l500.webp,128 GB,Unknown,False,iPhone 13,,True,,,,,,,,,,,,,,,
3,Apple iPhone 13 128GB Midnight A2482 MLA23LL/A Unlocked Clean ESN Good (WG),$299.95,2025-10-12,https://www.ebay.com/itm/197762290390,https://i.ebayimg.com/images/g/BC0AAOSw2pBlU3Wp/s-l500.webp,128 GB,Good,False,iPhone 13,,True,,,,,,,,,,,,,,,
3,Apple iPhone 13 - 128GB 256GB 512GB - All Colors - Excellent Condition,$312.00,2025-10-12,https://www.ebay.com/itm/284789075414,https://i.ebayimg.com/images/g/rqsAAOSwLwZiar2B/s-l500.webp,128 GB,Excellent,False,iPhone 13,,True,,,,,,,,,,,,,,,
3,Apple iPhone 13 Green 128GB Very Good - Refurbished  - Unlocked,$309.99,2025-10-12,https://www.ebay.com/itm/127404800352,https://i.ebayimg.com/images/g/Ir0AAeSwCB9o9S3E/s-l500.webp,128 GB,Very Good,False,iPhone 13,,True,,,,,,,,,,,,,,,
3,Apple iPhone 13  Fully Unlocked - 6.1inches - 128GB -  - Very Good,$339.00,2025-10-11,https://www.ebay.com/itm/134348851499,https://i.ebayimg.com/images/g/AIMAAeSwnGNopjxU/s-l500.webp,128 GB,Very Good,False,iPhone 13,,True,,,,,,,,,,,,,,,
3,Apple iPhone 13 A2482 128GB Blue (GSM+CDMA) Unlocked MLAE3LL/A C-G,$259.99,2025-10-11,https://www.ebay.com/itm/187633760402,https://i.ebayimg.com/images/g/MkIAAOSwgyBmyNkd/s-l500.webp,128 GB,Unknown,False,iPhone 13,,True,,,,,,,,,,,,,,,
3,Apple iPhone 13 Unlocked (A2482) - Pristine Condition,$449.99,2024-07-29,https://www.ebay.com/itm/185534796754,https://i.ebayimg.com/images/g/HdIAAOSwZ6dmu9KY/s-l500.webp,Unknown,Unknown,False,iPhone 13,,True,,,,,,,,,,,,,,,
3,Apple iPhone 13 Blue 256GB Good - Refurbished  - Unlocked,$295.99,2025-10-10,https://www.ebay.com/itm/127325169871,https://i.ebayimg.com/images/g/L68AAeSwGS1o-Fyg/s-l500.webp,256 GB,Good,False,iPhone 13,,True,,,,,,,,,,,,,,,
3,Apple iPhone 13 A2482 128GB Blue (GSM+CDMA) Unlocked MLAE3LL/A,$269.99,2025-10-10,https://www.ebay.com/itm/186649958290,https://i.ebayimg.com/images/g/MkIAAOSwgyBmyNkd/s-l500.webp,128 GB,Unknown,False,iPhone 13,,True,,,,,,,,,,,,,,,
3,Apple iPhone 13 Midnight 256GB Very Good - Refurbished  - Unlocked,$303.99,2025-10-09,https://www.ebay.com/itm/127264750088,https://i.ebayimg.com/images/g/1TAAAeSw8E5o57l5/s-l500.webp,256 GB,Very Good,False,iPhone 13,,True,,,,,,,,,,,,,,,
3,Apple iPhone 13 Midnight 256GB Good - Refurbished  - Unlocked,$283.99,2025-10-09,https://www.ebay.com/itm/127302962416,https://i.ebayimg.com/images/g/RbwAAeSwSmdo6F9a/s-l500.webp,256 GB,Good,False,iPhone 13,,True,,,,,,,,,,,,,,,
3,Apple iPhone 13 - 128GB - Green (Unlocked) - 85%+ Battery Excellent Condition,$309.00,2025-10-09,https://www.ebay.com/itm/335860920687,https://i.ebayimg.com/images/g/8v8AAOSwMGhnclPq/s-l500.webp,128 GB,Excellent,False,iPhone 13,,True,,,,,,,,,,,,,,,
3,Apple iPhone 13 Pink 256GB Excellent - Refurbished  - Unlocked,$335.99,2025-10-09,https://www.ebay.com/itm/127410960971,https://i.ebayimg.com/images/g/hJMAAeSw-L5o-XUd/s-l500.webp,256 GB,Excellent,False,iPhone 13,,True,,,,,,,,,,,,,,,
3,Apple iPhone 13 128gb Midnight - Unlocked C Grade *Read Desc*,$260.00,2025-10-09,https://www.ebay.com/itm/406251064442,https://i.ebayimg.com/images/g/DpoAAeSwDNdo2vKC/s-l500.webp,128 GB,Unknown,False,iPhone 13,,True,,,,,,,,,,,,,,,
3,Apple iPhone 13 128gb Midnight - Unlocked Grade C,$259.95,2025-10-08,https://www.ebay.com/itm/406270308972,https://i.ebayimg.com/images/g/pXcAAeSwr89o5Zhd/s-l500.webp,128 GB,Unknown,False,iPhone 13,,True,,,,,,,,,,,,,,,
3,"Apple iPhone 13 256GB Unlocked 6.1"" (Green) A2482 - w/1 Year Warranty",$339.00,2025-10-08,https://www.ebay.com/itm/376587381699,https://i.ebayimg.com/images/g/zNQAAeSwO3Fo3Bk5/s-l500.webp,256 GB,Unknown,False,iPhone 13,,True,,,,,,,,,,,,,,,
3,Apple iPhone 13 128GB 5G BLACK Smartphone(Verizon UNLOCKED GSM)AT&T VERY GOOD,$279.88,2025-10-08,https://www.ebay.com/itm/205467806360,https://i.ebayimg.com/images/g/e7oAAOSwwpJn~s~o/s-l500.webp,128 GB,Unknown,False,iPhone 13,,True,,,,,,,,,,,,,,,
3,Apple iPhone 13 256GB Midnight – Unlocked – Very Good Condition,$334.00,2025-09-01,https://www.ebay.com/itm/157241548709,https://i.ebayimg.com/images/g/3ZoAAeSwy6ponLXO/s-l500.webp,256 GB,Very Good,False,iPhone 13,,True,,,,,,,,,,,,,,,
3,APPLE IPHONE 13 128GB 256GB 512GB (UNLOCKED) ✅ALL ORIGINAL PART✅❖EXCELLENT❖,$379.95,2025-10-08,https://www.ebay.com/itm/326397892365,https://i.ebayimg.com/images/g/yLIAAOSwCa9nfeyd/s-l500.webp,128 GB,Unknown,False,iPhone 13,,True,,,,,,,,,,,,,,,
3,Apple iPhone 13 - 256GB Black - Fully Unlocked - Excellent Condition,$431.00,2025-10-08,https://www.ebay.com/itm/267116229056,https://i.ebayimg.com/images/g/H-wAAeSwrNRo3YpT/s-l500.webp,256 GB,Excellent,False,iPhone 13,,True,,,,,,,,,,,,,,,
3,Apple iPhone 13 A2482 128GB Midnight (GSM+CDMA) Unlocked MLA23LL/A,$269.99,2025-10-08,https://www.ebay.com/itm/186649931979,https://i.ebayimg.com/images/g/5uUAAOSwA3lmyNCB/s-l500.webp,128 GB,Unknown,False,iPhone 13,,True,,,,,,,,,,,,,,,
3,Apple iPhone 13 5G 128GB Factory Unlocked - Starlight NLA43LL/A iOS Smartphone,$289.00,2025-10-07,https://www.ebay.com/itm/336191399784,https://i.ebayimg.com/images/g/FIsAAeSw3-Fo0MFm/s-l500.webp,128 GB,Unknown,False,iPhone 13,,True,,,,,,,,,,,,,,,
3,"Apple iPhone 13 128GB Unlocked 6.1"" OLED 4GB 12MP WiFi 6 NFC 5G Starlight",$269.99,2025-03-24,https://www.ebay.com/itm/197085893048,https://i.ebayimg.com/images/g/XhYAAOSwOmpmAeiR/s-l500.webp,128 GB,Unknown,False,iPhone 13,,True,,,,,,,,,,,,,,,
3,Apple iPhone 13 128GB Fully Unlocked All Colors - Excellent Condition,$348.99,2025-10-06,https://www.ebay.com/itm/175770309759,https://i.ebayimg.com/images/g/SEAAAOSwBp1kjNQ9/s-l500.webp,128 GB,Excellent,False,iPhone 13,,True,,,,,,,,,,,,,,,
3,Apple iPhone 13 128GB Midnight Unlocked - Good,$277.49,2025-10-06,https://www.ebay.com/itm/334950407216,https://i.ebayimg.com/images/g/-5IAAeSwluho-Ygm/s-l500.webp,128 GB,Good,False,iPhone 13,,True,,,,,,,,,,,,,,,
3,Apple iPhone 13 - 256GB - Fully Unlocked (2021),$304.97,2025-10-06,https://www.ebay.com/itm/116454458004,https://i.ebayimg.com/images/g/xeEAAOSwBF5nhS7Z/s-l500.webp,256 GB,Unknown,False,iPhone 13,,True,,,,,,,,,,,,,,,
3,iPhone 13 – Unlocked – Black – 128GB – Excellent Condition!,$355.00,2025-10-06,https://www.ebay.com/itm/157241342181,https://i.ebayimg.com/images/g/y7sAAeSwskponJ~r/s-l500.webp,128 GB,Excellent,False,iPhone 13,,True,,,,,,,,,,,,,,,
3,Apple iPhone 13 Blue 256GB Excellent - Refurbished  - Unlocked,$323.99,2025-10-05,https://www.ebay.com/itm/127198528368,https://i.ebayimg.com/images/g/4t0AAeSwPPJo5qjd/s-l500.webp,256 GB,Excellent,False,iPhone 13,,True,,,,,,,,,,,,,,,
3,Apple iPhone 13 256GB Midnight Black Fully Unlocked - 85%+ Battery Very Good,$309.00,2025-10-05,https://www.ebay.com/itm/335821736107,https://i.ebayimg.com/images/g/0CwAAOSwHHRoMCZq/s-l500.webp,256 GB,Very Good,False,iPhone 13,,True,,,,,,,,,,,,,,,
3,iPhone 13 - Factory Unlocked - 128GB - Black - Good,$300.00,2025-10-04,https://www.ebay.com/itm/276265311580,https://i.ebayimg.com/images/g/1eAAAOSwzQliIPaw/s-l500.webp,128 GB,Good,False,iPhone 13,,True,,,,,,,,,,,,,,,
3,Apple iPhone 13 Red 128GB Excellent - Refurbished  - Unlocked,$329.99,2025-10-03,https://www.ebay.com/itm/127404799882,https://i.ebayimg.com/images/g/aLcAAeSwOI9o9Sz7/s-l500.webp,128 GB,Excellent,False,iPhone 13,,True,,,,,,,,,,,,,,,
3,APPLE IPHONE 13 128GB UNLOCKED--PINK--GOOD REFURBISHED,$289.99,2025-03-27,https://www.ebay.com/itm/226628445442,https://i.ebayimg.com/images/g/8lIAAOSwJf5nxjqI/s-l500.webp,128 GB,Unknown,False,iPhone 13,,True,,,,,,,,,,,,,,,
3,Apple iPhone 13 (5G) - 512GB Green *UNLOCKED* [A2482] Very Good Refurbished,$267.99,2025-10-02,https://www.ebay.com/itm/146869257126,https://i.ebayimg.com/images/g/L-sAAOSwJ0xlsVQ-/s-l500.webp,512 GB,Very Good,False,iPhone 13,,True,,,,,,,,,,,,,,,
1,Apple iPhone 14 128GB Unlocked - Excellent,$327.95,2025-10-22,https://www.ebay.com/itm/364506177072,https://i.ebayimg.com/images/g/7lIAAOSwy4dkW9k4/s-l500.webp,128 GB,Excellent,False,iPhone 14,,,True,,,,,,,,,,,,,,
1,Apple iPhone 14 Purple 128GB Good - Refurbished  - Unlocked,$302.99,2025-10-22,https://www.ebay.com/itm/127180582887,https://i.ebayimg.com/images/g/AVMAAeSw0TBo-Ysm/s-l500.webp,128 GB,Good,False,iPhone 14,,,True,,,,,,,,,,,,,,
1,Apple iPhone 14 256GB Unlocked - Excellent,$365.95,2025-10-22,https://www.ebay.com/itm/387044697741,https://i.ebayimg.com/images/g/7lIAAOSwy4dkW9k4/s-l500.webp,256 GB,Excellent,False,iPhone 14,,,True,,,,,,,,,,,,,,
1,Apple iPhone 14 - 128GB - Midnight - Unlocked - 100% BATTERY,$349.99,2025-10-22,https://www.ebay.com/itm/267403499661,https://i.ebayimg.com/images/g/MrEAAeSwbVhox2Wc/s-l500.webp,128 GB,Unknown,False,iPhone 14,,,True,,,,,,,,,,,,,,
1,"Apple iPhone 14 5G (256GB,6GB) 6.1"" OLED, 5G / 4G LTE Global Fully Unlocked",$349.99,2025-07-14,https://www.ebay.com/itm/156476959244,https://i.ebayimg.com/images/g/Y8EAAeSwj71o8UGD/s-l500.webp,256 GB,Unknown,False,iPhone 14,,,True,,,,,,,,,,,,,,
1,Apple iPhone 14 - A2649 - Unlocked - 128GB Midnight Black - Excellent,$322.99,2025-10-22,https://www.ebay.com/itm/146768397701,https://i.ebayimg.com/images/g/kWEAAOSwXXNllzR8/s-l500.webp,128 GB,Excellent,False,iPhone 14,,,True,,,,,,,,,,,,,,
1,Apple iPhone 14 A2649 (Fully Unlocked) 128GB Midnight (Excellent),$311.99,2025-10-22,https://www.ebay.com/itm/286883381371,https://i.ebayimg.com/images/g/tI0AAeSwV8Jo8r8C/s-l500.webp,128 GB,Excellent,False,iPhone 14,,,True,,,,,,,,,,,,,,
1,Apple iPhone 14 - 128gb - Blue (Unlocked) B-Stock,$319.98,2025-10-22,https://www.ebay.com/itm/156674771732,https://i.ebayimg.com/images/g/rKYAAOSwyo1neCJn/s-l500.webp,128 GB,Unknown,False,iPhone 14,,,True,,,,,,,,,,,,,,
1,Apple iPhone 14 512GB Factory Unlocked AT&T T-Mobile Verizon Very Good Condition,$396.95,2025-10-22,https://www.ebay.com/itm/304852332160,https://i.ebayimg.com/images/g/-NIAAOSwhadlQW-Y/s-l500.webp,512 GB,Very Good,False,iPhone 14,,,True,,,,,,,,,,,,,,
1,Apple iPhone 14 128GB - Fully Unlocked - VERY GOOD Condition,$317.99,2025-10-22,https://www.ebay.com/itm/226447947273,https://i.ebayimg.com/images/g/27QAAOSwlytnnrVO/s-l500.webp,128 GB,Unknown,False,iPhone 14,,,True,,,,,,,,,,,,,,
1,"Apple iPhone 14, 128GB, Network Unlocked - Excellent Condition",$320.65,2025-10-22,https://www.ebay.com/itm/355095079593,https://i.ebayimg.com/images/g/t4gAAOSwm-1lJIwm/s-l500.webp,128 GB,Excellent,False,iPhone 14,,,True,,,,,,,,,,,,,,
1,Apple iPhone 14 128GB Factory Unlocked AT&T T-Mobile Verizon Very Good Condition,$312.95,2025-10-22,https://www.ebay.com/itm/295504908552,https://i.ebayimg.com/images/g/tu8AAOSw0rhlDcKu/s-l500.webp,128 GB,Very Good,False,iPhone 14,,,True,,,,,,,,,,,,,,
1,Apple iPhone 14 256GB Factory Unlocked AT&T T-Mobile Verizon Good Condition,$321.95,2025-10-22,https://www.ebay.com/itm/304844617169,https://i.ebayimg.com/images/g/ARcAAOSwuVRl6yve/s-l500.webp,256 GB,Good,False,iPhone 14,,,True,,,,,,,,,,,,,,
1,Apple iPhone 14+ A2632 256GB Unlocked Very Good Condition,$348.53,2025-10-22,https://www.ebay.com/itm/355896550260,https://i.ebayimg.com/images/g/EtYAAOSwmwRnZc~y/s-l500.webp,256 GB,Very Good,False,iPhone 14,,,True,,,,,,,,,,,,,,
1,Apple iPhone 14 5G 128GB 256GB 512GB Fully Unlocked Good Grade,$266.99,2025-10-22,https://www.ebay.com/itm/297325388489,https://i.ebayimg.com/images/g/e6AAAOSwfApjyY6J/s-l500.webp,128 GB,Good,False,iPhone 14,,,True,,,,,,,,,,,,,,
1,Apple iPhone 14 128GB Unlocked - Very Good,$313.95,2025-10-22,https://www.ebay.com/itm/386156949904,https://i.ebayimg.com/images/g/7lIAAOSwy4dkW9k4/s-l500.webp,128 GB,Very Good,False,iPhone 14,,,True,,,,,,,,,,,,,,
1,Apple iPhone 14 128GB Network Unlocked Very Good Condition,$298.22,2025-10-22,https://www.ebay.com/itm/355095070816,https://i.ebayimg.com/images/g/xSYAAOSwLd5lJIrP/s-l500.webp,128 GB,Very Good,False,iPhone 14,,,True,,,,,,,,,,,,,,
1,Apple iPhone 14 - 128GB - Factory Unlocked - Very Good Condition,$319.99,2025-10-22,https://www.ebay.com/itm/146002976017,https://i.ebayimg.com/images/g/W84AAOSwklpm2LM5/s-l500.webp,128 GB,Very Good,False,iPhone 14,,,True,,,,,,,,,,,,,,
1,Apple iPhone 14 Starlight 256GB Good - Refurbished  - Unlocked,$318.99,2025-10-22,https://www.ebay.com/itm/127195098325,https://i.ebayimg.com/images/g/JDoAAeSwyUho-P~E/s-l500.webp,256 GB,Good,False,iPhone 14,,,True,,,,,,,,,,,,,,
1,Apple iPhone 14 Purple 256GB Good - Refurbished  - Unlocked,$318.99,2025-10-22,https://www.ebay.com/itm/127426572920,https://i.ebayimg.com/images/g/8QIAAeSwsQ5o-Pkr/s-l500.webp,256 GB,Good,False,iPhone 14,,,True,,,,,,,,,,,,,,
1,Apple iPhone 14 - 128GB 256GB 512GB - All Colors - Very Good Condition,$314.00,2025-10-22,https://www.ebay.com/itm/285828458164,https://i.ebayimg.com/images/g/kVYAAOSwo6BmKR-M/s-l500.webp,128 GB,Very Good,False,iPhone 14,,,True,,,,,,,,,,,,,,
1,Apple iPhone 14 128GB Fully Unlocked - Good,$289.99,2025-10-22,https://www.ebay.com/itm/326655214902,https://i.ebayimg.com/images/g/Xp8AAOSwjx1oE6LS/s-l500.webp,128 GB,Good,False,iPhone 14,,,True,,,,,,,,,,,,,,
1,Apple iPhone 14 A2649 Unlocked 128GB Blue Good,$285.99,2025-10-22,https://www.ebay.com/itm/176452219744,https://i.ebayimg.com/images/g/SroAAOSwqyhmhAQH/s-l500.webp,128 GB,Good,False,iPhone 14,,,True,,,,,,,,,,,,,,
1,"iPhone 14, 128GB, Unlocked, Midnight, MPUA3LL/A",$329.95,2025-10-22,https://www.ebay.com/itm/197789496274,https://i.ebayimg.com/images/g/56MAAeSw419o9rkY/s-l500.webp,128 GB,Unknown,False,iPhone 14,,,True,,,,,,,,,,,,,,
1,Apple iPhone 14+ A2632 128GB Unlocked Very Good Condition,$317.49,2025-10-22,https://www.ebay.com/itm/355896547023,https://i.ebayimg.com/images/g/2doAAOSwyUNnZdBv/s-l500.webp,128 GB,Very Good,False,iPhone 14,,,True,,,,,,,,,,,,,,
1,Apple iPhone 14 Starlight 128GB Good - Refurbished  - Unlocked,$302.99,2025-10-22,https://www.ebay.com/itm/127187183523,https://i.ebayimg.com/images/g/B-IAAeSwHaJo-XcD/s-l500.webp,128 GB,Good,False,iPhone 14,,,True,,,,,,,,,,,,,,
1,Apple iPhone 14 A2649 Unlocked 128GB Midnight Good,$303.40,2025-10-22,https://www.ebay.com/itm/186531733002,https://i.ebayimg.com/images/g/WogAAOSwtYBmgwcN/s-l500.webp,128 GB,Good,False,iPhone 14,,,True,,,,,,,,,,,,,,
1,Apple iPhone 14 128GB Factory Unlocked AT&T T-Mobile Verizon Excellent Condition,$330.95,2025-10-22,https://www.ebay.com/itm/295504908644,https://i.ebayimg.com/images/g/u3UAAOSwMkdkwnXP/s-l500.webp,128 GB,Excellent,False,iPhone 14,,,True,,,,,,,,,,,,,,
1,Apple iPhone 14 Blue 128GB Good - Refurbished  - Unlocked,$302.99,2025-10-22,https://www.ebay.com/itm/127195098338,https://i.ebayimg.com/images/g/8mgAAeSwr5do-Ygh/s-l500.webp,128 GB,Good,False,iPhone 14,,,True,,,,,,,,,,,,,,
1,Apple iPhone 14 - 128GB - Midnight - Unlocked - 99% BATTERY,$359.99,2025-09-30,https://www.ebay.com/itm/267414964522,https://i.ebayimg.com/images/g/MrEAAeSwbVhox2Wc/s-l500.webp,128 GB,Unknown,False,iPhone 14,,,True,,,,,,,,,,,,,,
1,Apple iPhone 14 128GB Unlocked - Excellent,$326.99,2025-10-22,https://www.ebay.com/itm/326655215355,https://i.ebayimg.com/images/g/Xp8AAOSwjx1oE6LS/s-l500.webp,128 GB,Excellent,False,iPhone 14,,,True,,,,,,,,,,,,,,
1,Apple iPhone 14 Red 128GB Good - Refurbished  - Unlocked,$302.99,2025-10-22,https://www.ebay.com/itm/127392504453,https://i.ebayimg.com/images/g/YLEAAeSwdexo-XCe/s-l500.webp,128 GB,Good,False,iPhone 14,,,True,,,,,,,,,,,,,,
1,Apple iPhone 14 128GB Factory Unlocked AT&T T-Mobile Verizon Good Condition,$298.95,2025-10-22,https://www.ebay.com/itm/304820253220,https://i.ebayimg.com/images/g/n5YAAOSwjGFlGs6i/s-l500.webp,128 GB,Good,False,iPhone 14,,,True,,,,,,,,,,,,,,
1,Apple iPhone 14 Purple 256GB Very Good - Refurbished  - Unlocked,$338.99,2025-10-22,https://www.ebay.com/itm/127309135624,https://i.ebayimg.com/images/g/~50AAeSwb25o9tvV/s-l500.webp,256 GB,Very Good,False,iPhone 14,,,True,,,,,,,,,,,,,,
1,Apple iPhone 14 Starlight 256GB Very Good - Refurbished  - Unlocked,$338.99,2025-10-22,https://www.ebay.com/itm/127382379519,https://i.ebayimg.com/images/g/kf4AAeSwXVho92y0/s-l500.webp,256 GB,Very Good,False,iPhone 14,,,True,,,,,,,,,,,,,,
1,Apple iPhone 14 - 128GB - Purple (Unlocked) - Excellent Condition,$329.00,2025-10-22,https://www.ebay.com/itm/335906077583,https://i.ebayimg.com/images/g/nccAAOSwGBNn-Jqa/s-l500.webp,128 GB,Excellent,False,iPhone 14,,,True,,,,,,,,,,,,,,
1,"iPhone 14, 128GB, Unlocked, Midnight, MPUA3LL/A",$299.95,2025-10-22,https://www.ebay.com/itm/197789488510,https://i.ebayimg.com/images/g/XAcAAeSwFWxo9raT/s-l500.webp,128 GB,Unknown,False,iPhone 14,,,True,,,,,,,,,,,,,,
1,Apple iPhone 14 - 128GB - (Unlocked) - A2649 - Good Condition - All Colors,$285.00,2025-10-21,https://www.ebay.com/itm/297668907584,https://i.ebayimg.com/images/g/5xYAAeSwfzNohCid/s-l500.webp,128 GB,Good,False,iPhone 14,,,True,,,,,,,,,,,,,,
1,Apple iPhone 14 A2649 Unlocked 256GB Midnight Good,$311.82,2025-10-21,https://www.ebay.com/itm/186589031975,https://i.ebayimg.com/images/g/f0sAAOSwwjZmoTUp/s-l500.webp,256 GB,Good,False,iPhone 14,,,True,,,,,,,,,,,,,,
1,Apple iPhone 14 A2649 (Fully Unlocked) 128GB Midnight (Good),$334.99,2025-10-21,https://www.ebay.com/itm/286883435404,https://i.ebayimg.com/images/g/T-UAAeSwgfNo8sfP/s-l500.webp,128 GB,Good,False,iPhone 14,,,True,,,,,,,,,,,,,,
1,Apple iPhone 14 Red 256 Good - Refurbished  - Unlocked,$318.99,2025-10-21,https://www.ebay.com/itm/127433141816,https://i.ebayimg.com/images/g/V6YAAeSwTodo-Dzd/s-l500.webp,Unknown,Good,False,iPhone 14,,,True,,,,,,,,,,,,,,
1,Apple iPhone 14 Blue 256GB Good - Refurbished  - Unlocked,$318.99,2025-10-21,https://www.ebay.com/itm/127370266292,https://i.ebayimg.com/images/g/mO8AAeSwCfNo96pt/s-l500.webp,256 GB,Good,False,iPhone 14,,,True,,,,,,,,,,,,,,
1,Apple iPhone 14 Starlight 128GB Excellent - Refurbished  - Unlocked,$342.99,2025-10-21,https://www.ebay.com/itm/127403430014,https://i.ebayimg.com/images/g/BdkAAeSwk-do-Mg7/s-l500.webp,128 GB,Excellent,False,iPhone 14,,,True,,,,,,,,,,,,,,
1,Apple iPhone 14 128GB - Fully Unlocked  - EXCELLENT Condition,$329.99,2025-10-21,https://www.ebay.com/itm/326422597792,https://i.ebayimg.com/images/g/uOMAAOSwLjtninPj/s-l500.webp,128 GB,Unknown,False,iPhone 14,,,True,,,,,,,,,,,,,,
1,Apple iPhone 14 - 128GB - Unlocked - Excellent Refurbished -All Color(eSim Only),$365.00,2025-03-24,https://www.ebay.com/itm/156605945770,https://i.ebayimg.com/images/g/P1YAAOSwSlhnbu3p/s-l500.webp,128 GB,Excellent,False,iPhone 14,,,True,,,,,,,,,,,,,,
1,Apple iPhone 14 128GB Smartphone A2649 Fully Unlocked Very Good,$325.00,2025-10-21,https://www.ebay.com/itm/226078624637,https://i.ebayimg.com/images/g/RLkAAOSwjKhmHvZU/s-l500.webp,128 GB,Very Good,False,iPhone 14,,,True,,,,,,,,,,,,,,
1,Apple iPhone 14 - (Unlocked) - 256GB - A2649 - All Colors - Excellent,$369.00,2025-10-21,https://www.ebay.com/itm/365694882211,https://i.ebayimg.com/images/g/ctEAAOSwW51kk0P0/s-l500.webp,256 GB,Excellent,False,iPhone 14,,,True,,,,,,,,,,,,,,
1,Apple iPhone 14 - 128GB - Blue (Unlocked) - 85%+ Battery Very Good Condition,$319.00,2025-10-21,https://www.ebay.com/itm/335906047315,https://i.ebayimg.com/images/g/8hYAAOSwptxnuDbX/s-l500.webp,128 GB,Very Good,False,iPhone 14,,,True,,,,,,,,,,,,,,
1,"Apple iPhone 14, 128GB-256GB-512GB, Unlocked - Refurbished B Grade",$319.99,2025-10-21,https://www.ebay.com/itm/236252739956,https://i.ebayimg.com/images/g/tzUAAOSw1p5kB1Fw/s-l500.webp,128 GB,Unknown,False,iPhone 14,,,True,,,,,,,,,,,,,,
1,Apple iPhone 14 128GB Unlocked - Good,$299.95,2025-10-21,https://www.ebay.com/itm/405418548969,https://i.ebayimg.com/images/g/7lIAAOSwy4dkW9k4/s-l500.webp,128 GB,Good,False,iPhone 14,,,True,,,,,,,,,,,,,,
1,"Apple iPhone 14 128GB Unlocked 90%+ Battery 6.1"" (Starlight) A2649 w/Warranty",$344.94,2025-10-21,https://www.ebay.com/itm/357762474686,https://i.ebayimg.com/images/g/KtAAAeSwZBJo8Qze/s-l500.webp,128 GB,Unknown,False,iPhone 14,,,True,,,,,,,,,,,,,,
1,Apple iPhone 14 Starlight 128GB Very Good - Refurbished  - Unlocked,$322.99,2025-10-21,https://www.ebay.com/itm/127187183339,https://i.ebayimg.com/images/g/2RcAAeSwrR5o-B7V/s-l500.webp,128 GB,Very Good,False,iPhone 14,,,True,,,,,,,,,,,,,,
1,APPLE IPHONE 14 - 128GB 256GB (UNLOCKED) ✅PHYSICAL SIM CARD✅ (A2881) ✤EXCELLENT✤,$389.95,2025-10-21,https://www.ebay.com/itm/226718290575,https://i.ebayimg.com/images/g/SGYAAOSwDrhmQpdR/s-l500.webp,128 GB,Unknown,False,iPhone 14,,,True,,,,,,,,,,,,,,
1,Apple iPhone 14 128GB Unlocked Excellent Condition - All Colors,$349.99,2025-10-21,https://www.ebay.com/itm/296097640498,https://i.ebayimg.com/images/g/su0AAOSwwP1lczuQ/s-l500.webp,128 GB,Excellent,False,iPhone 14,,,True,,,,,,,,,,,,,,
1,Apple iPhone 14 A2649 iOS Smartphone 128GB/ 256GB-UNLOCKED/AT&T/T-Mobile/Verizon,$349.99,2025-10-20,https://www.ebay.com/itm/127363474431,https://i.ebayimg.com/images/g/RagAAOSwPKVma2H5/s-l500.webp,128 GB,Unknown,False,iPhone 14,,,True,,,,,,,,,,,,,,
1,Apple iPhone 14 256GB Factory Unlocked AT&T T-Mobile Verizon Very Good Condition,$340.95,2025-10-20,https://www.ebay.com/itm/295504908589,https://i.ebayimg.com/images/g/1tQAAOSwyXdlDcLB/s-l500.webp,256 GB,Very Good,False,iPhone 14,,,True,,,,,,,,,,,,,,
1,Apple iPhone 14 With Physical Sim Tray Fully Unlocked 128GB- Very Good,$399.99,2025-10-20,https://www.ebay.com/itm/167824403663,https://i.ebayimg.com/images/g/R~wAAeSwzwxo2q8i/s-l500.webp,128 GB,Very Good,False,iPhone 14,,,True,,,,,,,,,,,,,,
1,"Apple iPhone 14 5G (512GB, 6GB) 6.1"" OLED, US Model Fully Unlocked for Global",$450.79,2025-10-20,https://www.ebay.com/itm/136530680000,https://i.ebayimg.com/images/g/oDYAAeSwoO5o3IHZ/s-l500.webp,512 GB,Unknown,False,iPhone 14,,,True,,,,,,,,,,,,,,
2,"Apple iPhone 14 5G (512GB, 6GB) 6.1"" OLED, US Model Fully Unlocked for Global",$450.79,2025-10-20,https://www.ebay.com/itm/136530680000,https://i.ebayimg.com/images/g/oDYAAeSwoO5o3IHZ/s-l500.webp,512 GB,Unknown,False,iPhone 14,,,True,,,,,,,,,,,,,,
2,Apple iPhone 14+ 128GB Unlocked Good Condition,$357.27,2025-10-20,https://www.ebay.com/itm/356358039985,https://i.ebayimg.com/images/g/rygAAOSwsHZnVzeh/s-l500.webp,128 GB,Good,False,iPhone 14,,,True,,,,,,,,,,,,,,
2,"Apple iPhone 14 256GB Unlocked 6.1"" (Red) - A2649 w/1 Year Warranty",$332.00,2025-10-20,https://www.ebay.com/itm/357637778065,https://i.ebayimg.com/images/g/pcQAAeSwYfpozHz8/s-l500.webp,256 GB,Unknown,False,iPhone 14,,,True,,,,,,,,,,,,,,
2,Apple iPhone 14 256GB Factory Unlocked AT&T T-Mobile Verizon Excellent Condition,$377.95,2025-10-20,https://www.ebay.com/itm/304789955111,https://i.ebayimg.com/images/g/2oAAAOSwC3JlDcLj/s-l500.webp,256 GB,Excellent,False,iPhone 14,,,True,,,,,,,,,,,,,,
2,Apple iPhone 14 128GB - All Colors - Factory Unlocked - Good Condition,$305.00,2025-10-19,https://www.ebay.com/itm/235414338644,https://i.ebayimg.com/images/g/SiwAAOSwfCNlg3xi/s-l500.webp,128 GB,Good,False,iPhone 14,,,True,,,,,,,,,,,,,,
2,Apple iPhone 14 128GB Unlocked - Good,$298.99,2025-10-19,https://www.ebay.com/itm/256593723619,https://i.ebayimg.com/images/g/PyMAAeSwNV1oNeed/s-l500.webp,128 GB,Good,False,iPhone 14,,,True,,,,,,,,,,,,,,
2,Apple iPhone 14 - 128GB GRADE A(Batt health 85%+) - UNLOCKED!,$343.00,2025-10-19,https://www.ebay.com/itm/316800965692,https://i.ebayimg.com/images/g/IWYAAOSwpjVoI5-A/s-l500.webp,128 GB,Unknown,False,iPhone 14,,,True,,,,,,,,,,,,,,
2,iPhone 14 - Factory Unlocked - 128GB - Black - Excellent,$335.00,2025-10-19,https://www.ebay.com/itm/275552013739,https://i.ebayimg.com/images/g/StcAAOSw93ZjUIit/s-l500.webp,128 GB,Excellent,False,iPhone 14,,,True,,,,,,,,,,,,,,
2,"Apple iPhone 14 6.1"" Smart Phone (Unlocked) 128GB iOS - Midnight",$261.99,2025-10-19,https://www.ebay.com/itm/157372848064,https://i.ebayimg.com/images/g/NwQAAeSwI29o8lFZ/s-l500.webp,128 GB,Unknown,False,iPhone 14,,,True,,,,,,,,,,,,,,
2,"Apple iPhone 14 128GB Unlocked 6.1"" - (Midnight) A2649 w/1 Year Warranty",$313.00,2025-10-19,https://www.ebay.com/itm/375369082679,https://i.ebayimg.com/images/g/YH0AAOSwJR9mGW-8/s-l500.webp,128 GB,Unknown,False,iPhone 14,,,True,,,,,,,,,,,,,,
2,Apple iPhone 14 - 128GB - Midnight - Unlocked - 85%+ Battery Excellent Condition,$329.00,2025-10-18,https://www.ebay.com/itm/336048769138,https://i.ebayimg.com/images/g/wwQAAeSwYqtoZ6pR/s-l500.webp,128 GB,Excellent,False,iPhone 14,,,True,,,,,,,,,,,,,,
2,"Apple iPhone 14 128GB 6.1"" (A2649) Fully Unlocked Dual eSIM - Good Condition",$332.99,2025-10-18,https://www.ebay.com/itm/176305854000,https://i.ebayimg.com/images/g/XHYAAOSwkRxmAza3/s-l500.webp,128 GB,Good,False,iPhone 14,,,True,,,,,,,,,,,,,,
2,"Apple iPhone 14 5G (256GB,6GB) 6.1"" OLED, 5G / 4G LTE Fully Unlocked for Global",$333.19,2025-08-19,https://www.ebay.com/itm/156470207519,https://i.ebayimg.com/images/g/ucUAAeSw7HtozOLA/s-l500.webp,256 GB,Unknown,False,iPhone 14,,,True,,,,,,,,,,,,,,
2,Apple iPhone 14 128GB Factory Unlocked Smartphone Very Good,$309.99,2025-10-18,https://www.ebay.com/itm/387769266396,https://i.ebayimg.com/images/g/oUYAAOSwCbhnbvb~/s-l500.webp,128 GB,Very Good,False,iPhone 14,,,True,,,,,,,,,,,,,,
2,Apple iPhone 14 Purple 128GB Very Good - Refurbished  - Unlocked,$322.99,2025-10-18,https://www.ebay.com/itm/127187183916,https://i.ebayimg.com/images/g/vAsAAeSwE-lo9bub/s-l500.webp,128 GB,Very Good,False,iPhone 14,,,True,,,,,,,,,,,,,,
2,Apple iPhone 14 (5G) A2649 - Unlocked - 128GB Blue *eSIM ONLY* Very Good,$290.99,2025-10-18,https://www.ebay.com/itm/146710513827,https://i.ebayimg.com/images/g/IPcAAOSwwC9mS6g2/s-l500.webp,128 GB,Very Good,False,iPhone 14,,,True,,,,,,,,,,,,,,
2,Apple iPhone 14 128GB Unlocked Good Condition - All Colors,$309.99,2025-10-17,https://www.ebay.com/itm/276217865719,https://i.ebayimg.com/images/g/MRAAAOSweTtlczuj/s-l500.webp,128 GB,Good,False,iPhone 14,,,True,,,,,,,,,,,,,,
2,Apple iPhone 14 Blue 256GB Very Good - Refurbished  - Unlocked,$361.99,2025-08-25,https://www.ebay.com/itm/127320853166,https://i.ebayimg.com/images/g/8cEAAeSwCnpo0soZ/s-l500.webp,256 GB,Very Good,False,iPhone 14,,,True,,,,,,,,,,,,,,
2,Apple iPhone 14 Midnight 128GB Excellent - Refurbished  - Unlocked,$342.99,2025-10-17,https://www.ebay.com/itm/127402863926,https://i.ebayimg.com/images/g/OsQAAeSwOYZo9r-b/s-l500.webp,128 GB,Excellent,False,iPhone 14,,,True,,,,,,,,,,,,,,
2,Apple iPhone 14 256GB - Fully Unlocked -ALL CARRIERS -VERY GOOD Condition,$340.99,2025-10-17,https://www.ebay.com/itm/226516302355,https://i.ebayimg.com/images/g/Z9wAAOSwveBninPo/s-l500.webp,256 GB,Unknown,False,iPhone 14,,,True,,,,,,,,,,,,,,
2,"Apple iPhone 14 128GB Unlocked 6.1"" - (Red) A2649 w/1 Year Warranty",$282.00,2025-10-17,https://www.ebay.com/itm/375689691040,https://i.ebayimg.com/images/g/cwIAAOSwpa5m~ykQ/s-l500.webp,128 GB,Unknown,False,iPhone 14,,,True,,,,,,,,,,,,,,
2,"Apple iPhone 14 128GB Unlocked 6.1"" - (Purple) A2649 w/1 Year Warranty",$288.00,2025-10-16,https://www.ebay.com/itm/376557595097,https://i.ebayimg.com/images/g/bWcAAeSwX3loy0VH/s-l500.webp,128 GB,Unknown,False,iPhone 14,,,True,,,,,,,,,,,,,,
2,Apple iPhone 14 128GB Unlocked 90%+ Battery (Midnight) A2649 w/1 Year Warranty,$313.00,2025-10-16,https://www.ebay.com/itm/146525309967,https://i.ebayimg.com/images/g/-6sAAOSwPUloASu-/s-l500.webp,128 GB,Unknown,False,iPhone 14,,,True,,,,,,,,,,,,,,
2,Apple iPhone 14 -5G - 128GB Factory Unlocked GSM + CDMA - EXCELLENT,$338.48,2025-10-16,https://www.ebay.com/itm/116619563010,https://i.ebayimg.com/images/g/JlgAAOSwZYBoDT97/s-l500.webp,128 GB,Unknown,False,iPhone 14,,,True,,,,,,,,,,,,,,
2,Apple iPhone 14 A2649 Unlocked 128GB Red Good,$296.31,2025-10-16,https://www.ebay.com/itm/176484875792,https://i.ebayimg.com/images/g/8n4AAOSwNIRmntPr/s-l500.webp,128 GB,Good,False,iPhone 14,,,True,,,,,,,,,,,,,,
2,Apple iPhone 14 - 128GB - Purple (Unlocked) - Very Good Condition,$319.00,2025-10-16,https://www.ebay.com/itm/335774905913,https://i.ebayimg.com/images/g/SIgAAOSwzbdnbmrZ/s-l500.webp,128 GB,Very Good,False,iPhone 14,,,True,,,,,,,,,,,,,,
2,Apple iPhone 14 (5G) 128GB Purple *eSIM ONLY* UNLOCKED [A2649] Very Good,$322.99,2025-10-15,https://www.ebay.com/itm/145787485311,https://i.ebayimg.com/images/g/2hoAAOSwIHtl09BJ/s-l500.webp,128 GB,Very Good,False,iPhone 14,,,True,,,,,,,,,,,,,,
2,iPhone 14 - Factory Unlocked - 256GB - Black - Very good,$358.00,2025-10-15,https://www.ebay.com/itm/276155921681,https://i.ebayimg.com/images/g/StcAAOSw93ZjUIit/s-l500.webp,256 GB,Very Good,False,iPhone 14,,,True,,,,,,,,,,,,,,
2,Apple iPhone 14 - 128GB 256GB 512GB - All Colors - Good Condition,$294.00,2025-10-15,https://www.ebay.com/itm/276438195570,https://i.ebayimg.com/images/g/hSsAAOSw8gZmKSDo/s-l500.webp,128 GB,Good,False,iPhone 14,,,True,,,,,,,,,,,,,,
2,Apple iPhone 14 128GB Unlocked - Very Good,$312.99,2025-10-15,https://www.ebay.com/itm/256473384992,https://i.ebayimg.com/images/g/P6MAAeSwFXxoNecH/s-l500.webp,128 GB,Very Good,False,iPhone 14,,,True,,,,,,,,,,,,,,
2,Apple iPhone 14 - 128GB -  (Unlocked) A2649 (CDMA & GSM) All Colors ~ Excellent!,$330.00,2025-10-15,https://www.ebay.com/itm/227021926151,https://i.ebayimg.com/images/g/dL8AAOSwOZ9nvKPV/s-l500.webp,128 GB,Excellent,False,iPhone 14,,,True,,,,,,,,,,,,,,
2,Apple iPhone 14 A2649 128GB Unlocked MPUA3LL/A - Very Good,$304.99,2025-10-15,https://www.ebay.com/itm/187098407065,https://i.ebayimg.com/images/g/SsoAAOSw7fJn6riE/s-l500.webp,128 GB,Very Good,False,iPhone 14,,,True,,,,,,,,,,,,,,
2,"Apple iPhone 14 5G (256GB,6GB) 6.1"" OLED, US Model Fully Unlocked for Global",$345.99,2025-10-15,https://www.ebay.com/itm/146169356831,https://i.ebayimg.com/images/g/~fAAAeSwLVNoL1gi/s-l500.webp,256 GB,Unknown,False,iPhone 14,,,True,,,,,,,,,,,,,,
2,Apple iPhone 14 256GB Network Unlocked Excellent Condition,$427.48,2025-10-14,https://www.ebay.com/itm/356103750807,https://i.ebayimg.com/images/g/rlQAAOSwFkFnZc6V/s-l500.webp,256 GB,Excellent,False,iPhone 14,,,True,,,,,,,,,,,,,,
2,Apple iPhone 14 128GB Midnight Black Unlocked - 85%+ Battery Very Good Condition,$319.00,2025-10-14,https://www.ebay.com/itm/335880621334,https://i.ebayimg.com/images/g/eKsAAOSwjONngtg7/s-l500.webp,128 GB,Very Good,False,iPhone 14,,,True,,,,,,,,,,,,,,
2,Apple iPhone 14 512GB Factory Unlocked AT&T T-Mobile Verizon Excellent Condition,$418.95,2025-10-14,https://www.ebay.com/itm/295504908709,https://i.ebayimg.com/images/g/N2cAAOSwolVlhEsg/s-l500.webp,512 GB,Excellent,False,iPhone 14,,,True,,,,,,,,,,,,,,
2,Apple iPhone 14 -5G - 256GB Factory Unlocked GSM + CDMA - EXCELLENT,$369.48,2025-10-14,https://www.ebay.com/itm/116577286868,https://i.ebayimg.com/images/g/JlgAAOSwZYBoDT97/s-l500.webp,256 GB,Unknown,False,iPhone 14,,,True,,,,,,,,,,,,,,
2,Apple iPhone 14 - 256GB - Unlocked - Excellent Refurbished -All Color(eSim Only),$465.00,2025-01-14,https://www.ebay.com/itm/156637011571,https://i.ebayimg.com/images/g/HfgAAOSwv21nhuJy/s-l500.webp,256 GB,Excellent,False,iPhone 14,,,True,,,,,,,,,,,,,,
2,Apple iPhone 14 128GB GSM Unlocked AT&T T-Mobile Very Good Condition,$309.95,2025-10-14,https://www.ebay.com/itm/296670077686,https://i.ebayimg.com/images/g/uGgAAOSw6AZnDnzE/s-l500.webp,128 GB,Very Good,False,iPhone 14,,,True,,,,,,,,,,,,,,
2,Apple iPhone 14 256GB Purple (Unlocked / A2649) MPW83LL/A,$379.05,2025-10-13,https://www.ebay.com/itm/376614305833,https://i.ebayimg.com/images/g/gPgAAeSwnqBo6lv9/s-l500.webp,256 GB,Unknown,False,iPhone 14,,,True,,,,,,,,,,,,,,
2,Apple iPhone 14 256GB (Product)RED (Unlocked / A2649) MPWF3LL/A,$369.55,2025-10-13,https://www.ebay.com/itm/376614380864,https://i.ebayimg.com/images/g/YBwAAeSw7EFo6mQk/s-l500.webp,256 GB,Unknown,False,iPhone 14,,,True,,,,,,,,,,,,,,
2,Apple iPhone 14 - 256GB - Unlocked - Midnight - 91% BATTERY,$359.99,2025-10-13,https://www.ebay.com/itm/267435245824,https://i.ebayimg.com/images/g/974AAeSwh5Vo7Cjh/s-l500.webp,256 GB,Unknown,False,iPhone 14,,,True,,,,,,,,,,,,,,
2,Apple iPhone 14 128GB Unlocked Very Good Condition - All Colors,$329.99,2025-10-13,https://www.ebay.com/itm/276217865650,https://i.ebayimg.com/images/g/YuMAAOSw6EFlczuF/s-l500.webp,128 GB,Very Good,False,iPhone 14,,,True,,,,,,,,,,,,,,
2,Apple iPhone 14 Blue 256GB Excellent - Refurbished  - Unlocked,$391.99,2025-09-08,https://www.ebay.com/itm/127311176422,https://i.ebayimg.com/images/g/gSoAAeSw7uNovlks/s-l500.webp,256 GB,Excellent,False,iPhone 14,,,True,,,,,,,,,,,,,,
2,"Apple iPhone 14 128GB 6.1"" Fully Unlocked - All Colors - Refurbished Excellent",$359.99,2025-10-13,https://www.ebay.com/itm/177240905702,https://i.ebayimg.com/images/g/qwQAAeSwKtpoZs2f/s-l500.webp,128 GB,Excellent,False,iPhone 14,,,True,,,,,,,,,,,,,,
2,Apple iPhone 14 128GB  Fully Unlocked  - ALL CARRIERS -  Very Good Condition,$339.90,2025-10-13,https://www.ebay.com/itm/205579465352,https://i.ebayimg.com/images/g/sEgAAOSwRJdoWcJk/s-l500.webp,128 GB,Very Good,False,iPhone 14,,,True,,,,,,,,,,,,,,
2,Apple iPhone 14 (A2649) Unlocked 128GB Black - Very Good,$284.74,2025-10-13,https://www.ebay.com/itm/227018282355,https://i.ebayimg.com/images/g/bIQAAeSwkldo6Vqy/s-l500.webp,128 GB,Very Good,False,iPhone 14,,,True,,,,,,,,,,,,,,
3,"Apple iPhone 14 6.1"" 256GB Fully Unlocked (Any Carrier) SmartPhone Good",$414.99,2025-10-13,https://www.ebay.com/itm/356448754376,https://i.ebayimg.com/images/g/hPEAAOSwnK5lCPek/s-l500.webp,256 GB,Good,False,iPhone 14,,,True,,,,,,,,,,,,,,
3,Apple iPhone 14 Blue 128GB Very Good - Refurbished  - Unlocked,$322.99,2025-10-13,https://www.ebay.com/itm/127393226539,https://i.ebayimg.com/images/g/Dz8AAeSwj95o9S2C/s-l500.webp,128 GB,Very Good,False,iPhone 14,,,True,,,,,,,,,,,,,,
3,Apple iPhone 14 128GB Midnight A2649 MPUA3LL/A Unlocked Clean ESN Good (WG),$319.95,2025-10-12,https://www.ebay.com/itm/197762304665,https://i.ebayimg.com/images/g/kJcAAOSwLYhlU2p8/s-l500.webp,128 GB,Good,False,iPhone 14,,,True,,,,,,,,,,,,,,
3,Apple iPhone 14 256GB Unlocked - Very Good,$351.95,2025-10-12,https://www.ebay.com/itm/365346923529,https://i.ebayimg.com/images/g/7lIAAOSwy4dkW9k4/s-l500.webp,256 GB,Very Good,False,iPhone 14,,,True,,,,,,,,,,,,,,
3,Apple iPhone 14 - 128GB -  (Unlocked) A2649 (CDMA & GSM) All Colors ~ Excellent!,$354.99,2025-08-20,https://www.ebay.com/itm/326459594461,https://i.ebayimg.com/images/g/dL8AAOSwOZ9nvKPV/s-l500.webp,128 GB,Excellent,False,iPhone 14,,,True,,,,,,,,,,,,,,
3,Apple iPhone 14 Red 128GB Very Good - Refurbished  - Unlocked,$312.99,2025-09-04,https://www.ebay.com/itm/127309135922,https://i.ebayimg.com/images/g/-ugAAeSwUBVo4rgM/s-l500.webp,128 GB,Very Good,False,iPhone 14,,,True,,,,,,,,,,,,,,
3,Apple iPhone 14 Purple 256GB Good - Refurbished  - Unlocked,$342.99,2025-08-25,https://www.ebay.com/itm/127309135733,https://i.ebayimg.com/images/g/xkwAAeSwVsdo6qI7/s-l500.webp,256 GB,Good,False,iPhone 14,,,True,,,,,,,,,,,,,,
3,Apple iPhone 14 128GB Verizon - Very Good,$313.95,2025-10-11,https://www.ebay.com/itm/405418538143,https://i.ebayimg.com/images/g/7lIAAOSwy4dkW9k4/s-l500.webp,128 GB,Very Good,False,iPhone 14,,,True,,,,,,,,,,,,,,
3,Apple iPhone 14 128GB A2649 5G Unlocked - Excellent,$349.99,2025-10-10,https://www.ebay.com/itm/286258107572,https://i.ebayimg.com/images/g/LSkAAOSwJAtnuOJQ/s-l500.webp,128 GB,Excellent,False,iPhone 14,,,True,,,,,,,,,,,,,,
3,Apple iPhone 14 512GB Factory Unlocked AT&T T-Mobile Verizon Good Condition,$377.95,2025-10-10,https://www.ebay.com/itm/304839764248,https://i.ebayimg.com/images/g/oFgAAOSwtCRlc1nB/s-l500.webp,512 GB,Good,False,iPhone 14,,,True,,,,,,,,,,,,,,
3,Apple iPhone 14 Midnight 128GB Very Good - Refurbished  - Unlocked,$322.99,2025-10-09,https://www.ebay.com/itm/127309353732,https://i.ebayimg.com/images/g/7pMAAeSwVNZo9bj6/s-l500.webp,128 GB,Very Good,False,iPhone 14,,,True,,,,,,,,,,,,,,
3,iPhone 14 - Factory Unlocked - 128GB - Black - Fair,$265.00,2025-10-09,https://www.ebay.com/itm/285346037656,https://i.ebayimg.com/images/g/N9EAAOSwqGxjSdqm/s-l500.webp,128 GB,Unknown,False,iPhone 14,,,True,,,,,,,,,,,,,,
3,Apple iPhone 14 Blue 128GB Excellent - Refurbished  - Unlocked,$332.99,2025-10-09,https://www.ebay.com/itm/127402863966,https://i.ebayimg.com/images/g/eicAAeSwVlNo5Tao/s-l500.webp,128 GB,Excellent,False,iPhone 14,,,True,,,,,,,,,,,,,,
3,"Apple iPhone 14 128GB Unlocked 6.1"" - (Yellow) A2649 w/1 Year Warranty",$292.47,2025-10-08,https://www.ebay.com/itm/376479478359,https://i.ebayimg.com/images/g/ab0AAeSwy89onM6k/s-l500.webp,128 GB,Unknown,False,iPhone 14,,,True,,,,,,,,,,,,,,
3,Apple iPhone 14 256GB Blue - Fully Unlocked (Any Carrier!) MPWM3LL/A - Very Good,$379.00,2025-04-09,https://www.ebay.com/itm/127041185571,https://i.ebayimg.com/images/g/luYAAOSw-iFn2ZFV/s-l500.webp,256 GB,Very Good,False,iPhone 14,,,True,,,,,,,,,,,,,,
3,Apple iPhone 14 - 128GB - Midnight - Unlocked - 90%+ Battery Excellent Condition,$365.56,2025-10-08,https://www.ebay.com/itm/335970248233,https://i.ebayimg.com/images/g/uI0AAOSwrBRnuDkY/s-l500.webp,128 GB,Excellent,False,iPhone 14,,,True,,,,,,,,,,,,,,
3,Apple iPhone 14 256GB Fully Unlocked - Good,$348.99,2025-10-07,https://www.ebay.com/itm/226822015858,https://i.ebayimg.com/images/g/Xp8AAOSwjx1oE6LS/s-l500.webp,256 GB,Good,False,iPhone 14,,,True,,,,,,,,,,,,,,
3,Apple iPhone 14 256GB GSM Unlocked AT&T T-Mobile Very Good Condition,$359.95,2025-10-07,https://www.ebay.com/itm/297636547619,https://i.ebayimg.com/images/g/L48AAeSwRJBo1Utx/s-l500.webp,256 GB,Very Good,False,iPhone 14,,,True,,,,,,,,,,,,,,
3,Apple iPhone 14 128GB Unlocked - Excellent,$335.99,2025-10-06,https://www.ebay.com/itm/256473384960,https://i.ebayimg.com/images/g/eQ8AAeSwhkxoM8xO/s-l500.webp,128 GB,Excellent,False,iPhone 14,,,True,,,,,,,,,,,,,,
3,"Apple iPhone 14 256GB Unlocked 6.1"" OLED XDR 6GB 12MP WiFi 6 NFC 5G eSIM Purple",$339.99,2025-10-06,https://www.ebay.com/itm/205729138111,https://i.ebayimg.com/images/g/aJMAAOSw~C1mWIln/s-l500.webp,256 GB,Unknown,False,iPhone 14,,,True,,,,,,,,,,,,,,
3,Apple iPhone 14 256GB Unlocked - Very Good,$379.99,2025-10-05,https://www.ebay.com/itm/256845539737,https://i.ebayimg.com/images/g/ApgAAeSwLD1oNxwf/s-l500.webp,256 GB,Very Good,False,iPhone 14,,,True,,,,,,,,,,,,,,
3,Apple iPhone 14 A2649 128GB Unlocked Good Condition,$300.36,2025-10-05,https://www.ebay.com/itm/387907209798,https://i.ebayimg.com/images/g/SnwAAeSwrU5np2fA/s-l500.webp,128 GB,Good,False,iPhone 14,,,True,,,,,,,,,,,,,,
3,Apple iPhone 14 Purple 128GB Excellent - Refurbished  - Unlocked,$332.99,2025-10-05,https://www.ebay.com/itm/127363625223,https://i.ebayimg.com/images/g/2QYAAeSwg3Fo7mtq/s-l500.webp,128 GB,Excellent,False,iPhone 14,,,True,,,,,,,,,,,,,,
3,Apple iPhone 14 Fully Unlocked Purple 512GB Generic LCD,$435.00,2025-10-05,https://www.ebay.com/itm/167777820338,https://i.ebayimg.com/images/g/uG8AAeSwZ05ovvzu/s-l500.webp,512 GB,Unknown,False,iPhone 14,,,True,,,,,,,,,,,,,,
3,Apple iPhone 14 - 128GB - Factory Unlocked - Excellent Condition,$388.00,2025-10-05,https://www.ebay.com/itm/126658825474,https://i.ebayimg.com/images/g/W84AAOSwklpm2LM5/s-l500.webp,128 GB,Excellent,False,iPhone 14,,,True,,,,,,,,,,,,,,
3,"Apple iPhone 14 5G (256GB,6GB) 6.1"" OLED, 5G / 4G LTE Global Fully Unlocked",$333.19,2025-04-27,https://www.ebay.com/itm/135353580123,https://i.ebayimg.com/images/g/kbsAAeSwjjJo3Dva/s-l500.webp,256 GB,Unknown,False,iPhone 14,,,True,,,,,,,,,,,,,,
3,Apple iPhone 14 A2649 Unlocked 128GB Purple Good,$307.10,2025-10-04,https://www.ebay.com/itm/196518517606,https://i.ebayimg.com/images/g/tKYAAOSwuclmn9dl/s-l500.webp,128 GB,Good,False,iPhone 14,,,True,,,,,,,,,,,,,,
3,Apple iPhone 14 - 128GB 256GB 512GB - All Colors - Excellent Condition,$335.00,2025-10-03,https://www.ebay.com/itm/285828450914,https://i.ebayimg.com/images/g/xv0AAOSwXDpmKR17/s-l500.webp,128 GB,Excellent,False,iPhone 14,,,True,,,,,,,,,,,,,,
3,"Apple iPhone 14 128GB Unlocked 6.1"" 12MP WiFi GPS NFC 5G 4G Black (eSIM ONLY)",$304.99,2025-10-02,https://www.ebay.com/itm/205729139136,https://i.ebayimg.com/images/g/UR0AAOSwGxdlldFl/s-l500.webp,128 GB,Unknown,False,iPhone 14,,,True,,,,,,,,,,,,,,
3,Apple iPhone 14 128GB GSM / CDMA Unlocked Smartphone - Midnight - Very Good,$364.99,2025-03-03,https://www.ebay.com/itm/355341678065,https://i.ebayimg.com/images/g/adgAAOSwLD1llGD3/s-l500.webp,128 GB,Very Good,False,iPhone 14,,,True,,,,,,,,,,,,,,
3,"Apple iPhone 14 6.1"" Smart Phone (Unlocked) 128GB iOS - Midnight",$324.99,2025-10-02,https://www.ebay.com/itm/156940260442,https://i.ebayimg.com/images/g/cW0AAeSwjZpo3UG7/s-l500.webp,128 GB,Unknown,False,iPhone 14,,,True,,,,,,,,,,,,,,
3,Apple iPhone 14 128GB Midnight A2649 MPUA3LL/A Unlocked Clean ESN Very Good (ME),$479.95,2025-10-02,https://www.ebay.com/itm/197064253068,https://i.ebayimg.com/images/g/kJcAAOSwLYhlU2p8/s-l500.webp,128 GB,Very Good,False,iPhone 14,,,True,,,,,,,,,,,,,,
3,Apple iPhone 14 128GB Fully Unlocked Smartphone - Excellent,$334.00,2025-10-02,https://www.ebay.com/itm/226333219383,https://i.ebayimg.com/images/g/72UAAOSw9L5m2KnJ/s-l500.webp,128 GB,Excellent,False,iPhone 14,,,True,,,,,,,,,,,,,,
3,"Apple iPhone 14 5G (512GB, 6GB) 6.1"" OLED, US Model Fully Unlocked for Global",$451.93,2025-07-29,https://www.ebay.com/itm/156559943461,https://i.ebayimg.com/images/g/PMAAAeSwX7xoL2sO/s-l500.webp,512 GB,Unknown,False,iPhone 14,,,True,,,,,,,,,,,,,,
3,Apple iPhone 14 128GB 256GB Unlocked AT&T T-Mobile Verizon All Network Excellent,$335.00,2025-09-30,https://www.ebay.com/itm/335821227311,https://i.ebayimg.com/images/g/STQAAOSwp45ntlmu/s-l500.webp,128 GB,Excellent,False,iPhone 14,,,True,,,,,,,,,,,,,,
3,Apple iPhone 14 128GB 256GB 512GB Unlocked Smartphone - Very Good,$339.99,2025-09-30,https://www.ebay.com/itm/156830558855,https://i.ebayimg.com/images/g/-~kAAOSwaONnv4di/s-l500.webp,128 GB,Very Good,False,iPhone 14,,,True,,,,,,,,,,,,,,
1,Apple iPhone 15 512GB Factory Unlocked AT&T T-Mobile Verizon Very Good Condition,$527.95,2025-10-22,https://www.ebay.com/itm/296106948944,https://i.ebayimg.com/images/g/fsUAAOSwBixnN62t/s-l140.webp,512 GB,Very Good,False,iPhone 15,,,,True,,,,,,,,,,,,,
1,Apple iPhone 15 A2846 128GB Unlocked Excellent Condition,$455.99,2025-10-22,https://www.ebay.com/itm/356036252976,https://i.ebayimg.com/images/g/pscAAOSwJRNnZdBb/s-l140.webp,128 GB,Excellent,False,iPhone 15,,,,True,,,,,,,,,,,,,
1,Apple iPhone 15 A2846 128GB Unlocked Very Good Condition,$411.99,2025-10-22,https://www.ebay.com/itm/356036255923,https://i.ebayimg.com/images/g/TfcAAOSwevBnZdB0/s-l140.webp,128 GB,Very Good,False,iPhone 15,,,,True,,,,,,,,,,,,,
1,Apple iPhone 15 128GB Factory Unlocked AT&T T-Mobile Verizon Very Good Condition,$443.95,2025-10-22,https://www.ebay.com/itm/296129124843,https://i.ebayimg.com/images/g/m~UAAOSwERdnN64a/s-l140.webp,128 GB,Very Good,False,iPhone 15,,,,True,,,,,,,,,,,,,
1,Apple iPhone 15 128GB Factory Unlocked AT&T T-Mobile Verizon Excellent Condition,$466.95,2025-10-22,https://www.ebay.com/itm/296110312917,https://i.ebayimg.com/images/g/SK4AAOSwSidnN635/s-l140.webp,128 GB,Excellent,False,iPhone 15,,,,True,,,,,,,,,,,,,
1,"Apple iPhone 15 128GB Unlocked 6.1"" - (Black) A2846 w/1 Year Warranty",$422.00,2025-10-22,https://www.ebay.com/itm/146557295323,https://i.ebayimg.com/images/g/Q58AAOSwYVFoFRKk/s-l140.webp,128 GB,Unknown,False,iPhone 15,,,,True,,,,,,,,,,,,,
1,Apple iPhone 15 A2846 256GB Unlocked Very Good Condition,$472.99,2025-10-22,https://www.ebay.com/itm/357341402304,https://i.ebayimg.com/images/g/GWwAAeSwM01ogVr5/s-l140.webp,256 GB,Very Good,False,iPhone 15,,,,True,,,,,,,,,,,,,
1,"Apple iPhone 15 128GB Unlocked 6.1"" - (Pink) A2846 w/1 Year Warranty",$415.00,2025-10-22,https://www.ebay.com/itm/146557296479,https://i.ebayimg.com/images/g/EfUAAOSwm9RoFRLz/s-l140.webp,128 GB,Unknown,False,iPhone 15,,,,True,,,,,,,,,,,,,
1,Apple iPhone 15 128GB - Fully Unlocked- EXCELLENT Condition,$464.99,2025-10-22,https://www.ebay.com/itm/326603770634,https://i.ebayimg.com/images/g/ZrUAAOSwpt9n5C6v/s-l140.webp,128 GB,Unknown,False,iPhone 15,,,,True,,,,,,,,,,,,,
1,Apple iPhone 15 256GB Factory Unlocked AT&T T-Mobile Verizon Excellent Condition,$513.95,2025-10-22,https://www.ebay.com/itm/296106949005,https://i.ebayimg.com/images/g/EVsAAOSwC19nN63d/s-l140.webp,256 GB,Excellent,False,iPhone 15,,,,True,,,,,,,,,,,,,
1,Apple iPhone 15 256GB Factory Unlocked AT&T T-Mobile Verizon Good Condition,$461.95,2025-10-22,https://www.ebay.com/itm/296215557903,https://i.ebayimg.com/images/g/GZ8AAOSwKS9nN667/s-l140.webp,256 GB,Good,False,iPhone 15,,,,True,,,,,,,,,,,,,
1,Apple iPhone 15 256GB Factory Unlocked AT&T T-Mobile Verizon Very Good Condition,$485.95,2025-10-21,https://www.ebay.com/itm/296120880922,https://i.ebayimg.com/images/g/x5EAAOSw6wNnN64N/s-l140.webp,256 GB,Very Good,False,iPhone 15,,,,True,,,,,,,,,,,,,
1,Apple iPhone 15 256GB Factory Unlocked ATT TMobile Verizon Metro - Excellent,$499.48,2025-10-21,https://www.ebay.com/itm/127438911136,https://i.ebayimg.com/images/g/lkUAAeSwUntozJFr/s-l140.webp,256 GB,Excellent,False,iPhone 15,,,,True,,,,,,,,,,,,,
1,Apple iPhone 15 128GB Unlocked - Excellent,$459.95,2025-10-21,https://www.ebay.com/itm/386904772514,https://i.ebayimg.com/images/g/sh0AAOSwOHhmDW7x/s-l140.webp,128 GB,Excellent,False,iPhone 15,,,,True,,,,,,,,,,,,,
1,Apple iPhone 15 128GB Factory Unlocked AT&T T-Mobile Verizon Good Condition,$429.95,2025-10-21,https://www.ebay.com/itm/296155898586,https://i.ebayimg.com/images/g/eqoAAOSw8F9nN65L/s-l140.webp,128 GB,Good,False,iPhone 15,,,,True,,,,,,,,,,,,,
1,Apple iPhone 15 128GB - Fully Unlocked- VERY GOOD Condition,$444.99,2025-10-21,https://www.ebay.com/itm/226666329648,https://i.ebayimg.com/images/g/ZrUAAOSwpt9n5C6v/s-l140.webp,128 GB,Unknown,False,iPhone 15,,,,True,,,,,,,,,,,,,
1,"Apple iPhone 15 6.1"" Unlocked 128GB - (Blue) A2846 w/1 Year Warranty",$421.00,2025-10-21,https://www.ebay.com/itm/357750761045,https://i.ebayimg.com/images/g/TQgAAeSwXEVo7my6/s-l140.webp,128 GB,Unknown,False,iPhone 15,,,,True,,,,,,,,,,,,,
1,"Apple iPhone 15 5G (256GB, 6GB) 6.1"" US Model Fully Unlocked for Global",$538.99,2024-04-30,https://www.ebay.com/itm/135031139427,https://i.ebayimg.com/images/g/L7YAAeSwa-poycTq/s-l140.webp,256 GB,Unknown,False,iPhone 15,,,,True,,,,,,,,,,,,,
1,"Apple iPhone 15 - Fully Unlocked - 128GB - 6.1"" - eSIM - Excellent",$485.00,2025-10-20,https://www.ebay.com/itm/135101349071,https://i.ebayimg.com/images/g/or0AAeSwzydo1omC/s-l140.webp,128 GB,Excellent,False,iPhone 15,,,,True,,,,,,,,,,,,,
1,Apple iPhone 15 Fully Unlocked 6.1in 256GB - Excellent,$538.00,2025-10-20,https://www.ebay.com/itm/135101224295,https://i.ebayimg.com/images/g/hfgAAeSwapVo1okO/s-l140.webp,256 GB,Excellent,False,iPhone 15,,,,True,,,,,,,,,,,,,
1,Apple iPhone 15 Fully Unlocked 6.1in 512GB - Excellent,$589.00,2025-10-20,https://www.ebay.com/itm/166931905794,https://i.ebayimg.com/images/g/zQgAAeSw08RoYpZe/s-l140.webp,512 GB,Excellent,False,iPhone 15,,,,True,,,,,,,,,,,,,
1,Apple iPhone 15 A2846 256GB Unlocked Excellent Condition,$542.27,2025-10-19,https://www.ebay.com/itm/357341398637,https://i.ebayimg.com/images/g/MW8AAeSwinVogVpB/s-l140.webp,256 GB,Excellent,False,iPhone 15,,,,True,,,,,,,,,,,,,
1,"Apple iPhone 15, 128GB - 6.1"" - Fully Unlocked - Green - Excellent",$459.99,2025-10-19,https://www.ebay.com/itm/406241973800,https://i.ebayimg.com/images/g/D0QAAeSwfcZo1dPx/s-l140.webp,128 GB,Excellent,False,iPhone 15,,,,True,,,,,,,,,,,,,
1,iPhone 15 128 GB Black Unlocked (All Carriers) Good Refurbished,$409.99,2025-10-19,https://www.ebay.com/itm/286774195879,https://i.ebayimg.com/images/g/jYUAAeSwSkJopN4C/s-l140.webp,128 GB,Good,False,iPhone 15,,,,True,,,,,,,,,,,,,
1,Apple iPhone 15 512GB Factory Unlocked AT&T T-Mobile Verizon Excellent Condition,$550.95,2025-10-19,https://www.ebay.com/itm/305313147993,https://i.ebayimg.com/images/g/ldoAAOSwt4lnN63r/s-l140.webp,512 GB,Excellent,False,iPhone 15,,,,True,,,,,,,,,,,,,
1,Apple iPhone 15 128GB Factory Unlocked ATT TMobile Verizon Metro - Excellent,$464.48,2025-10-18,https://www.ebay.com/itm/136481493388,https://i.ebayimg.com/images/g/lkUAAeSwUntozJFr/s-l140.webp,128 GB,Excellent,False,iPhone 15,,,,True,,,,,,,,,,,,,
1,Apple iPhone 15 128GB Black 100% Battery Unlocked Smartphone,$499.00,2025-10-17,https://www.ebay.com/itm/226383265520,https://i.ebayimg.com/images/g/Y2UAAeSwQV5n~Xi4/s-l140.webp,128 GB,Unknown,False,iPhone 15,,,,True,,,,,,,,,,,,,
1,Apple iPhone 15 A2846 Unlocked 128GB Yellow Good,$418.10,2025-10-17,https://www.ebay.com/itm/176588495764,https://i.ebayimg.com/images/g/0jwAAOSwsXxm7xT5/s-l140.webp,128 GB,Good,False,iPhone 15,,,,True,,,,,,,,,,,,,
1,Apple iPhone 15 512GB Black 100% Battery Unlocked Smartphone,$778.00,2025-10-17,https://www.ebay.com/itm/226383265461,https://i.ebayimg.com/images/g/AB0AAeSwoPhn~XlA/s-l140.webp,512 GB,Unknown,False,iPhone 15,,,,True,,,,,,,,,,,,,
1,Apple iPhone 15 Pink 128 Very Good - Refurbished  - Unlocked,$454.99,2025-10-17,https://www.ebay.com/itm/127354626958,https://i.ebayimg.com/images/g/428AAeSwWLNo9vK5/s-l140.webp,Unknown,Very Good,False,iPhone 15,,,,True,,,,,,,,,,,,,
1,Apple iPhone 15 Blue 128 Good - Refurbished  - Unlocked,$434.99,2025-10-17,https://www.ebay.com/itm/127392504594,https://i.ebayimg.com/images/g/Zh0AAeSwr5do-Dy5/s-l140.webp,Unknown,Good,False,iPhone 15,,,,True,,,,,,,,,,,,,
1,Apple iPhone 15 Fully Unlocked 6.1in  256GB - Very Good,$541.00,2025-10-17,https://www.ebay.com/itm/166819119972,https://i.ebayimg.com/images/g/vYcAAeSwhjdo3UGc/s-l140.webp,256 GB,Very Good,False,iPhone 15,,,,True,,,,,,,,,,,,,
1,Apple iPhone 15 A2846 128GB 256GB 512GB Unlocked Smartphone - All Colors - Good,$459.99,2025-10-16,https://www.ebay.com/itm/156795674144,https://i.ebayimg.com/images/g/lHUAAOSwwytnwf0-/s-l140.webp,128 GB,Good,False,iPhone 15,,,,True,,,,,,,,,,,,,
1,Apple iPhone 15 - 128GB - Black (Unlocked) - 100% BATTERY - Excellent Condition,$499.99,2025-10-16,https://www.ebay.com/itm/306541187655,https://i.ebayimg.com/images/g/LnUAAeSwyqlo4MLX/s-l140.webp,128 GB,Excellent,False,iPhone 15,,,,True,,,,,,,,,,,,,
1,Apple iPhone 15 256GB Unlocked - Excellent,$515.95,2025-10-16,https://www.ebay.com/itm/365675595645,https://i.ebayimg.com/images/g/sh0AAOSwOHhmDW7x/s-l140.webp,256 GB,Excellent,False,iPhone 15,,,,True,,,,,,,,,,,,,
1,Apple iPhone 15 - 128GB 256GB 512GB - All Colors - Very Good Condition,$448.00,2025-10-15,https://www.ebay.com/itm/285827447810,https://i.ebayimg.com/images/g/Z9YAAOSwhhxmKBv-/s-l140.webp,128 GB,Very Good,False,iPhone 15,,,,True,,,,,,,,,,,,,
1,Apple iPhone 15 256GB Unlocked Excellent Condition - All Colors,$559.99,2025-10-15,https://www.ebay.com/itm/276216189446,https://i.ebayimg.com/images/g/09YAAOSwhu9mjZvR/s-l140.webp,256 GB,Excellent,False,iPhone 15,,,,True,,,,,,,,,,,,,
1,Apple iPhone 15 128GB Unlocked - Very Good,$440.95,2025-10-15,https://www.ebay.com/itm/386905175584,https://i.ebayimg.com/images/g/u1IAAOSwVB5mDarq/s-l140.webp,128 GB,Very Good,False,iPhone 15,,,,True,,,,,,,,,,,,,
1,Apple iPhone 15 - 512GB - Pink (Unlocked) - Good Condition,$619.99,2025-03-25,https://www.ebay.com/itm/305910404406,https://i.ebayimg.com/images/g/PIsAAOSwzO9nLgFt/s-l140.webp,512 GB,Good,False,iPhone 15,,,,True,,,,,,,,,,,,,
1,Apple iPhone 15 Blue 128 Very Good - Refurbished  - Unlocked,$454.99,2025-10-14,https://www.ebay.com/itm/127416510624,https://i.ebayimg.com/images/g/afMAAeSwfuto9S3I/s-l140.webp,Unknown,Very Good,False,iPhone 15,,,,True,,,,,,,,,,,,,
1,Apple iPhone 15 A2846 128GB Smartphone Fully  Unlocked - Excellent Condition,$461.00,2025-10-14,https://www.ebay.com/itm/226568417539,https://i.ebayimg.com/images/g/eTYAAOSw9ZBnk-CG/s-l140.webp,128 GB,Excellent,False,iPhone 15,,,,True,,,,,,,,,,,,,
1,Apple iPhone 15 A2846 Unlocked 128GB Blue Good,$422.80,2025-10-14,https://www.ebay.com/itm/176484897510,https://i.ebayimg.com/images/g/5SAAAOSwAIxmntrG/s-l140.webp,128 GB,Good,False,iPhone 15,,,,True,,,,,,,,,,,,,
1,"Apple iPhone 15 128GB 6.1"" AT&T Unlocked, Black",$399.99,2025-10-13,https://www.ebay.com/itm/306499996072,https://i.ebayimg.com/images/g/n8cAAeSwUntoyEQQ/s-l140.webp,128 GB,Unknown,False,iPhone 15,,,,True,,,,,,,,,,,,,
1,Apple iPhone 15 A2846 Unlocked 128GB Pink Good,$427.51,2025-10-13,https://www.ebay.com/itm/196517122771,https://i.ebayimg.com/images/g/dEYAAOSwgfxmnttK/s-l140.webp,128 GB,Good,False,iPhone 15,,,,True,,,,,,,,,,,,,
1,Apple iPhone 15 Pink 128 Excellent - Refurbished  - Unlocked,$474.99,2025-10-13,https://www.ebay.com/itm/127324783885,https://i.ebayimg.com/images/g/inQAAeSw~eho95ax/s-l140.webp,Unknown,Excellent,False,iPhone 15,,,,True,,,,,,,,,,,,,
1,"Apple iPhone 15 256GB Unlocked 6.1"" - (Green) A2846 w/1 Year Warranty",$508.75,2025-10-13,https://www.ebay.com/itm/376561744391,https://i.ebayimg.com/images/g/8UMAAeSwR1Nozavc/s-l140.webp,256 GB,Unknown,False,iPhone 15,,,,True,,,,,,,,,,,,,
1,Apple iPhone 15 128GB -A2846 - Fully Unlocked- VERY GOOD Condition - 100% B-H,$525.00,2025-10-12,https://www.ebay.com/itm/127424176876,https://i.ebayimg.com/images/g/4~0AAOSwRAtoUygX/s-l140.webp,128 GB,Unknown,False,iPhone 15,,,,True,,,,,,,,,,,,,
1,Apple iPhone 15 - 128GB 256GB 512GB - All Colors - Excellent Condition,$464.00,2025-10-12,https://www.ebay.com/itm/285827428579,https://i.ebayimg.com/images/g/o48AAOSw9oZmKBZi/s-l140.webp,128 GB,Excellent,False,iPhone 15,,,,True,,,,,,,,,,,,,
1,Apple iPhone 15 - 128GB All Colors E-sim A2846 (GSM & CDMA) Unlocked ~Very Good!,$467.99,2025-09-05,https://www.ebay.com/itm/226605820390,https://i.ebayimg.com/images/g/wJcAAOSwB1Znql7q/s-l140.webp,128 GB,Very Good,False,iPhone 15,,,,True,,,,,,,,,,,,,
1,Apple iPhone 15 Pink 128 Good - Refurbished  - Unlocked,$431.99,2025-10-11,https://www.ebay.com/itm/127416510651,https://i.ebayimg.com/images/g/qa4AAeSwmQJo6bCK/s-l140.webp,Unknown,Good,False,iPhone 15,,,,True,,,,,,,,,,,,,
1,Apple iPhone 15 256GB - Fully Unlocked - VERY GOOD - *NO FACE ID*,$449.99,2025-10-11,https://www.ebay.com/itm/326776331519,https://i.ebayimg.com/images/g/ZrUAAOSwpt9n5C6v/s-l140.webp,256 GB,Unknown,False,iPhone 15,,,,True,,,,,,,,,,,,,
1,Apple iPhone 15 256GB Green 100% Battery Unlocked Smartphone,$839.00,2025-04-07,https://www.ebay.com/itm/226641321426,https://i.ebayimg.com/images/g/lOMAAeSwJW9n7s7l/s-l140.webp,256 GB,Unknown,False,iPhone 15,,,,True,,,,,,,,,,,,,
1,"Apple iPhone 15 128GB Unlocked 6.1"" (Pink) A2846 - w/1 Year Warranty",$443.00,2025-10-10,https://www.ebay.com/itm/146882537063,https://i.ebayimg.com/images/g/NPgAAeSwRLto5tuy/s-l140.webp,128 GB,Unknown,False,iPhone 15,,,,True,,,,,,,,,,,,,
1,Apple iPhone 15 Green 128 Excellent - Refurbished  - Unlocked,$474.99,2025-10-09,https://www.ebay.com/itm/127370266489,https://i.ebayimg.com/images/g/c1gAAeSwzKRo9SzW/s-l140.webp,Unknown,Excellent,False,iPhone 15,,,,True,,,,,,,,,,,,,
1,Apple iPhone 15 128GB Black (FACTORY UNLOCKED) AT&T Verizon T-Mobile VERY GOOD,$469.55,2025-10-09,https://www.ebay.com/itm/187423613056,https://i.ebayimg.com/images/g/8owAAeSwczJoetCn/s-l140.webp,128 GB,Unknown,False,iPhone 15,,,,True,,,,,,,,,,,,,
1,Apple iPhone 15 128GB Unlocked Excellent Condition - All Colors,$479.99,2025-10-08,https://www.ebay.com/itm/276216185113,https://i.ebayimg.com/images/g/ZzoAAOSwtBhmjZuz/s-l140.webp,128 GB,Excellent,False,iPhone 15,,,,True,,,,,,,,,,,,,
1,Apple iPhone 15 128GB GSM Unlocked AT&T T-Mobile Very Good Condition,$449.95,2025-10-06,https://www.ebay.com/itm/305554617387,https://i.ebayimg.com/images/g/9iUAAOSwwPFnN680/s-l140.webp,128 GB,Very Good,False,iPhone 15,,,,True,,,,,,,,,,,,,
1,Apple iPhone 15 A2846 Unlocked 128GB Pink Very Good,$432.21,2025-10-06,https://www.ebay.com/itm/186586471486,https://i.ebayimg.com/images/g/KjEAAOSwKKFmn9-o/s-l140.webp,128 GB,Very Good,False,iPhone 15,,,,True,,,,,,,,,,,,,
2,Apple iPhone 15 Fully Unlocked 6.1in 256GB - Good,$529.00,2025-10-05,https://www.ebay.com/itm/145829428152,https://i.ebayimg.com/images/g/ZP8AAeSwPcxo4qFS/s-l500.webp,256 GB,Good,False,iPhone 15,,,,True,,,,,,,,,,,,,
2,"Apple iPhone 15 128GB Unlocked 90%+ Battery 6.1"" (Pink) A2846 w/1 Year Warranty",$485.48,2025-10-04,https://www.ebay.com/itm/376593027722,https://i.ebayimg.com/images/g/DlQAAeSwxWNo3v8i/s-l500.webp,128 GB,Unknown,False,iPhone 15,,,,True,,,,,,,,,,,,,
2,Apple iPhone 15 A2846 256GB Smartphone Fully  Unlocked - Excellent Condition,$589.00,2025-10-04,https://www.ebay.com/itm/226573851713,https://i.ebayimg.com/images/g/eTYAAOSw9ZBnk-CG/s-l500.webp,256 GB,Excellent,False,iPhone 15,,,,True,,,,,,,,,,,,,
2,Apple iphone 15 256GB Factory Unlocked Black Smartphone Good,$509.99,2025-10-04,https://www.ebay.com/itm/177456119975,https://i.ebayimg.com/images/g/et8AAeSwo1Bo3Z9i/s-l500.webp,256 GB,Good,False,iPhone 15,,,,True,,,,,,,,,,,,,
2,Apple iPhone 15 128GB Unlocked - Excellent,$539.99,2024-12-21,https://www.ebay.com/itm/256467673369,https://i.ebayimg.com/images/g/G~gAAeSwdDRoXEUJ/s-l500.webp,128 GB,Excellent,False,iPhone 15,,,,True,,,,,,,,,,,,,
2,Apple iPhone 15 128GB 256GB 512GB (Unlocked) Black Blue Green Pink Yellow,$474.97,2025-10-02,https://www.ebay.com/itm/325894426676,https://i.ebayimg.com/images/g/fxwAAOSwXBdlW8Bp/s-l500.webp,128 GB,Unknown,False,iPhone 15,,,,True,,,,,,,,,,,,,
2,Apple iPhone 15 A2846 Unlocked 128GB Black Good,$422.80,2025-10-02,https://www.ebay.com/itm/186584505897,https://i.ebayimg.com/images/g/2r0AAOSwxPBmntpl/s-l500.webp,128 GB,Good,False,iPhone 15,,,,True,,,,,,,,,,,,,
2,Apple iPhone 15 128GB Green Fully Unlocked - 90%+ Battery Very Good Condition,$479.00,2025-09-29,https://www.ebay.com/itm/335781238811,https://i.ebayimg.com/images/g/BFsAAOSwi0BoCL6N/s-l500.webp,128 GB,Very Good,False,iPhone 15,,,,True,,,,,,,,,,,,,
2,Apple iPhone 15 256GB - Fully Unlocked - ALL CARRIERS - VERY GOOD Condition,$484.99,2025-09-27,https://www.ebay.com/itm/326506790203,https://i.ebayimg.com/images/g/ZrUAAOSwpt9n5C6v/s-l500.webp,256 GB,Unknown,False,iPhone 15,,,,True,,,,,,,,,,,,,
2,Apple iPhone 15 Black 128 Excellent - Refurbished  - Unlocked,$471.99,2025-09-27,https://www.ebay.com/itm/127324783972,https://i.ebayimg.com/images/g/P8sAAeSwb25o6RMS/s-l500.webp,Unknown,Excellent,False,iPhone 15,,,,True,,,,,,,,,,,,,
2,Apple iPhone 15 A2846 256GB Smartphone Fully  Unlocked - Very Good Condition,$579.00,2025-09-27,https://www.ebay.com/itm/226573855912,https://i.ebayimg.com/images/g/eTYAAOSw9ZBnk-CG/s-l500.webp,256 GB,Very Good,False,iPhone 15,,,,True,,,,,,,,,,,,,
2,APPLE IPHONE 15 - 128GB 256GB (FACTORY UNLOCKED) ✅ALL ORIGINAL PARTS✅❖EXCELLENT❖,$569.95,2025-09-27,https://www.ebay.com/itm/326240448572,https://i.ebayimg.com/images/g/nssAAOSwZb9mvQCZ/s-l500.webp,128 GB,Unknown,False,iPhone 15,,,,True,,,,,,,,,,,,,
2,Apple iPhone 15 - 128GB - Blue (Unlocked) - Very Good Condition,$479.99,2025-09-27,https://www.ebay.com/itm/306502981287,https://i.ebayimg.com/images/g/eKkAAeSw6H5ow9pC/s-l500.webp,128 GB,Very Good,False,iPhone 15,,,,True,,,,,,,,,,,,,
2,Apple iPhone 15 512GB eSIM Black Factory Unlocked 5TM93LL/A 2023 iOS Smartphone,$499.00,2025-09-26,https://www.ebay.com/itm/336197094776,https://i.ebayimg.com/images/g/WnwAAeSwRJBo1L2a/s-l500.webp,512 GB,Unknown,False,iPhone 15,,,,True,,,,,,,,,,,,,
2,Apple iPhone 15 Fully Unlocked 6.1in - 128GB - eSIM - Very Good,$466.00,2025-09-26,https://www.ebay.com/itm/135089714379,https://i.ebayimg.com/images/g/af0AAeSwihFo3UN-/s-l500.webp,128 GB,Very Good,False,iPhone 15,,,,True,,,,,,,,,,,,,
2,iPhone 15 256 GB Black Unlocked (All Carriers) Good Refurbished,$474.99,2025-09-25,https://www.ebay.com/itm/286774193023,https://i.ebayimg.com/images/g/jYUAAeSwSkJopN4C/s-l500.webp,256 GB,Good,False,iPhone 15,,,,True,,,,,,,,,,,,,
2,Apple iPhone 15 A2846 Unlocked 128GB Green Very Good,$432.21,2025-09-24,https://www.ebay.com/itm/176512846306,https://i.ebayimg.com/images/g/qe0AAOSw~dhmtGSC/s-l500.webp,128 GB,Very Good,False,iPhone 15,,,,True,,,,,,,,,,,,,
2,Apple iPhone 15 Blue 128 Very Good - Refurbished  - Unlocked,$462.99,2025-08-26,https://www.ebay.com/itm/127263807564,https://i.ebayimg.com/images/g/PyQAAeSwBTpor7Qu/s-l500.webp,Unknown,Very Good,False,iPhone 15,,,,True,,,,,,,,,,,,,
2,Apple iPhone 15 128GB -A2846 - At&t Locked- VERY GOOD Condition - 100% B-H,$410.00,2025-09-24,https://www.ebay.com/itm/127382020744,https://i.ebayimg.com/images/g/4~0AAOSwRAtoUygX/s-l500.webp,128 GB,Unknown,False,iPhone 15,,,,True,,,,,,,,,,,,,
2,Apple iPhone 15 Fully Unlocked 6.1in 512GB - Excellent,$619.99,2025-09-23,https://www.ebay.com/itm/146798451197,https://i.ebayimg.com/images/g/PUoAAeSwBnFosALw/s-l500.webp,512 GB,Excellent,False,iPhone 15,,,,True,,,,,,,,,,,,,
2,Apple iPhone 15 Blue 128  - Unlocked,$445.99,2025-07-15,https://www.ebay.com/itm/127199510209,https://i.ebayimg.com/images/g/aqwAAeSw3VBofX7l/s-l500.webp,Unknown,Unknown,False,iPhone 15,,,,True,,,,,,,,,,,,,
2,Apple iPhone 15 256GB - Black - Unlocked - Excellent Refurbished,$549.99,2025-09-23,https://www.ebay.com/itm/226896316232,https://i.ebayimg.com/images/g/WtEAAeSwBnJoi3Ue/s-l500.webp,256 GB,Excellent,False,iPhone 15,,,,True,,,,,,,,,,,,,
2,Apple iPhone 15 128GB Smartphone Fully Unlocked Very Good,$451.00,2025-09-22,https://www.ebay.com/itm/226502784138,https://i.ebayimg.com/images/g/ALAAAOSwzrNnl-nW/s-l500.webp,128 GB,Very Good,False,iPhone 15,,,,True,,,,,,,,,,,,,
2,Apple iPhone 15 - 128GB - Factory Unlocked - Excellent Condition,$578.00,2025-09-21,https://www.ebay.com/itm/126815129586,https://i.ebayimg.com/images/g/ch0AAOSwjqxnUgY0/s-l500.webp,128 GB,Excellent,False,iPhone 15,,,,True,,,,,,,,,,,,,
2,Apple iPhone 15 Green Very Good - Refurbished  - Unlocked,$462.99,2025-09-21,https://www.ebay.com/itm/127311215788,https://i.ebayimg.com/images/g/AlwAAeSw671ozqG0/s-l500.webp,Unknown,Very Good,False,iPhone 15,,,,True,,,,,,,,,,,,,
2,"Apple iPhone 15 Unlocked / 6.1"" / 128GB, 256GB, E-sim, Excellent Condition",$449.00,2025-09-20,https://www.ebay.com/itm/156783077947,https://i.ebayimg.com/images/g/mD8AAOSw6ftnz1Ng/s-l500.webp,128 GB,Excellent,False,iPhone 15,,,,True,,,,,,,,,,,,,
2,Apple iPhone 15 - 256GB Yellow *eSIM ONLY* (UNLOCKED) [A2846] Excellent Refurb,$531.99,2025-09-20,https://www.ebay.com/itm/145713589375,https://i.ebayimg.com/images/g/KfAAAOSwwStlsVuy/s-l500.webp,256 GB,Excellent,False,iPhone 15,,,,True,,,,,,,,,,,,,
2,Apple Unlocked Black iPhone 15 with 61 Inch OLED Display and 256GB Storage,$549.95,2025-09-19,https://www.ebay.com/itm/376474652613,https://i.ebayimg.com/images/g/cukAAeSwp1Bomkxy/s-l500.webp,256 GB,Unknown,False,iPhone 15,,,,True,,,,,,,,,,,,,
2,Apple iPhone 15 Factory Unlocked 256GB Black - Good,$529.99,2025-09-15,https://www.ebay.com/itm/205660436129,https://i.ebayimg.com/images/g/MFUAAeSwknxolhXT/s-l500.webp,256 GB,Good,False,iPhone 15,,,,True,,,,,,,,,,,,,
2,Apple iPhone 15 512GB Unlocked - Excellent,$620.95,2025-09-18,https://www.ebay.com/itm/387211565002,https://i.ebayimg.com/images/g/sh0AAOSwOHhmDW7x/s-l500.webp,512 GB,Excellent,False,iPhone 15,,,,True,,,,,,,,,,,,,
2,iPhone 15 128 GB Black Unlocked (All Carriers) Very Good Refurb *READ DESC*,$429.99,2025-09-17,https://www.ebay.com/itm/286774210525,https://i.ebayimg.com/images/g/jYUAAeSwSkJopN4C/s-l500.webp,128 GB,Very Good,False,iPhone 15,,,,True,,,,,,,,,,,,,
2,Apple iPhone 15 - 256GB - Unlocked - Black - Excellent,$529.00,2025-09-15,https://www.ebay.com/itm/276312730620,https://i.ebayimg.com/images/g/-9cAAOSwUhFlZ1YC/s-l500.webp,256 GB,Excellent,False,iPhone 15,,,,True,,,,,,,,,,,,,
2,Apple iPhone 15 128GB Unlocked - Good,$421.95,2025-09-13,https://www.ebay.com/itm/405511349907,https://i.ebayimg.com/images/g/u1IAAOSwVB5mDarq/s-l500.webp,128 GB,Good,False,iPhone 15,,,,True,,,,,,,,,,,,,
2,Apple iPhone 15 - 128GB - Blue (Unlocked) (eSIM Only) A2846 MTLY3LL/A Good,$434.95,2025-09-13,https://www.ebay.com/itm/146699087002,https://i.ebayimg.com/images/g/mf4AAOSw3L1nnMCm/s-l500.webp,128 GB,Good,False,iPhone 15,,,,True,,,,,,,,,,,,,
2,"Apple iPhone 15 128GB 6.1"" Fully Unlocked, Black",$429.99,2025-09-13,https://www.ebay.com/itm/365860013237,https://i.ebayimg.com/images/g/xjYAAeSwFQhoxJx0/s-l500.webp,128 GB,Unknown,False,iPhone 15,,,,True,,,,,,,,,,,,,
2,Apple iPhone 15 256GB Black 100% Battery Unlocked Smartphone,$584.00,2025-09-11,https://www.ebay.com/itm/226373510597,https://i.ebayimg.com/images/g/h4gAAeSwzLdn~XmT/s-l500.webp,256 GB,Unknown,False,iPhone 15,,,,True,,,,,,,,,,,,,
2,Apple iPhone 15 - Unlocked - 512GB - Black - Excellent,$578.00,2025-09-10,https://www.ebay.com/itm/286751936404,https://i.ebayimg.com/images/g/-9cAAOSwUhFlZ1YC/s-l500.webp,512 GB,Excellent,False,iPhone 15,,,,True,,,,,,,,,,,,,
2,Apple IPhone 15 Fully Unlocked 6.1in 512GB - Very Good,$654.00,2025-09-10,https://www.ebay.com/itm/166939514604,https://i.ebayimg.com/images/g/oFsAAOSwzOhmzX01/s-l500.webp,512 GB,Very Good,False,iPhone 15,,,,True,,,,,,,,,,,,,
2,Apple iPhone 15 Unlocked - 128GB 256GB 512GB - Very Good,$507.60,2025-09-05,https://www.ebay.com/itm/335669058001,https://i.ebayimg.com/images/g/RTcAAOSwpeJnMj~I/s-l500.webp,128 GB,Very Good,False,iPhone 15,,,,True,,,,,,,,,,,,,
2,Apple iPhone 15 - 128GB - Unlocked - Black - Excellent,$469.00,2025-09-04,https://www.ebay.com/itm/285625385465,https://i.ebayimg.com/images/g/VaAAAOSwdoZlg0~6/s-l500.webp,128 GB,Excellent,False,iPhone 15,,,,True,,,,,,,,,,,,,
2,iPhone 15 128 GB Black Unlocked (All Carriers) Very Good Refurbished,$429.99,2025-09-04,https://www.ebay.com/itm/286794551441,https://i.ebayimg.com/images/g/jYUAAeSwSkJopN4C/s-l500.webp,128 GB,Very Good,False,iPhone 15,,,,True,,,,,,,,,,,,,
2,Apple Unlocked Yellow iPhone 15 with 61 Inch OLED Display and 256GB Storage,$699.95,2025-09-04,https://www.ebay.com/itm/286760757497,https://i.ebayimg.com/images/g/XdsAAeSwxAlomkzP/s-l500.webp,256 GB,Unknown,False,iPhone 15,,,,True,,,,,,,,,,,,,
2,Apple iPhone 15 Black 128 Very Good - Refurbished  - Unlocked,$454.99,2025-09-03,https://www.ebay.com/itm/127199912681,https://i.ebayimg.com/images/g/vUQAAeSwRglo9twA/s-l500.webp,Unknown,Very Good,False,iPhone 15,,,,True,,,,,,,,,,,,,
2,Apple iPhone 15 5G 128GB 256GB 512GB Factory Unlocked Good Condition,$549.99,2025-09-02,https://www.ebay.com/itm/285830025196,https://i.ebayimg.com/images/g/MlEAAOSwiHRmKnUI/s-l500.webp,128 GB,Good,False,iPhone 15,,,,True,,,,,,,,,,,,,
2,Apple iPhone 15 256GB Unlocked - Good,$478.95,2025-09-01,https://www.ebay.com/itm/387531911048,https://i.ebayimg.com/images/g/sh0AAOSwOHhmDW7x/s-l500.webp,256 GB,Good,False,iPhone 15,,,,True,,,,,,,,,,,,,
2,"Apple iPhone 15, 512GB Black",$819.00,2025-08-28,https://www.ebay.com/itm/376474655794,https://i.ebayimg.com/images/g/dEEAAeSw-VFomkx3/s-l500.webp,512 GB,Unknown,False,iPhone 15,,,,True,,,,,,,,,,,,,
2,Apple iPhone 15 - 256GB - Blue with Sim Tray (Unlocked) (eSIM Only) A3089 Good,$484.99,2025-08-28,https://www.ebay.com/itm/406116755665,https://i.ebayimg.com/images/g/HB0AAeSwTVRolfjG/s-l500.webp,256 GB,Good,False,iPhone 15,,,,True,,,,,,,,,,,,,
2,Apple iPhone 15 - 128GB - Black (Unlocked) - Excellent,$519.00,2025-08-27,https://www.ebay.com/itm/276781851451,https://i.ebayimg.com/images/g/N6sAAOSw-n1nYMDj/s-l500.webp,128 GB,Excellent,False,iPhone 15,,,,True,,,,,,,,,,,,,
2,Apple iPhone 15 Fully Unlocked 6.1in - 128GB - eSIM -Good,$448.00,2025-08-25,https://www.ebay.com/itm/145829369846,https://i.ebayimg.com/images/g/4pUAAeSwVOJo3UOZ/s-l500.webp,128 GB,Good,False,iPhone 15,,,,True,,,,,,,,,,,,,
2,Apple iPhone 15 512GB Unlocked A2846 Excellent Condition - 101% ORIGINAL 100% BH,$579.00,2025-08-22,https://www.ebay.com/itm/297557405871,https://i.ebayimg.com/images/g/8j4AAeSwnGNop6Te/s-l500.webp,512 GB,Excellent,False,iPhone 15,,,,True,,,,,,,,,,,,,
2,Apple iPhone 15 - 128GB - Factory Unlocked - Very Good Condition,$528.00,2025-08-20,https://www.ebay.com/itm/126815197379,https://i.ebayimg.com/images/g/ch0AAOSwjqxnUgY0/s-l500.webp,128 GB,Very Good,False,iPhone 15,,,,True,,,,,,,,,,,,,
2,Apple iPhone 15 - 128GB - Blue (Unlocked) (eSIM Only) A2846 MTLY3LL/A Very Good,$434.99,2025-08-20,https://www.ebay.com/itm/406093976727,https://i.ebayimg.com/images/g/mf4AAOSw3L1nnMCm/s-l500.webp,128 GB,Very Good,False,iPhone 15,,,,True,,,,,,,,,,,,,
2,Apple iPhone 15 128GB Unlocked Good Condition - All Colors,$429.99,2025-08-19,https://www.ebay.com/itm/285596622169,https://i.ebayimg.com/images/g/7IQAAOSwVW5mjZwt/s-l500.webp,128 GB,Good,False,iPhone 15,,,,True,,,,,,,,,,,,,
3,Apple iPhone 15 A2846 Unlocked 256GB Pink Good,$488.67,2025-08-18,https://www.ebay.com/itm/186734051893,https://i.ebayimg.com/images/g/ojgAAOSwjSVnEEtb/s-l500.webp,256 GB,Good,False,iPhone 15,,,,True,,,,,,,,,,,,,
3,Apple iPhone 15 128GB 5G Black Factory Unlocked Phone (1-Year Warranty) Good,$419.99,2025-08-12,https://www.ebay.com/itm/388780642665,https://i.ebayimg.com/images/g/07sAAeSwS-5oZcIb/s-l500.webp,128 GB,Good,False,iPhone 15,,,,True,,,,,,,,,,,,,
3,Apple iPhone 15 128GB - Fully Unlocked- VERY GOOD Condition,$494.99,2025-08-11,https://www.ebay.com/itm/205579473731,https://i.ebayimg.com/images/g/rmgAAOSwm0xoWcbZ/s-l500.webp,128 GB,Unknown,False,iPhone 15,,,,True,,,,,,,,,,,,,
3,Apple iPhone 15 128GB Yellow Unlocked,$499.95,2025-08-10,https://www.ebay.com/itm/296659748152,https://i.ebayimg.com/images/g/Lm4AAeSwP45ogBif/s-l500.webp,128 GB,Unknown,False,iPhone 15,,,,True,,,,,,,,,,,,,
3,Apple iPhone 15 128GB A2846 5G Unlocked - Very Good,$439.99,2025-08-08,https://www.ebay.com/itm/286170186130,https://i.ebayimg.com/images/g/7kkAAOSwyaNngZqi/s-l500.webp,128 GB,Very Good,False,iPhone 15,,,,True,,,,,,,,,,,,,
3,Apple iPhone 15 128GB A2846 5G Unlocked - Excellent,$469.99,2025-08-07,https://www.ebay.com/itm/276738156914,https://i.ebayimg.com/images/g/OY0AAOSwMlJngZqe/s-l500.webp,128 GB,Excellent,False,iPhone 15,,,,True,,,,,,,,,,,,,
3,Apple iPhone 15 128GB Fully Unlocked - Excellent,$501.99,2025-08-07,https://www.ebay.com/itm/226833933070,https://i.ebayimg.com/images/g/4U8AAOSwEWloVDAD/s-l500.webp,128 GB,Excellent,False,iPhone 15,,,,True,,,,,,,,,,,,,
3,Apple iPhone 15 A2846 Unlocked 128GB Green Good,$418.10,2025-08-05,https://www.ebay.com/itm/186586429186,https://i.ebayimg.com/images/g/8o8AAOSwkqlmn9ny/s-l500.webp,128 GB,Good,False,iPhone 15,,,,True,,,,,,,,,,,,,
3,Apple iPhone 15 - 512GB - Fully Unlocked - ALL CARRIERS - VERY GOOD Condition,$541.99,2025-08-03,https://www.ebay.com/itm/326506792314,https://i.ebayimg.com/images/g/ZrUAAOSwpt9n5C6v/s-l500.webp,512 GB,Unknown,False,iPhone 15,,,,True,,,,,,,,,,,,,
1,Apple iPhone 16 256GB ( Unlocked) US E-Sim Version. Excellent,$653.99,2025-10-22,https://www.ebay.com/itm/156663286699,https://i.ebayimg.com/images/g/tBIAAOSwm8Jnm4-w/s-l500.webp,256 GB,Excellent,False,iPhone 16,,,,,True,,,,,,,,,,,,
1,Apple iPhone 16 512GB Factory Unlocked AT&T T-Mobile Verizon Excellent Condition,$713.95,2025-10-22,https://www.ebay.com/itm/306008182186,https://i.ebayimg.com/images/g/bGoAAOSwGmRncs2B/s-l500.webp,512 GB,Excellent,False,iPhone 16,,,,,True,,,,,,,,,,,,
1,Apple iPhone 16 128GB Unlocked Very Good Condition,$594.67,2025-10-22,https://www.ebay.com/itm/356605678205,https://i.ebayimg.com/images/g/3bwAAeSwgUtnvQT6/s-l500.webp,128 GB,Very Good,False,iPhone 16,,,,,True,,,,,,,,,,,,
1,Apple iPhone 16 128GB ( Unlocked) US E-Sim Version. Excellent,$597.99,2025-10-22,https://www.ebay.com/itm/156837106817,https://i.ebayimg.com/images/g/tBIAAOSwm8Jnm4-w/s-l500.webp,128 GB,Excellent,False,iPhone 16,,,,,True,,,,,,,,,,,,
1,Apple iPhone 16 256GB Factory Unlocked AT&T T-Mobile Verizon Excellent Condition,$667.95,2025-10-22,https://www.ebay.com/itm/305910464390,https://i.ebayimg.com/images/g/05cAAOSwSc5nN2Qv/s-l500.webp,256 GB,Excellent,False,iPhone 16,,,,,True,,,,,,,,,,,,
1,Apple iPhone 16 A3081 256GB Unlocked Very Good Condition,$652.99,2025-10-22,https://www.ebay.com/itm/357482099337,https://i.ebayimg.com/images/g/wsQAAeSwihFo4-BF/s-l500.webp,256 GB,Very Good,False,iPhone 16,,,,,True,,,,,,,,,,,,
1,Apple iPhone 16 128GB Factory Unlocked AT&T T-Mobile Verizon Excellent Condition,$582.95,2025-10-22,https://www.ebay.com/itm/296875370517,https://i.ebayimg.com/images/g/fs4AAOSwAsNnWjtK/s-l500.webp,128 GB,Excellent,False,iPhone 16,,,,,True,,,,,,,,,,,,
1,Apple iPhone 16 256GB Factory Unlocked AT&T T-Mobile Verizon Very Good Condition,$615.95,2025-10-22,https://www.ebay.com/itm/296819057702,https://i.ebayimg.com/images/g/v8QAAOSwufdnN3K4/s-l500.webp,256 GB,Very Good,False,iPhone 16,,,,,True,,,,,,,,,,,,
1,Apple iPhone 16 256GB Unlocked Very Good Condition - All Colors,$629.99,2025-10-22,https://www.ebay.com/itm/286384884076,https://i.ebayimg.com/images/g/LvAAAeSw52JnyHtL/s-l500.webp,256 GB,Very Good,False,iPhone 16,,,,,True,,,,,,,,,,,,
1,Apple iPhone 16 128GB Factory Unlocked AT&T T-Mobile Verizon Very Good Condition,$558.95,2025-10-22,https://www.ebay.com/itm/306030279890,https://i.ebayimg.com/images/g/yzwAAOSw6idngBtL/s-l500.webp,128 GB,Very Good,False,iPhone 16,,,,,True,,,,,,,,,,,,
1,Apple iPhone 16 128GB Unlocked Very Good Condition - All Colors,$554.99,2025-10-22,https://www.ebay.com/itm/276900837859,https://i.ebayimg.com/images/g/RxAAAeSwSM1nvf0V/s-l500.webp,128 GB,Very Good,False,iPhone 16,,,,,True,,,,,,,,,,,,
1,Apple iPhone 16 A3081 Unlocked 128GB Teal Very Good,$559.99,2025-10-21,https://www.ebay.com/itm/186783851937,https://i.ebayimg.com/images/g/HKUAAOSwFI1nNqry/s-l500.webp,128 GB,Very Good,False,iPhone 16,,,,,True,,,,,,,,,,,,
1,Apple iPhone 16 512GB Factory Unlocked AT&T T-Mobile Verizon Very Good Condition,$661.95,2025-10-21,https://www.ebay.com/itm/296913419692,https://i.ebayimg.com/images/g/VvkAAOSw7mJncs3T/s-l500.webp,512 GB,Very Good,False,iPhone 16,,,,,True,,,,,,,,,,,,
1,Apple iPhone 16 128GB Factory Unlocked AT&T T-Mobile Verizon Good Condition,$549.95,2025-10-21,https://www.ebay.com/itm/306097425974,https://i.ebayimg.com/images/g/bbEAAOSw-Thnpk~G/s-l500.webp,128 GB,Good,False,iPhone 16,,,,,True,,,,,,,,,,,,
1,Apple iPhone 16 512GB Unlocked Very Good Condition - All Colors,$674.99,2025-10-21,https://www.ebay.com/itm/286865470994,https://i.ebayimg.com/images/g/qfoAAeSwnudo5nS9/s-l500.webp,512 GB,Very Good,False,iPhone 16,,,,,True,,,,,,,,,,,,
1,Apple iPhone 16+ A3082 256GB Unlocked Very Good Condition,$719.86,2025-10-21,https://www.ebay.com/itm/357482206064,https://i.ebayimg.com/images/g/-OwAAeSwyCRowxCP/s-l500.webp,256 GB,Very Good,False,iPhone 16,,,,,True,,,,,,,,,,,,
1,Apple iPhone 16 - Unlocked - Ultramarine - 128GB - Excellent,$619.00,2025-10-21,https://www.ebay.com/itm/276767258904,https://i.ebayimg.com/images/g/HUQAAOSwHphm~Yy2/s-l500.webp,128 GB,Excellent,False,iPhone 16,,,,,True,,,,,,,,,,,,
2,Apple iPhone 16 A3081 Unlocked 128GB White Good,$559.99,2025-10-19,https://www.ebay.com/itm/186783850953,https://i.ebayimg.com/images/g/294AAOSwt~NnNqqR/s-l500.webp,128 GB,Good,False,iPhone 16,,,,,True,,,,,,,,,,,,
2,Apple iPhone 16 128GB Unlocked Excellent Condition,$612.55,2025-10-19,https://www.ebay.com/itm/356605688915,https://i.ebayimg.com/images/g/A7cAAeSwqRtnvQZn/s-l500.webp,128 GB,Excellent,False,iPhone 16,,,,,True,,,,,,,,,,,,
2,Apple iPhone 16 - Unlocked - White - 256GB - Excellent,$684.00,2025-10-19,https://www.ebay.com/itm/277315083063,https://i.ebayimg.com/images/g/-BsAAOSwWldnbafZ/s-l500.webp,256 GB,Excellent,False,iPhone 16,,,,,True,,,,,,,,,,,,
2,Apple iPhone 16 512GB Factory Unlocked AT&T T-Mobile Verizon Good Condition,$657.95,2025-10-18,https://www.ebay.com/itm/297196624920,https://i.ebayimg.com/images/g/F6sAAOSwzktn9nhK/s-l500.webp,512 GB,Good,False,iPhone 16,,,,,True,,,,,,,,,,,,
2,Apple iPhone 16 A3081 Unlocked 128GB White Very Good,$549.99,2025-10-18,https://www.ebay.com/itm/176682933045,https://i.ebayimg.com/images/g/bqgAAOSwsJxnNqmn/s-l500.webp,128 GB,Very Good,False,iPhone 16,,,,,True,,,,,,,,,,,,
2,Apple iPhone 16 128GB Unlocked Excellent Condition - All Colors,$619.99,2025-10-18,https://www.ebay.com/itm/276818639177,https://i.ebayimg.com/images/g/Ir0AAOSwxHJniUAt/s-l500.webp,128 GB,Excellent,False,iPhone 16,,,,,True,,,,,,,,,,,,
2,Apple iPhone 16 128GB Unlocked - Excellent,$609.95,2025-10-18,https://www.ebay.com/itm/405613175344,https://i.ebayimg.com/images/g/xr4AAOSw~WFnyaLW/s-l500.webp,128 GB,Excellent,False,iPhone 16,,,,,True,,,,,,,,,,,,
2,Apple iPhone 16 256GB Unlocked Excellent Condition - All Colors,$689.99,2025-10-17,https://www.ebay.com/itm/296962224559,https://i.ebayimg.com/images/g/iaIAAOSwBP9nk8LM/s-l500.webp,256 GB,Excellent,False,iPhone 16,,,,,True,,,,,,,,,,,,
2,Apple iPhone 16 128GB Unlocked – Ultramarine Blue - MYAT3LL/A - Excellent,$449.99,2025-10-17,https://www.ebay.com/itm/388883659989,https://i.ebayimg.com/images/g/mRoAAeSwWtpo6BYL/s-l500.webp,128 GB,Excellent,False,iPhone 16,,,,,True,,,,,,,,,,,,
2,Apple iPhone 16 256GB Factory Unlocked AT&T T-Mobile Verizon Good Condition,$606.95,2025-10-17,https://www.ebay.com/itm/305941852136,https://i.ebayimg.com/images/g/rJAAAOSwwS1nSg4T/s-l500.webp,256 GB,Good,False,iPhone 16,,,,,True,,,,,,,,,,,,
2,Apple iPhone 16 128GB Unlocked Good Condition - All Colors,$539.99,2025-10-16,https://www.ebay.com/itm/297353823684,https://i.ebayimg.com/images/g/SGcAAeSwCVVoN3al/s-l500.webp,128 GB,Good,False,iPhone 16,,,,,True,,,,,,,,,,,,
2,"Apple iPhone 16 Unlocked - 128GB / 256GB ALL Colors, E-sim - Excellent Condition",$549.00,2025-10-15,https://www.ebay.com/itm/167368778034,https://i.ebayimg.com/images/g/mVgAAOSw1x9nz5KU/s-l500.webp,128 GB,Excellent,False,iPhone 16,,,,,True,,,,,,,,,,,,
2,Apple iPhone 16 A3081 256GB Unlocked Excellent Condition,$725.23,2025-10-14,https://www.ebay.com/itm/357482104749,https://i.ebayimg.com/images/g/wwcAAeSw49FowxFf/s-l500.webp,256 GB,Excellent,False,iPhone 16,,,,,True,,,,,,,,,,,,
2,Apple iPhone 16 (EXCELLENT CONDITION) UNLOCKED/AT&T/T-Mobile/Verizon-ALL COLORS,$569.99,2025-10-14,https://www.ebay.com/itm/127333328547,https://i.ebayimg.com/images/g/iFYAAeSwTylorfhD/s-l500.webp,Unknown,Unknown,False,iPhone 16,,,,,True,,,,,,,,,,,,
2,Apple iPhone 16 128GB Unlocked eSim Only Black A3081 MYAP3LL/A Very Good,$549.99,2025-10-13,https://www.ebay.com/itm/127389434841,https://i.ebayimg.com/images/g/j5UAAOSwRzJnIhCC/s-l500.webp,128 GB,Very Good,False,iPhone 16,,,,,True,,,,,,,,,,,,
3,Apple iPhone 16 256GB Unlocked Good Condition - All Colors,$609.99,2025-10-11,https://www.ebay.com/itm/296990497648,https://i.ebayimg.com/images/g/~fwAAeSw6ihnpRwq/s-l500.webp,256 GB,Good,False,iPhone 16,,,,,True,,,,,,,,,,,,
3,Apple iPhone 16 - 128GB -  Unlocked - Physical Sim  - Black  - Very Good,$639.99,2025-10-10,https://www.ebay.com/itm/187630926043,https://i.ebayimg.com/images/g/AKgAAeSwpFxo5V4R/s-l500.webp,128 GB,Very Good,False,iPhone 16,,,,,True,,,,,,,,,,,,
3,Apple iPhone 16+ A3082 256GB Unlocked Excellent Condition,$767.85,2025-10-08,https://www.ebay.com/itm/357482304356,https://i.ebayimg.com/images/g/ypsAAeSwQG9owxNM/s-l500.webp,256 GB,Excellent,False,iPhone 16,,,,,True,,,,,,,,,,,,
3,Apple iPhone 16 A3081 Unlocked 128GB Pink Excellent,$559.99,2025-10-08,https://www.ebay.com/itm/176682933337,https://i.ebayimg.com/images/g/8HQAAOSwytlnNqpq/s-l500.webp,128 GB,Excellent,False,iPhone 16,,,,,True,,,,,,,,,,,,
3,Apple iPhone 16 512GB ( Unlocked) US E-Sim Version. Excellent,$799.99,2025-10-08,https://www.ebay.com/itm/156663289656,https://i.ebayimg.com/images/g/lCIAAOSwK9Nnm47r/s-l500.webp,512 GB,Excellent,False,iPhone 16,,,,,True,,,,,,,,,,,,
3,Apple iPhone 16 - Unlocked - Pink - 256GB - Excellent,$684.00,2025-10-06,https://www.ebay.com/itm/276977879844,https://i.ebayimg.com/images/g/ISEAAOSwoUxnMoqa/s-l500.webp,256 GB,Excellent,False,iPhone 16,,,,,True,,,,,,,,,,,,
3,Apple iPhone 16 128GB A3081 Black Unlocked US Model MYAP3LL/A • Good Condition,$539.00,2025-10-04,https://www.ebay.com/itm/306526787455,https://i.ebayimg.com/images/g/6FUAAeSwLCpoXtgz/s-l500.webp,128 GB,Good,False,iPhone 16,,,,,True,,,,,,,,,,,,
3,Apple iPhone 16 - Unlocked - Black - 128GB - Excellent,$600.00,2025-10-02,https://www.ebay.com/itm/276768576449,https://i.ebayimg.com/images/g/b4MAAOSwFSFm~X8-/s-l500.webp,128 GB,Excellent,False,iPhone 16,,,,,True,,,,,,,,,,,,
3,Apple iPhone 16 A3081 Unlocked 128GB Pink Very Good,$609.99,2025-10-02,https://www.ebay.com/itm/186783851173,https://i.ebayimg.com/images/g/6n4AAOSwOLJnNqqK/s-l500.webp,128 GB,Very Good,False,iPhone 16,,,,,True,,,,,,,,,,,,
3,Apple iPhone 16 - A3081 - Unlocked - Very Good,$559.99,2025-10-01,https://www.ebay.com/itm/277377058582,https://i.ebayimg.com/images/g/zJMAAeSwal5ow0Dz/s-l500.webp,Unknown,Very Good,False,iPhone 16,,,,,True,,,,,,,,,,,,
3,Unlocked Apple iPhone 16 – 128GB – Pink – MYAR3LL/A,$624.99,2025-04-02,https://www.ebay.com/itm/176972890638,https://i.ebayimg.com/images/g/xg8AAOSwGd9n7AVZ/s-l500.webp,128 GB,Unknown,False,iPhone 16,,,,,True,,,,,,,,,,,,
3,Apple iPhone 16 - 128GB - Black (Unlocked) A3287 - Excellent,$649.00,2025-09-30,https://www.ebay.com/itm/257125690355,https://i.ebayimg.com/images/g/V9kAAeSwBoto1vMN/s-l500.webp,128 GB,Excellent,False,iPhone 16,,,,,True,,,,,,,,,,,,
3,Apple iPhone 16 A3081 Unlocked 128GB Ultramarine Very Good,$609.99,2025-09-30,https://www.ebay.com/itm/196813463164,https://i.ebayimg.com/images/g/GQgAAOSwMUxnNqq0/s-l500.webp,128 GB,Very Good,False,iPhone 16,,,,,True,,,,,,,,,,,,
3,Apple iPhone 16 128GB Unlocked eSim Only Black A3081 MYAP3LL/A Excellent,$649.95,2025-03-20,https://www.ebay.com/itm/405316770779,https://i.ebayimg.com/images/g/j5UAAOSwRzJnIhCC/s-l500.webp,128 GB,Excellent,False,iPhone 16,,,,,True,,,,,,,,,,,,
1,Apple iPhone 12 Pro 256GB Unlocked - Good,$289.99,2025-10-22,https://www.ebay.com/itm/256426051256,https://i.ebayimg.com/images/g/KtAAAeSwoApoPGU4/s-l500.webp,256 GB,Good,False,iPhone 12 Pro,,,,,,True,,,,,,,,,,,
1,Apple iPhone 12 Pro 256GB Unlocked - Excellent,$295.95,2025-10-22,https://www.ebay.com/itm/403448551891,https://i.ebayimg.com/images/g/U4MAAOSwS99hCDnD/s-l500.webp,256 GB,Excellent,False,iPhone 12 Pro,,,,,,True,,,,,,,,,,,
1,Apple iPhone 12 Pro 128GB Factory Unlocked AT&T T-Mobile Verizon Good Condition,$261.95,2025-10-22,https://www.ebay.com/itm/304222884177,https://i.ebayimg.com/images/g/zOYAAOSwfqplDbwh/s-l500.webp,128 GB,Good,False,iPhone 12 Pro,,,,,,True,,,,,,,,,,,
1,Apple iPhone 12 Pro 256GB Unlocked AT&T T-Mobile Verizon Very Good Condition,$279.95,2025-10-22,https://www.ebay.com/itm/304104247802,https://i.ebayimg.com/images/g/TuoAAOSwGvplDbt8/s-l500.webp,256 GB,Very Good,False,iPhone 12 Pro,,,,,,True,,,,,,,,,,,
1,Apple iPhone 12 Pro 128GB Unlocked AT&T T-Mobile Verizon Very Good Condition,$275.95,2025-10-22,https://www.ebay.com/itm/294304467850,https://i.ebayimg.com/images/g/Fn4AAOSwJyxlDbtk/s-l500.webp,128 GB,Very Good,False,iPhone 12 Pro,,,,,,True,,,,,,,,,,,
1,Apple iPhone 12 Pro 128GB - Fully Unlocked - VERY GOOD Condition,$267.99,2025-10-22,https://www.ebay.com/itm/325928712833,https://i.ebayimg.com/images/g/8jAAAOSwtPxnW5F4/s-l500.webp,128 GB,Unknown,False,iPhone 12 Pro,,,,,,True,,,,,,,,,,,
1,Apple iPhone 12 Pro 256GB Unlocked - Very Good,$281.95,2025-10-22,https://www.ebay.com/itm/363712923708,https://i.ebayimg.com/images/g/U4MAAOSwS99hCDnD/s-l500.webp,256 GB,Very Good,False,iPhone 12 Pro,,,,,,True,,,,,,,,,,,
1,Apple iPhone 12 Pro 128GB Unlocked - Excellent,$276.95,2025-10-22,https://www.ebay.com/itm/384308530199,https://i.ebayimg.com/images/g/U4MAAOSwS99hCDnD/s-l500.webp,128 GB,Excellent,False,iPhone 12 Pro,,,,,,True,,,,,,,,,,,
1,Apple iPhone 12 Pro 256GB Unlocked AT&T T-Mobile Verizon Excellent Condition,$303.95,2025-10-21,https://www.ebay.com/itm/304194743951,https://i.ebayimg.com/images/g/gZEAAOSwOk1lDbvQ/s-l500.webp,256 GB,Excellent,False,iPhone 12 Pro,,,,,,True,,,,,,,,,,,
1,Apple iPhone 12 Pro Graphite 128GB Very Good - Refurbished  - Unlocked,$268.99,2025-10-21,https://www.ebay.com/itm/127187184003,https://i.ebayimg.com/images/g/tx0AAeSwd5No-T81/s-l500.webp,128 GB,Very Good,False,iPhone 12 Pro,,,,,,True,,,,,,,,,,,
1,Apple iPhone 12 Pro Blue 128GB Good - Refurbished  - Unlocked,$248.99,2025-10-21,https://www.ebay.com/itm/127407282951,https://i.ebayimg.com/images/g/y70AAeSwTEpo9~W~/s-l500.webp,128 GB,Good,False,iPhone 12 Pro,,,,,,True,,,,,,,,,,,
1,Apple iPhone 12 Pro 128GB 256GB 512GB Unlocked Smartphone - All Colors - Good,$274.99,2025-10-21,https://www.ebay.com/itm/156815506333,https://i.ebayimg.com/images/g/ojAAAOSw5eNnyIbk/s-l500.webp,128 GB,Good,False,iPhone 12 Pro,,,,,,True,,,,,,,,,,,
1,Apple iPhone 12 Pro Unlocked (Any Carrier) 128GB 256GB 512GB Very Good,$293.99,2025-10-21,https://www.ebay.com/itm/204651230649,https://i.ebayimg.com/images/g/v~QAAOSwR7VhKb-c/s-l500.webp,128 GB,Very Good,False,iPhone 12 Pro,,,,,,True,,,,,,,,,,,
1,Apple iPhone 12 Pro Graphite 128GB Good - Refurbished  - Unlocked,$248.99,2025-10-20,https://www.ebay.com/itm/127359573970,https://i.ebayimg.com/images/g/OfEAAeSw23xo9u1Z/s-l500.webp,128 GB,Good,False,iPhone 12 Pro,,,,,,True,,,,,,,,,,,
1,"Apple iPhone 12 Pro 128GB 6.1"", Pacific Blue",$294.99,2025-10-20,https://www.ebay.com/itm/365881945024,https://i.ebayimg.com/images/g/NicAAeSw4zBo1EPU/s-l500.webp,128 GB,Unknown,False,iPhone 12 Pro,,,,,,True,,,,,,,,,,,
1,Apple iPhone 12 Pro 256GB - Fully Unlocked - VERY GOOD Condition,$293.99,2025-10-20,https://www.ebay.com/itm/326522312272,https://i.ebayimg.com/images/g/8jAAAOSwtPxnW5F4/s-l500.webp,256 GB,Unknown,False,iPhone 12 Pro,,,,,,True,,,,,,,,,,,
1,Apple iPhone 12 Pro 128GB Unlocked Very Good Condition - All Colors,$289.99,2025-10-20,https://www.ebay.com/itm/276217815521,https://i.ebayimg.com/images/g/epYAAOSw67xlczAr/s-l500.webp,128 GB,Very Good,False,iPhone 12 Pro,,,,,,True,,,,,,,,,,,
1,Apple iPhone 12 Pro 256GB Unlocked - Very Good,$309.99,2025-10-19,https://www.ebay.com/itm/255757843532,https://i.ebayimg.com/images/g/NtEAAeSwZS1oO6gr/s-l500.webp,256 GB,Very Good,False,iPhone 12 Pro,,,,,,True,,,,,,,,,,,
1,Apple iPhone 12 Pro Unlocked (A2341) - Excellent Condition,$329.99,2025-10-18,https://www.ebay.com/itm/154813213931,https://i.ebayimg.com/images/g/jrEAAOSwOytmu9E1/s-l500.webp,Unknown,Excellent,False,iPhone 12 Pro,,,,,,True,,,,,,,,,,,
1,Apple iPhone 12 Pro A2341 (Fully Unlocked) 256GB Pacific Blue (Excellent),$329.99,2025-10-18,https://www.ebay.com/itm/286881751304,https://i.ebayimg.com/images/g/gAsAAeSwR05o8YBO/s-l500.webp,256 GB,Excellent,False,iPhone 12 Pro,,,,,,True,,,,,,,,,,,
1,Apple iPhone 12 Pro 256GB -  VERIZON ONLY - GOOD,$249.85,2025-04-06,https://www.ebay.com/itm/187055148614,https://i.ebayimg.com/images/g/QZ4AAOSwdzJm4wN4/s-l500.webp,256 GB,Unknown,False,iPhone 12 Pro,,,,,,True,,,,,,,,,,,
1,Apple iPhone 12 Pro 128GB Factory Unlocked Pacific Blue MGK43LL/A iOS Smarphone,$299.00,2025-10-17,https://www.ebay.com/itm/306520141841,https://i.ebayimg.com/images/g/M5AAAeSwjF1o2Dtn/s-l500.webp,128 GB,Unknown,False,iPhone 12 Pro,,,,,,True,,,,,,,,,,,
1,Apple iPhone 12 Pro 512GB Unlocked Good Condition - All Colors,$304.99,2025-10-17,https://www.ebay.com/itm/285598069257,https://i.ebayimg.com/images/g/dhwAAOSwk91lczEA/s-l500.webp,512 GB,Good,False,iPhone 12 Pro,,,,,,True,,,,,,,,,,,
1,Apple iPhone 12 Pro 128GB GSM/CDMA Fully Unlocked Graphite - Good,$272.69,2025-10-16,https://www.ebay.com/itm/256720998396,https://i.ebayimg.com/images/g/0~wAAOSwUcVnO5nc/s-l500.webp,128 GB,Good,False,iPhone 12 Pro,,,,,,True,,,,,,,,,,,
1,Apple iPhone 12 Pro 512GB Unlocked AT&T T-Mobile Verizon Very Good Condition,$288.95,2025-10-16,https://www.ebay.com/itm/294356589713,https://i.ebayimg.com/images/g/0YMAAOSwbMplDbuI/s-l500.webp,512 GB,Very Good,False,iPhone 12 Pro,,,,,,True,,,,,,,,,,,
1,Apple iPhone 12 Pro Blue 128GB Very Good - Refurbished  - Unlocked,$268.99,2025-10-16,https://www.ebay.com/itm/127388706753,https://i.ebayimg.com/images/g/A3AAAeSwmf5o-VNP/s-l500.webp,128 GB,Very Good,False,iPhone 12 Pro,,,,,,True,,,,,,,,,,,
1,Apple iPhone 12 Pro Graphite 256GB Very Good - Refurbished  - Unlocked,$278.99,2025-10-15,https://www.ebay.com/itm/127187182803,https://i.ebayimg.com/images/g/LUQAAeSwAJVo-Bp7/s-l500.webp,256 GB,Very Good,False,iPhone 12 Pro,,,,,,True,,,,,,,,,,,
1,Apple iPhone 12 Pro 128GB Unlocked Good Condition - All Colors,$279.99,2025-10-15,https://www.ebay.com/itm/296097584844,https://i.ebayimg.com/images/g/WVwAAOSwfnFlczBW/s-l500.webp,128 GB,Good,False,iPhone 12 Pro,,,,,,True,,,,,,,,,,,
1,Apple iPhone 12 Pro - 128GB 256GB 512GB - All Colors - Very Good Condition,$325.00,2025-10-15,https://www.ebay.com/itm/285390732299,https://i.ebayimg.com/images/g/rboAAOSwuQNiaccD/s-l500.webp,128 GB,Very Good,False,iPhone 12 Pro,,,,,,True,,,,,,,,,,,
1,Apple iPhone 12 Pro - 128GB 256GB 512GB - All Colors - Good Condition,$318.00,2025-10-15,https://www.ebay.com/itm/275298426488,https://i.ebayimg.com/images/g/rboAAOSwuQNiaccD/s-l500.webp,128 GB,Good,False,iPhone 12 Pro,,,,,,True,,,,,,,,,,,
2,Apple iPhone 12 Pro Graphite 128GB Excellent - Refurbished  - Unlocked,$288.99,2025-10-14,https://www.ebay.com/itm/127430179711,https://i.ebayimg.com/images/g/CuoAAeSwCpNo-XUh/s-l500.webp,128 GB,Excellent,False,iPhone 12 Pro,,,,,,True,,,,,,,,,,,
2,Apple iPhone 12 Pro 128 GB - Gold - Factory Unlocked (CDMA + GSM) - Good,$249.85,2025-03-29,https://www.ebay.com/itm/186684498068,https://i.ebayimg.com/images/g/kXoAAOSw69Fm5IOI/s-l500.webp,128 GB,Good,False,iPhone 12 Pro,,,,,,True,,,,,,,,,,,
2,Apple iPhone 12 Pro 128 GB - Blue - Factory Unlocked (CDMA + GSM) Very Good,$269.85,2024-12-16,https://www.ebay.com/itm/176574480013,https://i.ebayimg.com/images/g/wsEAAOSwcGFm5H-5/s-l500.webp,128 GB,Very Good,False,iPhone 12 Pro,,,,,,True,,,,,,,,,,,
2,Apple iPhone 12 Pro Smartphone A2341 128GB Unlocked Excellent,$340.00,2025-10-13,https://www.ebay.com/itm/226582278487,https://i.ebayimg.com/images/g/-0oAAeSweJlnooq8/s-l500.webp,128 GB,Excellent,False,iPhone 12 Pro,,,,,,True,,,,,,,,,,,
2,Apple iPhone 12 Pro - 128GB  A2341 (Unlocked) All Colors ~ Very Good Condition!,$278.99,2025-10-13,https://www.ebay.com/itm/226896597359,https://i.ebayimg.com/images/g/Dw8AAeSwuQBoi6Wv/s-l500.webp,128 GB,Very Good,False,iPhone 12 Pro,,,,,,True,,,,,,,,,,,
2,Apple iPhone 12 Pro 512GB Factory Unlocked AT&T T-Mobile Verizon Good Condition,$284.95,2025-10-13,https://www.ebay.com/itm/304185295612,https://i.ebayimg.com/images/g/6UIAAOSwgfJlDbug/s-l500.webp,512 GB,Good,False,iPhone 12 Pro,,,,,,True,,,,,,,,,,,
2,Apple iPhone 12 Pro 512GB - Gold - Factory Unlocked - USED,$269.85,2025-03-30,https://www.ebay.com/itm/176572670067,https://i.ebayimg.com/images/g/h9AAAOSwxixm4wSY/s-l500.webp,512 GB,Unknown,False,iPhone 12 Pro,,,,,,True,,,,,,,,,,,
2,Apple iPhone 12 Pro - 128GB Pacific Blue Factory Unlocked - GOOD Condition,$259.99,2025-03-30,https://www.ebay.com/itm/176841930253,https://i.ebayimg.com/images/g/F2oAAeSwscJnrQQf/s-l500.webp,128 GB,Unknown,False,iPhone 12 Pro,,,,,,True,,,,,,,,,,,
2,Apple iPhone 12 Pro 512GB Unlocked AT&T T-Mobile Verizon Excellent Condition,$317.95,2025-10-12,https://www.ebay.com/itm/304221769488,https://i.ebayimg.com/images/g/vM4AAOSwgjZlDbwF/s-l500.webp,512 GB,Excellent,False,iPhone 12 Pro,,,,,,True,,,,,,,,,,,
2,Apple iPhone 12 Pro - 256GB - Blue - Fully Unlocked 5G - Good,$329.99,2025-01-25,https://www.ebay.com/itm/267094886435,https://i.ebayimg.com/images/g/xbkAAOSwAmFnNR0f/s-l500.webp,256 GB,Good,False,iPhone 12 Pro,,,,,,True,,,,,,,,,,,
2,Apple iPhone 12 Pro A2341 Unlocked 128GB Silver Very Good,$314.99,2024-12-07,https://www.ebay.com/itm/196802201775,https://i.ebayimg.com/images/g/80MAAOSwCNNnMlPy/s-l500.webp,128 GB,Very Good,False,iPhone 12 Pro,,,,,,True,,,,,,,,,,,
2,Apple iPhone 12 Pro A2341 128GB Unlocked Very Good Condition,$227.75,2025-10-10,https://www.ebay.com/itm/354393181000,https://i.ebayimg.com/images/g/0nQAAOSwKFNjco8W/s-l500.webp,128 GB,Very Good,False,iPhone 12 Pro,,,,,,True,,,,,,,,,,,
2,Apple iPhone 12 Pro 128 GB Silver Unlocked (All Carriers) Premium Condition,$389.99,2024-10-11,https://www.ebay.com/itm/285853131674,https://i.ebayimg.com/images/g/KR8AAOSwHX9nQN~d/s-l500.webp,128 GB,Unknown,False,iPhone 12 Pro,,,,,,True,,,,,,,,,,,
2,Apple iPhone 12 Pro 5G 128GB 256GB 512GB Fully Unlocked LTE Smartphone Grade A+,$339.99,2025-10-09,https://www.ebay.com/itm/294042036680,https://i.ebayimg.com/images/g/gLQAAOSwtYNf28h1/s-l500.webp,128 GB,Unknown,False,iPhone 12 Pro,,,,,,True,,,,,,,,,,,
2,Apple iPhone 12 Pro A2341 256GB Unlocked Good Condition,$277.48,2025-10-09,https://www.ebay.com/itm/354519904238,https://i.ebayimg.com/images/g/SjgAAOSwE2JjcogO/s-l500.webp,256 GB,Good,False,iPhone 12 Pro,,,,,,True,,,,,,,,,,,
2,Apple iPhone 12 Pro 128GB Unlocked - Very Good,$274.99,2025-10-09,https://www.ebay.com/itm/256288496820,https://i.ebayimg.com/images/g/gxEAAeSwitNoL7o2/s-l500.webp,128 GB,Very Good,False,iPhone 12 Pro,,,,,,True,,,,,,,,,,,
2,Apple iPhone 12 Pro 128GB A2341 Unlocked AT&T Verizon T-Mobile Very Good Refurb,$280.99,2025-10-09,https://www.ebay.com/itm/187036165413,https://i.ebayimg.com/images/g/AM0AAOSwqNhn0K1b/s-l500.webp,128 GB,Very Good,False,iPhone 12 Pro,,,,,,True,,,,,,,,,,,
2,APPLE IPHONE 12 PRO 256GB SILVER - MGK63LL/A-SILVER - UNLOCKED - SILVER,$189.00,2025-10-08,https://www.ebay.com/itm/157196237001,https://i.ebayimg.com/images/g/808AAeSwhjdo5re0/s-l500.webp,256 GB,Unknown,False,iPhone 12 Pro,,,,,,True,,,,,,,,,,,
2,Apple iPhone 12 Pro - 128GB - Factory Unlocked - Excellent Condition,$499.99,2025-10-08,https://www.ebay.com/itm/114992117420,https://i.ebayimg.com/images/g/tXQAAOSwJvxhQfcB/s-l500.webp,128 GB,Excellent,False,iPhone 12 Pro,,,,,,True,,,,,,,,,,,
2,Apple iPhone 12 Pro 256GB Unlocked Excellent Condition,$310.12,2025-10-07,https://www.ebay.com/itm/354393361207,https://i.ebayimg.com/images/g/dM0AAOSwyn9jcrKs/s-l500.webp,256 GB,Excellent,False,iPhone 12 Pro,,,,,,True,,,,,,,,,,,
2,Apple iPhone 12 Pro - 128GB - Fully Unlocked (2020),$284.97,2025-10-07,https://www.ebay.com/itm/135512461631,https://i.ebayimg.com/images/g/1~EAAOSwqkpnkUzp/s-l500.webp,128 GB,Unknown,False,iPhone 12 Pro,,,,,,True,,,,,,,,,,,
2,Apple iPhone 12 Pro 128GB Factory Unlocked Pacific Blue MGK43LL/A iOS Smarphone,$289.00,2025-10-06,https://www.ebay.com/itm/336174154696,https://i.ebayimg.com/images/g/Na8AAeSwFpVow5ms/s-l500.webp,128 GB,Unknown,False,iPhone 12 Pro,,,,,,True,,,,,,,,,,,
2,Apple iPhone 12 Pro 128GB - Fully Unlocked - Excellent Condition!!!!!,$279.99,2025-10-06,https://www.ebay.com/itm/226214964962,https://i.ebayimg.com/images/g/yIwAAOSw49BljKd3/s-l500.webp,128 GB,Excellent,False,iPhone 12 Pro,,,,,,True,,,,,,,,,,,
2,Apple iPhone 12 Pro  6.1in 256GB Fully Unlocked - Excellent,$357.00,2025-10-05,https://www.ebay.com/itm/144841742547,https://i.ebayimg.com/images/g/xaYAAeSwJDJopjjE/s-l500.webp,256 GB,Excellent,False,iPhone 12 Pro,,,,,,True,,,,,,,,,,,
2,Apple iPhone 12 Pro 256GB A2341 Unlocked AT&T Verizon T-Mobile Very Good Refurb,$290.99,2025-10-05,https://www.ebay.com/itm/356656166397,https://i.ebayimg.com/images/g/x54AAOSwy55n0Ld7/s-l500.webp,256 GB,Very Good,False,iPhone 12 Pro,,,,,,True,,,,,,,,,,,
2,"Apple iPhone 12 Pro 512GB 6.1"", Pacific Blue",$309.99,2025-10-03,https://www.ebay.com/itm/388960836645,https://i.ebayimg.com/images/g/m-EAAeSwMthoxKpN/s-l500.webp,512 GB,Unknown,False,iPhone 12 Pro,,,,,,True,,,,,,,,,,,
2,Apple iPhone 12 Pro Blue 256GB Very Good - Refurbished  - Unlocked,$275.99,2025-10-03,https://www.ebay.com/itm/127313933729,https://i.ebayimg.com/images/g/5QkAAeSw2h5o4DNJ/s-l500.webp,256 GB,Very Good,False,iPhone 12 Pro,,,,,,True,,,,,,,,,,,
2,Apple iPhone 12 Pro 256GB Unlocked Very Good Condition - All Colors,$299.99,2025-10-02,https://www.ebay.com/itm/276217816443,https://i.ebayimg.com/images/g/ddMAAOSwk91lczDO/s-l500.webp,256 GB,Very Good,False,iPhone 12 Pro,,,,,,True,,,,,,,,,,,
2,Apple iPhone 12 Pro A2341 128GB Unlocked Very Good Condition,$305.49,2025-09-30,https://www.ebay.com/itm/354521087454,https://i.ebayimg.com/images/g/YJcAAOSwci9jcqq8/s-l500.webp,128 GB,Very Good,False,iPhone 12 Pro,,,,,,True,,,,,,,,,,,
2,Apple iPhone 12 Pro 128GB A2341 Unlocked AT&T Verizon T-Mobile Excellent Refurb,$295.99,2025-09-29,https://www.ebay.com/itm/356656107197,https://i.ebayimg.com/images/g/AM0AAOSwqNhn0K1b/s-l500.webp,128 GB,Excellent,False,iPhone 12 Pro,,,,,,True,,,,,,,,,,,
2,Apple iPhone 12 Pro 128GB Unlocked Excellent Condition - All Colors,$309.99,2025-09-28,https://www.ebay.com/itm/285598067513,https://i.ebayimg.com/images/g/qBsAAOSwto5lczBk/s-l500.webp,128 GB,Excellent,False,iPhone 12 Pro,,,,,,True,,,,,,,,,,,
2,Apple iPhone 12 PRO Verizon AT&T T-Mobile GSM Factory Unlocked Phone - Very Good,$314.95,2025-09-28,https://www.ebay.com/itm/363634985816,https://i.ebayimg.com/images/g/oekAAOSwv91hn9Sn/s-l500.webp,Unknown,Very Good,False,iPhone 12 Pro,,,,,,True,,,,,,,,,,,
2,Apple iPhone 12 Pro Unlocked (Any Carrier) SmartPhone 128GB 256GB 512GB Good,$283.99,2025-09-28,https://www.ebay.com/itm/235370222856,https://i.ebayimg.com/images/g/v~QAAOSwR7VhKb-c/s-l500.webp,128 GB,Good,False,iPhone 12 Pro,,,,,,True,,,,,,,,,,,
2,Apple iPhone 12 Pro - 256 GB - Pacific Blue - Unlocked - Excellent Refurbished,$279.00,2025-09-28,https://www.ebay.com/itm/127019627584,https://i.ebayimg.com/images/g/AJsAAOSwMWJj6~sY/s-l500.webp,256 GB,Excellent,False,iPhone 12 Pro,,,,,,True,,,,,,,,,,,
2,Apple iPhone 12 Pro - 256 GB - Graphite  - Unlocked - Excellent Refurbished,$293.99,2025-09-27,https://www.ebay.com/itm/127225284447,https://i.ebayimg.com/images/g/2lUAAeSwippocCsF/s-l500.webp,256 GB,Excellent,False,iPhone 12 Pro,,,,,,True,,,,,,,,,,,
2,"Apple iPhone 12 Pro 256GB 6.1"" Fully Unlocked, Graphite",$289.99,2025-09-27,https://www.ebay.com/itm/317276487518,https://i.ebayimg.com/images/g/6H4AAeSwHChoxKoQ/s-l500.webp,256 GB,Unknown,False,iPhone 12 Pro,,,,,,True,,,,,,,,,,,
2,Apple iPhone 12 Pro Unlocked (A2341) - Pristine Condition,$459.99,2024-01-23,https://www.ebay.com/itm/154307678270,https://i.ebayimg.com/images/g/FPwAAOSwwhZmu9FE/s-l500.webp,Unknown,Unknown,False,iPhone 12 Pro,,,,,,True,,,,,,,,,,,
2,Apple iPhone 12 Pro 256GB Factory Unlocked AT&T T-Mobile Verizon Good Condition,$275.95,2025-09-26,https://www.ebay.com/itm/294462408447,https://i.ebayimg.com/images/g/IXQAAOSw0IFlDbuU/s-l500.webp,256 GB,Good,False,iPhone 12 Pro,,,,,,True,,,,,,,,,,,
2,Apple iPhone 12 Pro 128GB Unlocked AT&T T-Mobile Verizon Excellent Condition,$284.95,2025-09-25,https://www.ebay.com/itm/294513629061,https://i.ebayimg.com/images/g/dw8AAOSw3S5m2wnt/s-l500.webp,128 GB,Excellent,False,iPhone 12 Pro,,,,,,True,,,,,,,,,,,
2,Apple iPhone 12 Pro 5G 128GB 256GB 512GB Fully Unlocked 4G LTE Grade B+,$319.99,2025-09-25,https://www.ebay.com/itm/275177593990,https://i.ebayimg.com/images/g/gLQAAOSwtYNf28h1/s-l500.webp,128 GB,Unknown,False,iPhone 12 Pro,,,,,,True,,,,,,,,,,,
2,iPhone 12 Pro - Factory Unlocked - 128GB - Blue - Good,$265.00,2025-09-19,https://www.ebay.com/itm/276255224080,https://i.ebayimg.com/images/g/7-MAAOSwVfllju0c/s-l500.webp,128 GB,Good,False,iPhone 12 Pro,,,,,,True,,,,,,,,,,,
3,Apple iPhone 12 Pro - 512GB - Unlocked - VERY GOOD Condition!!!,$293.99,2025-09-18,https://www.ebay.com/itm/326545469557,https://i.ebayimg.com/images/g/8jAAAOSwtPxnW5F4/s-l500.webp,512 GB,Unknown,False,iPhone 12 Pro,,,,,,True,,,,,,,,,,,
3,Apple iPhone 12 Pro 256GB - Fully Unlocked - VERY GOOD - *NO FACE ID*,$249.99,2025-09-17,https://www.ebay.com/itm/226977703748,https://i.ebayimg.com/images/g/8jAAAOSwtPxnW5F4/s-l500.webp,256 GB,Unknown,False,iPhone 12 Pro,,,,,,True,,,,,,,,,,,
3,Apple iPhone 12 Pro Blue 128GB Very Good - Refurbished  - Unlocked,$270.99,2025-08-12,https://www.ebay.com/itm/127187183901,https://i.ebayimg.com/images/g/jJEAAeSwQM1ow2xb/s-l500.webp,128 GB,Very Good,False,iPhone 12 Pro,,,,,,True,,,,,,,,,,,
3,Apple iPhone 12 Pro Graphite 256GB Excellent - Refurbished  - Unlocked,$309.99,2025-07-25,https://www.ebay.com/itm/127187182941,https://i.ebayimg.com/images/g/XP8AAeSwlItog5KJ/s-l500.webp,256 GB,Excellent,False,iPhone 12 Pro,,,,,,True,,,,,,,,,,,
3,Apple iPhone 12 Pro 256GB Unlocked Good Condition - All Colors,$289.99,2025-09-16,https://www.ebay.com/itm/276217816345,https://i.ebayimg.com/images/g/WfMAAOSwa19lczD9/s-l500.webp,256 GB,Good,False,iPhone 12 Pro,,,,,,True,,,,,,,,,,,
3,Apple iPhone 12 Pro 128GB Factory Unlocked Pacific Blue NGK43LL/A iOS Smarphone,$269.00,2025-09-16,https://www.ebay.com/itm/306494554894,https://i.ebayimg.com/images/g/VsoAAeSwMKdow5rO/s-l500.webp,128 GB,Unknown,False,iPhone 12 Pro,,,,,,True,,,,,,,,,,,
3,Apple iPhone 12 Pro - 128GB Pacific Blue Factory Unlocked - GOOD Condition,$299.99,2025-09-15,https://www.ebay.com/itm/306500265185,https://i.ebayimg.com/images/g/brwAAeSwFC9oyIqy/s-l500.webp,128 GB,Unknown,False,iPhone 12 Pro,,,,,,True,,,,,,,,,,,
3,Apple iPhone 12 Pro 128GB 256GB A2341 (Unlocked) All Colors Refurbished- GOOD,$289.99,2025-09-15,https://www.ebay.com/itm/177238864857,https://i.ebayimg.com/images/g/W78AAeSwSQhoZZoI/s-l500.webp,128 GB,Unknown,False,iPhone 12 Pro,,,,,,True,,,,,,,,,,,
3,"Apple iPhone 12 Pro - Fully Unlocked - 6.1"" - 256GB - Very Good",$315.00,2025-09-13,https://www.ebay.com/itm/165760369605,https://i.ebayimg.com/images/g/IcAAAeSwTXVo5QoU/s-l500.webp,256 GB,Very Good,False,iPhone 12 Pro,,,,,,True,,,,,,,,,,,
3,Apple iPhone 12 Pro - 128 GB - Silver - Unlocked - Good Refurbished,$268.99,2025-09-12,https://www.ebay.com/itm/127114335958,https://i.ebayimg.com/images/g/xNwAAOSwJ2hjDzmR/s-l500.webp,128 GB,Good,False,iPhone 12 Pro,,,,,,True,,,,,,,,,,,
3,Apple iPhone 12 Pro 128GB Unlocked - Good,$269.99,2025-09-11,https://www.ebay.com/itm/256402197073,https://i.ebayimg.com/images/g/REIAAeSwJ2FoPGUt/s-l500.webp,128 GB,Good,False,iPhone 12 Pro,,,,,,True,,,,,,,,,,,
3,Apple iPhone 12 Pro - 128GB 256GB 512GB - All Colors - Excellent Condition,$295.00,2025-09-09,https://www.ebay.com/itm/276450580848,https://i.ebayimg.com/images/g/rboAAOSwuQNiaccD/s-l500.webp,128 GB,Excellent,False,iPhone 12 Pro,,,,,,True,,,,,,,,,,,
3,Apple iPhone 12 Pro 256GB A2341 Unlocked AT&T Verizon T-Mobile Excellent Refurb,$309.99,2025-09-08,https://www.ebay.com/itm/187036208902,https://i.ebayimg.com/images/g/x54AAOSwy55n0Ld7/s-l500.webp,256 GB,Excellent,False,iPhone 12 Pro,,,,,,True,,,,,,,,,,,
3,Apple iPhone 12 Pro 256GB Unlocked - Excellent,$329.99,2025-09-03,https://www.ebay.com/itm/256288496927,https://i.ebayimg.com/images/g/E5MAAeSwWQNoPGXj/s-l500.webp,256 GB,Excellent,False,iPhone 12 Pro,,,,,,True,,,,,,,,,,,
3,"Apple iPhone 12 Pro 512GB Unlocked 6.1"" (Pacific Blue) A2341 - w/1 Year Warranty",$335.11,2025-09-02,https://www.ebay.com/itm/356825736864,https://i.ebayimg.com/images/g/DcEAAOSwPXBoC74p/s-l500.webp,512 GB,Unknown,False,iPhone 12 Pro,,,,,,True,,,,,,,,,,,
3,Apple iPhone 12 Pro Smartphone A2341 512GB Unlocked Excellent,$370.00,2025-09-02,https://www.ebay.com/itm/226688441761,https://i.ebayimg.com/images/g/j1MAAeSwzhZn9DX1/s-l500.webp,512 GB,Excellent,False,iPhone 12 Pro,,,,,,True,,,,,,,,,,,
3,Apple iPhone 12 Pro A2341 256GB Unlocked Very-Good Condition,$301.99,2025-09-01,https://www.ebay.com/itm/297572467606,https://i.ebayimg.com/images/g/q5wAAeSwPQFogHCX/s-l500.webp,256 GB,Very Good,False,iPhone 12 Pro,,,,,,True,,,,,,,,,,,
3,Apple iPhone 12 Pro - 128 GB - Pacific Blue (Unlocked) - Excellent Condition,$299.00,2025-09-01,https://www.ebay.com/itm/336155366874,https://i.ebayimg.com/images/g/KCkAAOSwo0RnuD1m/s-l500.webp,128 GB,Excellent,False,iPhone 12 Pro,,,,,,True,,,,,,,,,,,
3,Apple iPhone 12 Pro- 128 GB - Pacific Blue (Unlocked) - 85%+ Battery Very Good,$279.00,2025-08-12,https://www.ebay.com/itm/335833006232,https://i.ebayimg.com/images/g/KCkAAOSwo0RnuD1m/s-l500.webp,128 GB,Very Good,False,iPhone 12 Pro,,,,,,True,,,,,,,,,,,
3,Apple iPhone 12 Pro Graphite 512GB Unlocked - Good Condition,$309.99,2025-08-29,https://www.ebay.com/itm/277327809948,https://i.ebayimg.com/images/g/O3sAAeSwa3hon3Qu/s-l500.webp,512 GB,Good,False,iPhone 12 Pro,,,,,,True,,,,,,,,,,,
3,Apple iPhone 12 Pro 512GB Unlocked Graphite A2341 MGKA3LL/A Good,$274.99,2025-08-29,https://www.ebay.com/itm/146742823867,https://i.ebayimg.com/images/g/KMcAAeSwS~Zoi2PI/s-l500.webp,512 GB,Good,False,iPhone 12 Pro,,,,,,True,,,,,,,,,,,
3,Apple iPhone 12 Pro 512GB Unlocked AT&T T-Mobile Verizon Excellent Refurbished,$342.99,2025-08-29,https://www.ebay.com/itm/205347161077,https://i.ebayimg.com/images/g/5kgAAOSwqBxn0Lu2/s-l500.webp,512 GB,Excellent,False,iPhone 12 Pro,,,,,,True,,,,,,,,,,,
3,"iPhone 12 Pro, 128GB, Unlocked, Graphite, MGJM3LL/A",$259.95,2025-08-28,https://www.ebay.com/itm/197646090784,https://i.ebayimg.com/images/g/uPQAAeSwmBporJrE/s-l500.webp,128 GB,Unknown,False,iPhone 12 Pro,,,,,,True,,,,,,,,,,,
3,Apple Iphone 12 Pro 256GB FGLV3LL/A Unlocked Gold,$309.00,2025-08-28,https://www.ebay.com/itm/146781748578,https://i.ebayimg.com/images/g/KB0AAeSwxUNopKo7/s-l500.webp,256 GB,Unknown,False,iPhone 12 Pro,,,,,,True,,,,,,,,,,,
3,Apple iPhone 12 Pro - 128 GB - Graphite (Unlocked) - Excellent Condition,$299.00,2025-08-27,https://www.ebay.com/itm/336069137683,https://i.ebayimg.com/images/g/WGsAAeSwPxJod1mu/s-l500.webp,128 GB,Excellent,False,iPhone 12 Pro,,,,,,True,,,,,,,,,,,
3,Apple iPhone 12 Pro 128GB Unlocked - Very Good,$262.95,2025-08-27,https://www.ebay.com/itm/363490711983,https://i.ebayimg.com/images/g/U4MAAOSwS99hCDnD/s-l500.webp,128 GB,Very Good,False,iPhone 12 Pro,,,,,,True,,,,,,,,,,,
3,Apple iPhone 12 Pro 128GB Pacific Blue Fully Unlocked - Very Good Condition,$279.00,2025-08-27,https://www.ebay.com/itm/335780027817,https://i.ebayimg.com/images/g/l6EAAOSwjUJntEos/s-l500.webp,128 GB,Very Good,False,iPhone 12 Pro,,,,,,True,,,,,,,,,,,
3,Apple iPhone 12 Pro 6.1in 128GB Fully Unlocked  - Excellent,$337.00,2025-08-26,https://www.ebay.com/itm/144843032086,https://i.ebayimg.com/images/g/7xcAAeSw7iNon1yl/s-l500.webp,128 GB,Excellent,False,iPhone 12 Pro,,,,,,True,,,,,,,,,,,
3,"Apple iPhone 12 Pro 512GB Unlocked 6.1"" FHD+ OLED 6GB 12MP GPS NFC 5G Graphite",$299.99,2025-08-23,https://www.ebay.com/itm/326727246573,https://i.ebayimg.com/images/g/aR4AAOSw5ltl1m-m/s-l500.webp,512 GB,Unknown,False,iPhone 12 Pro,,,,,,True,,,,,,,,,,,
3,Apple iPhone 12 Pro 128GB Graphite (Unlocked)Verizon AT&T Mobile VERY GOOD,$259.55,2025-08-21,https://www.ebay.com/itm/177354836616,https://i.ebayimg.com/images/g/CqMAAOSwCFloGoRb/s-l500.webp,128 GB,Unknown,False,iPhone 12 Pro,,,,,,True,,,,,,,,,,,
3,Apple iPhone 12 Pro - 256 GB - Pacific Blue (Unlocked) Good Condition,$259.99,2025-08-21,https://www.ebay.com/itm/286687250909,https://i.ebayimg.com/images/g/580AAeSwdy5oZu~N/s-l500.webp,256 GB,Good,False,iPhone 12 Pro,,,,,,True,,,,,,,,,,,
3,Apple iPhone 12 Pro 128 256 512GB Factory Unlocked Good,$284.57,2025-08-20,https://www.ebay.com/itm/235917221668,https://i.ebayimg.com/images/g/u00AAOSwvGdniX2l/s-l500.webp,512 GB,Good,False,iPhone 12 Pro,,,,,,True,,,,,,,,,,,
3,Apple iPhone 12 Pro - 128 GB - Silver (Unlocked) - Very Good Condition,$279.00,2025-08-18,https://www.ebay.com/itm/336113989708,https://i.ebayimg.com/images/g/OfQAAeSwAEJolaLM/s-l500.webp,128 GB,Very Good,False,iPhone 12 Pro,,,,,,True,,,,,,,,,,,
3,Apple iPhone 12 Pro 256GB GSM/CDMA Fully Unlocked - Gold,$447.49,2025-08-17,https://www.ebay.com/itm/305843253935,https://i.ebayimg.com/images/g/ZI4AAOSwsdBnEFj2/s-l500.webp,256 GB,Unknown,False,iPhone 12 Pro,,,,,,True,,,,,,,,,,,
3,Apple iPhone 12 Pro 5G 128GB 256GB 512GB Fully Unlocked Grade B+,$289.99,2025-08-17,https://www.ebay.com/itm/277128456299,https://i.ebayimg.com/images/g/gLQAAOSwtYNf28h1/s-l500.webp,128 GB,Unknown,False,iPhone 12 Pro,,,,,,True,,,,,,,,,,,
3,Apple iPhone 12 Pro - 128 GB - Graphite (Unlocked) - Very Good Condition,$279.00,2025-08-16,https://www.ebay.com/itm/336069128008,https://i.ebayimg.com/images/g/8BUAAeSwZLZod1jO/s-l500.webp,128 GB,Very Good,False,iPhone 12 Pro,,,,,,True,,,,,,,,,,,
3,Apple iPhone 12 Pro 256GB Unlocked - Good,$267.95,2025-08-16,https://www.ebay.com/itm/403999411609,https://i.ebayimg.com/images/g/U4MAAOSwS99hCDnD/s-l500.webp,256 GB,Good,False,iPhone 12 Pro,,,,,,True,,,,,,,,,,,
3,"Apple iPhone 12 Pro - 6.1"" - 512GB - Fully Unlocked  - Excellent",$413.00,2025-08-15,https://www.ebay.com/itm/165782133435,https://i.ebayimg.com/images/g/448AAeSwumZom--~/s-l500.webp,512 GB,Excellent,False,iPhone 12 Pro,,,,,,True,,,,,,,,,,,
3,Apple iPhone 12 Pro - 128GB (A2341) Factory Unlocked - Excellent Condition,$299.99,2025-08-15,https://www.ebay.com/itm/176599374817,https://i.ebayimg.com/images/g/GRcAAOSwL3Zm9wq6/s-l500.webp,128 GB,Excellent,False,iPhone 12 Pro,,,,,,True,,,,,,,,,,,
3,Apple iPhone 12 Pro 128GB (A2341) Unlocked AT&T T-Mobile Verizon - Very Good,$279.99,2025-08-15,https://www.ebay.com/itm/176331279160,https://i.ebayimg.com/images/g/dUoAAOSwvNtmGZYM/s-l500.webp,128 GB,Very Good,False,iPhone 12 Pro,,,,,,True,,,,,,,,,,,
3,Apple iPhone 12 Pro A2341 - 128GB Unlocked All Colors ~ Excellent Condition!,$299.99,2025-08-11,https://www.ebay.com/itm/226617830397,https://i.ebayimg.com/images/g/7q8AAOSwDw5l12w1/s-l500.webp,128 GB,Excellent,False,iPhone 12 Pro,,,,,,True,,,,,,,,,,,
3,Apple iPhone 12 Pro - 256 GB - Pacific Blue (Unlocked) - Very Good Condition,$314.74,2025-08-10,https://www.ebay.com/itm/335927984105,https://i.ebayimg.com/images/g/DLEAAOSwHUpoCfM-/s-l500.webp,256 GB,Very Good,False,iPhone 12 Pro,,,,,,True,,,,,,,,,,,
3,Apple iPhone 12 Pro - 256 GB - Gold (Unlocked) - Very Good Condition,$309.00,2025-08-09,https://www.ebay.com/itm/336069143157,https://i.ebayimg.com/images/g/QAwAAeSwgBhod1rs/s-l500.webp,256 GB,Very Good,False,iPhone 12 Pro,,,,,,True,,,,,,,,,,,
3,Apple iPhone 12 Pro 128GB Unlocked - Good,$248.95,2025-08-08,https://www.ebay.com/itm/384587651322,https://i.ebayimg.com/images/g/U4MAAOSwS99hCDnD/s-l500.webp,128 GB,Good,False,iPhone 12 Pro,,,,,,True,,,,,,,,,,,
3,Apple iPhone 12 Pro 128GB Unlocked - Excellent,$319.99,2025-08-07,https://www.ebay.com/itm/256288496861,https://i.ebayimg.com/images/g/KuwAAeSwHh5oPGWw/s-l500.webp,128 GB,Excellent,False,iPhone 12 Pro,,,,,,True,,,,,,,,,,,
3,Apple iPhone 12 Pro 128GB A2341 5G Unlocked - Very Good,$259.99,2025-08-06,https://www.ebay.com/itm/276232605521,https://i.ebayimg.com/images/g/DT4AAOSwteZnr6on/s-l500.webp,128 GB,Very Good,False,iPhone 12 Pro,,,,,,True,,,,,,,,,,,
3,Apple iPhone 12 Pro - 128 GB - Pacific Blue (Unlocked) Good Condition,$224.99,2025-08-05,https://www.ebay.com/itm/286699820891,https://i.ebayimg.com/images/g/jA0AAeSwBOdocCo3/s-l500.webp,128 GB,Good,False,iPhone 12 Pro,,,,,,True,,,,,,,,,,,
3,Apple iPhone 12 Pro 128GB A2341 Unlocked AT&T Verizon T-Mobile Good Refurbished,$267.99,2025-08-05,https://www.ebay.com/itm/356656140310,https://i.ebayimg.com/images/g/AM0AAOSwqNhn0K1b/s-l500.webp,128 GB,Good,False,iPhone 12 Pro,,,,,,True,,,,,,,,,,,
3,Apple iPhone 12 Pro - 256 GB - Graphite (Unlocked) - Very Good Condition,$314.74,2025-08-05,https://www.ebay.com/itm/335927965643,https://i.ebayimg.com/images/g/sEEAAOSwEq1nuD2D/s-l500.webp,256 GB,Very Good,False,iPhone 12 Pro,,,,,,True,,,,,,,,,,,
3,Apple iPhone 12 Pro - 128 GB - Gold (Unlocked) - Very Good Condition,$279.00,2025-08-05,https://www.ebay.com/itm/336069120481,https://i.ebayimg.com/images/g/qQ8AAeSwrMBod1Yn/s-l500.webp,128 GB,Very Good,False,iPhone 12 Pro,,,,,,True,,,,,,,,,,,
3,APPLE IPHONE 12 PRO 256GB SILVER - MGJT3LL/A-SILVER - UNLOCKED - SILVER,$260.00,2025-08-04,https://www.ebay.com/itm/157196236872,https://i.ebayimg.com/images/g/9qUAAeSw-MVokigA/s-l500.webp,256 GB,Unknown,False,iPhone 12 Pro,,,,,,True,,,,,,,,,,,
3,Apple iPhone 12 Pro - Graphite - 256GB (Unlocked) - Very Good Condition,$285.98,2025-08-04,https://www.ebay.com/itm/365777358655,https://i.ebayimg.com/images/g/YtQAAeSwD~BokNMa/s-l500.webp,256 GB,Very Good,False,iPhone 12 Pro,,,,,,True,,,,,,,,,,,
3,Apple iPhone 12 Pro - 128GB - Factory Unlocked - Very Good Condition,$284.99,2025-07-31,https://www.ebay.com/itm/114992118910,https://i.ebayimg.com/images/g/tXQAAOSwJvxhQfcB/s-l500.webp,128 GB,Very Good,False,iPhone 12 Pro,,,,,,True,,,,,,,,,,,
3,Apple iPhone 12 Pro 128GB~256GB~512GB Unlocked All Colors A2341 ~ Very Good!,$284.99,2025-07-30,https://www.ebay.com/itm/326461192747,https://i.ebayimg.com/images/g/FpkAAOSwL2hhxLf-/s-l500.webp,128 GB,Very Good,False,iPhone 12 Pro,,,,,,True,,,,,,,,,,,
3,Apple iPhone 12 Pro 256GB Unlocked Excellent Condition - All Colors,$339.99,2025-07-30,https://www.ebay.com/itm/276217816562,https://i.ebayimg.com/images/g/8UYAAOSwCIBlczEI/s-l500.webp,256 GB,Excellent,False,iPhone 12 Pro,,,,,,True,,,,,,,,,,,
3,"Apple iPhone 12 Pro - 6.1"" - 128GB - Fully Unlocked  - Excellent",$321.00,2025-07-30,https://www.ebay.com/itm/165816189331,https://i.ebayimg.com/images/g/pNYAAOSwq0Znz0Lw/s-l500.webp,128 GB,Excellent,False,iPhone 12 Pro,,,,,,True,,,,,,,,,,,
3,Apple iPhone 12 Pro 256GB A2341 Unlocked AT&T Verizon T-Mobile Good Refurbished,$281.99,2025-07-30,https://www.ebay.com/itm/205347143121,https://i.ebayimg.com/images/g/x54AAOSwy55n0Ld7/s-l500.webp,256 GB,Good,False,iPhone 12 Pro,,,,,,True,,,,,,,,,,,
3,Apple iPhone 12 Pro - 256 GB - Graphite - Unlocked - Good Refurbished,$277.00,2025-07-30,https://www.ebay.com/itm/127234070096,https://i.ebayimg.com/images/g/VvAAAOSwS69j6~yH/s-l500.webp,256 GB,Good,False,iPhone 12 Pro,,,,,,True,,,,,,,,,,,
3,Apple iPhone 12 Pro A2341 Unlocked 256GB Graphite Good,$304.99,2025-07-29,https://www.ebay.com/itm/196459853952,https://i.ebayimg.com/images/g/XqsAAOSw3v1mdxId/s-l500.webp,256 GB,Good,False,iPhone 12 Pro,,,,,,True,,,,,,,,,,,
1,Apple iPhone 13 Pro - 128 GB - Sierra Blue - Unlocked - Excellent Condition,$388.55,2025-10-22,https://www.ebay.com/itm/335906202569,https://i.ebayimg.com/images/g/pwsAAOSwytdntE3G/s-l500.webp,128 GB,Excellent,False,iPhone 13 Pro,,,,,,,True,,,,,,,,,,
1,Apple iPhone 13 Pro Green 128GB Good - Refurbished  - Unlocked,$358.99,2025-10-22,https://www.ebay.com/itm/127195098292,https://i.ebayimg.com/images/g/EowAAeSwnDFo-U14/s-l140.webp,128 GB,Good,False,iPhone 13 Pro,,,,,,,True,,,,,,,,,,
1,Apple iPhone 13 Pro 512GB Fully Unlocked - Good,$382.99,2025-10-22,https://www.ebay.com/itm/326765045139,https://i.ebayimg.com/images/g/UWkAAOSwS39oERUk/s-l140.webp,512 GB,Good,False,iPhone 13 Pro,,,,,,,True,,,,,,,,,,
1,Apple iPhone 13 Pro Silver 128GB Excellent - Refurbished  - Unlocked,$398.99,2025-09-02,https://www.ebay.com/itm/127198528466,https://i.ebayimg.com/images/g/KsAAAeSwJDFo94Rp/s-l140.webp,128 GB,Excellent,False,iPhone 13 Pro,,,,,,,True,,,,,,,,,,
1,Apple iPhone 13 Pro 128GB Unlocked Very Good Condition - All Colors,$379.99,2025-10-22,https://www.ebay.com/itm/276216331323,https://i.ebayimg.com/images/g/VoYAAOSw4zxmjZsa/s-l140.webp,128 GB,Very Good,False,iPhone 13 Pro,,,,,,,True,,,,,,,,,,
1,Apple iPhone 13 Pro 128GB Unlocked - Excellent,$379.95,2025-10-22,https://www.ebay.com/itm/403999454004,https://i.ebayimg.com/images/g/V7EAAOSwbhFjLLxB/s-l140.webp,128 GB,Excellent,False,iPhone 13 Pro,,,,,,,True,,,,,,,,,,
1,Apple iPhone 13 Pro Blue 128GB Very Good - Refurbished  - Unlocked,$378.99,2025-10-22,https://www.ebay.com/itm/127244140767,https://i.ebayimg.com/images/g/4LcAAeSwX~Vo-XUg/s-l140.webp,128 GB,Very Good,False,iPhone 13 Pro,,,,,,,True,,,,,,,,,,
1,Apple iPhone 13 Pro Graphite 128GB Good - Refurbished  - Unlocked,$358.99,2025-10-22,https://www.ebay.com/itm/127187183135,https://i.ebayimg.com/images/g/bEcAAeSwH0po-XC9/s-l140.webp,128 GB,Good,False,iPhone 13 Pro,,,,,,,True,,,,,,,,,,
1,Apple iPhone 13 Pro Graphite 256GB Very Good - Refurbished  - Unlocked,$407.99,2025-10-22,https://www.ebay.com/itm/127187290670,https://i.ebayimg.com/images/g/qC4AAeSwTKdo-Wxr/s-l140.webp,256 GB,Very Good,False,iPhone 13 Pro,,,,,,,True,,,,,,,,,,
1,Apple iPhone 13 Pro 128GB - Fully Unlocked  - EXCELLENT Condition,$396.99,2025-10-22,https://www.ebay.com/itm/325894402221,https://i.ebayimg.com/images/g/d0gAAOSwHZhlW73q/s-l140.webp,128 GB,Unknown,False,iPhone 13 Pro,,,,,,,True,,,,,,,,,,
1,Apple iPhone 13 Pro Graphite 256GB Good - Refurbished  - Unlocked,$387.99,2025-10-22,https://www.ebay.com/itm/127187290540,https://i.ebayimg.com/images/g/-2YAAeSwuzZo-Ubi/s-l140.webp,256 GB,Good,False,iPhone 13 Pro,,,,,,,True,,,,,,,,,,
1,Apple iPhone 13 Pro 128GB Unlocked Excellent Condition,$388.72,2025-10-22,https://www.ebay.com/itm/356348416328,https://i.ebayimg.com/images/g/DUEAAOSw1pdnU4Mq/s-l140.webp,128 GB,Excellent,False,iPhone 13 Pro,,,,,,,True,,,,,,,,,,
1,Apple iPhone 13 Pro Silver 256GB Very Good - Refurbished  - Unlocked,$407.99,2025-10-22,https://www.ebay.com/itm/127195098291,https://i.ebayimg.com/images/g/RXkAAeSwGS1o-SpI/s-l140.webp,256 GB,Very Good,False,iPhone 13 Pro,,,,,,,True,,,,,,,,,,
1,Apple iPhone 13 Pro Gold 256GB Very Good - Refurbished  - Unlocked,$407.99,2025-10-22,https://www.ebay.com/itm/127187182822,https://i.ebayimg.com/images/g/yGgAAeSwHI9o-SAR/s-l140.webp,256 GB,Very Good,False,iPhone 13 Pro,,,,,,,True,,,,,,,,,,
1,Apple iPhone 13 Pro Blue 128GB Good - Refurbished  - Unlocked,$358.99,2025-10-22,https://www.ebay.com/itm/127185997468,https://i.ebayimg.com/images/g/FwEAAeSwzkBo-TRF/s-l140.webp,128 GB,Good,False,iPhone 13 Pro,,,,,,,True,,,,,,,,,,
1,Apple iPhone 13 Pro 256GB Unlocked Good Condition - All Colors,$379.99,2025-10-22,https://www.ebay.com/itm/296095927266,https://i.ebayimg.com/images/g/tW0AAOSwULVmjZsA/s-l140.webp,256 GB,Good,False,iPhone 13 Pro,,,,,,,True,,,,,,,,,,
1,"Apple iPhone 13 Pro 6.1"" 128GB 256GB 512GB 1TB Unlocked All Colors - Excellent",$409.99,2025-10-22,https://www.ebay.com/itm/146868691222,https://i.ebayimg.com/images/g/h-wAAeSwWB5o3qYy/s-l140.webp,128 GB,Excellent,False,iPhone 13 Pro,,,,,,,True,,,,,,,,,,
1,Apple iPhone 13 Pro - 128GB 256GB 512GB 1TB - All Colors - Very Good Condition,$353.00,2025-10-22,https://www.ebay.com/itm/275298483282,https://i.ebayimg.com/images/g/uSsAAOSwxyZiaxQP/s-l140.webp,128 GB,Very Good,False,iPhone 13 Pro,,,,,,,True,,,,,,,,,,
1,Apple iPhone 13 Pro A2483 Unlocked 256GB Graphite (Excellent),$396.99,2025-10-22,https://www.ebay.com/itm/286887642433,https://i.ebayimg.com/images/g/G7MAAeSwuHZo9cbg/s-l140.webp,256 GB,Excellent,False,iPhone 13 Pro,,,,,,,True,,,,,,,,,,
1,Apple iPhone 13 Pro Gold 128GB Very Good - Refurbished  - Unlocked,$378.99,2025-10-21,https://www.ebay.com/itm/127198133192,https://i.ebayimg.com/images/g/~xEAAeSwXuxo-CYf/s-l140.webp,128 GB,Very Good,False,iPhone 13 Pro,,,,,,,True,,,,,,,,,,
1,Apple iPhone 13 Pro 128GB Unlocked AT&T T-Mobile Verizon Excellent Condition,$387.95,2025-10-21,https://www.ebay.com/itm/295182153971,https://i.ebayimg.com/images/g/V9IAAOSwjfhlDb6V/s-l140.webp,128 GB,Excellent,False,iPhone 13 Pro,,,,,,,True,,,,,,,,,,
1,Apple iPhone 13 Pro 128GB Unlocked AT&T T-Mobile Verizon Very Good Condition,$363.95,2025-10-21,https://www.ebay.com/itm/295217227352,https://i.ebayimg.com/images/g/33UAAOSwfAFlDb7l/s-l140.webp,128 GB,Very Good,False,iPhone 13 Pro,,,,,,,True,,,,,,,,,,
1,Apple iPhone 13 Pro 512GB Unlocked AT&T T-Mobile Verizon Excellent Condition,$447.95,2025-10-21,https://www.ebay.com/itm/295254414961,https://i.ebayimg.com/images/g/tyYAAOSwF1NlDb86/s-l140.webp,512 GB,Excellent,False,iPhone 13 Pro,,,,,,,True,,,,,,,,,,
1,Apple iPhone 13 Pro 256GB Unlocked - Excellent,$419.95,2025-10-21,https://www.ebay.com/itm/386146593917,https://i.ebayimg.com/images/g/V7EAAOSwbhFjLLxB/s-l140.webp,256 GB,Excellent,False,iPhone 13 Pro,,,,,,,True,,,,,,,,,,
1,Apple iPhone 13 Pro - 128GB 256GB 512GB 1TB - All Colors - Good Condition,$349.00,2025-10-21,https://www.ebay.com/itm/284798182751,https://i.ebayimg.com/images/g/uSsAAOSwxyZiaxQP/s-l140.webp,128 GB,Good,False,iPhone 13 Pro,,,,,,,True,,,,,,,,,,
1,Apple iPhone 13 Pro - 128GB 256GB 512GB 1TB - All Colors - Excellent Condition,$409.00,2025-10-21,https://www.ebay.com/itm/284790586778,https://i.ebayimg.com/images/g/uSsAAOSwxyZiaxQP/s-l140.webp,128 GB,Excellent,False,iPhone 13 Pro,,,,,,,True,,,,,,,,,,
1,Apple iPhone 13 Pro 1TB Unlocked AT&T T-Mobile Verizon Very Good Condition,$423.95,2025-10-21,https://www.ebay.com/itm/305350882176,https://i.ebayimg.com/images/g/bc8AAOSwgAhloFo2/s-l140.webp,Unknown,Very Good,False,iPhone 13 Pro,,,,,,,True,,,,,,,,,,
1,Apple iPhone 13 Pro 128GB - Fully Unlocked - VERY GOOD Condition!!! UNLOCKED!!,$372.99,2025-10-21,https://www.ebay.com/itm/225880167639,https://i.ebayimg.com/images/g/d0gAAOSwHZhlW73q/s-l140.webp,128 GB,Unknown,False,iPhone 13 Pro,,,,,,,True,,,,,,,,,,
1,Apple iPhone 13 Pro Blue 256GB Very Good - Refurbished  - Unlocked,$407.99,2025-10-21,https://www.ebay.com/itm/127185353950,https://i.ebayimg.com/images/g/-p8AAeSwAZJo-CV2/s-l140.webp,256 GB,Very Good,False,iPhone 13 Pro,,,,,,,True,,,,,,,,,,
1,Apple iPhone 13 Pro Gold 128GB Good - Refurbished  - Unlocked,$358.99,2025-10-21,https://www.ebay.com/itm/127198133013,https://i.ebayimg.com/images/g/So0AAeSwD8Jo-TQf/s-l140.webp,128 GB,Good,False,iPhone 13 Pro,,,,,,,True,,,,,,,,,,
1,Apple iPhone 13 Pro Silver 256GB Good - Refurbished  - Unlocked,$387.99,2025-10-20,https://www.ebay.com/itm/127195098299,https://i.ebayimg.com/images/g/26cAAeSw4edo9u1f/s-l140.webp,256 GB,Good,False,iPhone 13 Pro,,,,,,,True,,,,,,,,,,
1,Apple iPhone 13 Pro Silver 128GB Good - Refurbished  - Unlocked,$349.99,2025-09-21,https://www.ebay.com/itm/127195090944,https://i.ebayimg.com/images/g/IOsAAeSwJKxo0EP0/s-l140.webp,128 GB,Good,False,iPhone 13 Pro,,,,,,,True,,,,,,,,,,
1,Apple iPhone 13 Pro 256GB Factory Unlocked AT&T T-Mobile Verizon Good Condition,$362.95,2025-10-20,https://www.ebay.com/itm/295148476768,https://i.ebayimg.com/images/g/kH4AAOSwAExlDb5B/s-l140.webp,256 GB,Good,False,iPhone 13 Pro,,,,,,,True,,,,,,,,,,
1,Apple iPhone 13 Pro Blue 256GB Good - Refurbished  - Unlocked,$387.99,2025-10-20,https://www.ebay.com/itm/127185997641,https://i.ebayimg.com/images/g/Sk8AAeSwxEpo9~jV/s-l140.webp,256 GB,Good,False,iPhone 13 Pro,,,,,,,True,,,,,,,,,,
1,Apple iPhone 13 Pro Green 256GB Good - Refurbished  - Unlocked,$387.99,2025-10-20,https://www.ebay.com/itm/127187183122,https://i.ebayimg.com/images/g/6gIAAeSwE-lo9ruP/s-l140.webp,256 GB,Good,False,iPhone 13 Pro,,,,,,,True,,,,,,,,,,
1,Apple iPhone 13 Pro 1TB Unlocked AT&T T-Mobile Verizon Excellent Condition,$451.95,2025-10-20,https://www.ebay.com/itm/305350901675,https://i.ebayimg.com/images/g/Jb4AAOSwS8xloF8g/s-l140.webp,Unknown,Excellent,False,iPhone 13 Pro,,,,,,,True,,,,,,,,,,
1,Apple iPhone 13 Pro 128GB 256GB 512GB 1TB (Unlocked) Blue Gold Green Gray Silver,$394.97,2025-10-20,https://www.ebay.com/itm/325887020652,https://i.ebayimg.com/images/g/d3EAAOSwClJkeNWf/s-l140.webp,128 GB,Unknown,False,iPhone 13 Pro,,,,,,,True,,,,,,,,,,
1,Apple iPhone 13 Pro - 256 GB - Graphite Black - Unlocked - Excellent Condition,$459.00,2025-10-20,https://www.ebay.com/itm/335906178546,https://i.ebayimg.com/images/g/GboAAOSw-z5ntXsM/s-l140.webp,256 GB,Excellent,False,iPhone 13 Pro,,,,,,,True,,,,,,,,,,
1,Apple iPhone 13 Pro Graphite 256GB Excellent - Refurbished  - Unlocked,$427.99,2025-10-18,https://www.ebay.com/itm/127420685674,https://i.ebayimg.com/images/g/zI8AAeSwZCxo9tvr/s-l140.webp,256 GB,Excellent,False,iPhone 13 Pro,,,,,,,True,,,,,,,,,,
1,Apple iPhone 13 Pro Gold 256GB Good - Refurbished  - Unlocked,$387.99,2025-10-18,https://www.ebay.com/itm/127187290825,https://i.ebayimg.com/images/g/3lkAAeSwxSJo-JXv/s-l140.webp,256 GB,Good,False,iPhone 13 Pro,,,,,,,True,,,,,,,,,,
1,Apple iPhone 13 Pro Blue 128GB Excellent - Refurbished  - Unlocked,$398.99,2025-10-18,https://www.ebay.com/itm/127354101350,https://i.ebayimg.com/images/g/TlQAAeSwShxo9tvS/s-l140.webp,128 GB,Excellent,False,iPhone 13 Pro,,,,,,,True,,,,,,,,,,
1,Apple iPhone 13 Pro 256GB Unlocked AT&T T-Mobile Verizon Very Good Condition,$391.95,2025-10-18,https://www.ebay.com/itm/304600815041,https://i.ebayimg.com/images/g/V~AAAOSwu7BlDb6H/s-l140.webp,256 GB,Very Good,False,iPhone 13 Pro,,,,,,,True,,,,,,,,,,
1,Apple iPhone 13 Pro - 128 GB - Silver - Fully Unlocked - Excellent Condition,$388.55,2025-10-18,https://www.ebay.com/itm/336182694574,https://i.ebayimg.com/images/g/dcMAAeSwLb5oyllj/s-l140.webp,128 GB,Excellent,False,iPhone 13 Pro,,,,,,,True,,,,,,,,,,
1,Apple iPhone 13 Pro 128GB Unlocked AT&T T-Mobile Verizon Good Condition,$353.95,2025-10-17,https://www.ebay.com/itm/304642527953,https://i.ebayimg.com/images/g/8hMAAOSwCFhlDb8Q/s-l140.webp,128 GB,Good,False,iPhone 13 Pro,,,,,,,True,,,,,,,,,,
1,Apple iPhone 13 Pro Graphite 128GB Very Good - Refurbished  - Unlocked,$378.99,2025-10-17,https://www.ebay.com/itm/127187182985,https://i.ebayimg.com/images/g/d8gAAeSwVNZo9S2s/s-l140.webp,128 GB,Very Good,False,iPhone 13 Pro,,,,,,,True,,,,,,,,,,
1,Apple iPhone 13 Pro 512GB Unlocked AT&T T-Mobile Verizon Very Good Condition,$404.95,2025-10-16,https://www.ebay.com/itm/295267695054,https://i.ebayimg.com/images/g/-PQAAOSw65tlDb9h/s-l140.webp,512 GB,Very Good,False,iPhone 13 Pro,,,,,,,True,,,,,,,,,,
1,Apple iPhone 13 Pro Gold 128GB Excellent - Refurbished  - Unlocked,$388.99,2025-10-16,https://www.ebay.com/itm/127321056744,https://i.ebayimg.com/images/g/j~4AAeSwpHZo8Y-S/s-l140.webp,128 GB,Excellent,False,iPhone 13 Pro,,,,,,,True,,,,,,,,,,
1,Apple iPhone 13 Pro - 128 GB - Silver - Fully Unlocked - Very Good Condition,$369.55,2025-10-16,https://www.ebay.com/itm/335906222931,https://i.ebayimg.com/images/g/PUMAAOSwdgtntEgw/s-l140.webp,128 GB,Very Good,False,iPhone 13 Pro,,,,,,,True,,,,,,,,,,
1,Apple iPhone 13 Pro - 128 GB - Sierra Blue (Unlocked) - Very Good Condition,$369.55,2025-10-16,https://www.ebay.com/itm/336069149342,https://i.ebayimg.com/images/g/TccAAeSw8n1od1yg/s-l140.webp,128 GB,Very Good,False,iPhone 13 Pro,,,,,,,True,,,,,,,,,,
1,Apple iPhone 13 Pro - 128 GB - Alpine Green - Unlocked - Very Good Condition,$389.00,2025-10-16,https://www.ebay.com/itm/335906239417,https://i.ebayimg.com/images/g/RzkAAOSwRqRntEgF/s-l140.webp,128 GB,Very Good,False,iPhone 13 Pro,,,,,,,True,,,,,,,,,,
1,Apple iPhone 13 Pro - 256 GB - Silver (Unlocked) - Very Good Condition,$439.00,2025-10-16,https://www.ebay.com/itm/335906193937,https://i.ebayimg.com/images/g/legAAOSwD19nc4tr/s-l140.webp,256 GB,Very Good,False,iPhone 13 Pro,,,,,,,True,,,,,,,,,,
1,Apple iPhone 13 Pro - 256 GB - Gold - Fully Unlocked - Very Good Condition,$439.00,2025-10-16,https://www.ebay.com/itm/336017848968,https://i.ebayimg.com/images/g/vy8AAOSwBgFoT-wf/s-l140.webp,256 GB,Very Good,False,iPhone 13 Pro,,,,,,,True,,,,,,,,,,
1,"Apple iPhone 13 Pro 128GB Unlocked 6.1"" - (Graphite) A2483 w/1 Year Warranty",$345.51,2025-10-16,https://www.ebay.com/itm/146864669241,https://i.ebayimg.com/images/g/0UQAAeSwvPRo3BMC/s-l140.webp,128 GB,Unknown,False,iPhone 13 Pro,,,,,,,True,,,,,,,,,,
1,Apple iPhone 13 Pro 256GB Unlocked - Very Good,$405.95,2025-10-16,https://www.ebay.com/itm/364011282445,https://i.ebayimg.com/images/g/V7EAAOSwbhFjLLxB/s-l140.webp,256 GB,Very Good,False,iPhone 13 Pro,,,,,,,True,,,,,,,,,,
1,Apple iPhone 13 Pro A2483 256GB Unlocked Good Condition,$429.39,2025-10-16,https://www.ebay.com/itm/356176854959,https://i.ebayimg.com/images/g/GNYAAOSwQwpnFrt4/s-l140.webp,256 GB,Good,False,iPhone 13 Pro,,,,,,,True,,,,,,,,,,
1,Apple iPhone 13 Pro 256GB Unlocked Very Good Condition - All Colors,$414.99,2025-10-14,https://www.ebay.com/itm/296095916002,https://i.ebayimg.com/images/g/DsEAAOSw6QNmjZuJ/s-l140.webp,256 GB,Very Good,False,iPhone 13 Pro,,,,,,,True,,,,,,,,,,
1,Apple iPhone 13 Pro 128GB Unlocked - Very Good,$354.99,2025-10-14,https://www.ebay.com/itm/256465170918,https://i.ebayimg.com/images/g/7isAAeSwtmNoL7p~/s-l140.webp,128 GB,Very Good,False,iPhone 13 Pro,,,,,,,True,,,,,,,,,,
1,Apple iPhone 13 Pro 256GB Unlocked AT&T T-Mobile Verizon Excellent Condition,$410.95,2025-10-13,https://www.ebay.com/itm/304642528059,https://i.ebayimg.com/images/g/QMYAAOSw2h1lDb8f/s-l140.webp,256 GB,Excellent,False,iPhone 13 Pro,,,,,,,True,,,,,,,,,,
1,Apple iPhone 13 Pro 128GB Unlocked Good Condition - All Colors,$369.99,2025-10-13,https://www.ebay.com/itm/296095927215,https://i.ebayimg.com/images/g/3yoAAOSwmGRmjZqp/s-l140.webp,128 GB,Good,False,iPhone 13 Pro,,,,,,,True,,,,,,,,,,
1,Apple iPhone 13 Pro 256GB Unlocked Good Condition,$403.81,2025-10-13,https://www.ebay.com/itm/356358047134,https://i.ebayimg.com/images/g/n9IAAOSwZCtnVzkV/s-l140.webp,256 GB,Good,False,iPhone 13 Pro,,,,,,,True,,,,,,,,,,
1,Apple iPhone 13 Pro Silver 128GB Very Good - Refurbished  - Unlocked,$368.99,2025-10-13,https://www.ebay.com/itm/127195090973,https://i.ebayimg.com/images/g/Xx0AAeSwV8Jo7H6f/s-l140.webp,128 GB,Very Good,False,iPhone 13 Pro,,,,,,,True,,,,,,,,,,
1,Apple iPhone 13 Pro Blue 256GB Excellent - Refurbished  - Unlocked,$427.99,2025-10-13,https://www.ebay.com/itm/127313007048,https://i.ebayimg.com/images/g/m~IAAeSwz~Vo9S1z/s-l140.webp,256 GB,Excellent,False,iPhone 13 Pro,,,,,,,True,,,,,,,,,,
1,Apple iPhone 13 Pro A2483 128GB Unlocked Good Condition,$392.31,2025-10-12,https://www.ebay.com/itm/387907203880,https://i.ebayimg.com/images/g/Y2gAAeSwyoxnp2ee/s-l140.webp,128 GB,Good,False,iPhone 13 Pro,,,,,,,True,,,,,,,,,,
1,Apple iPhone 13 Pro Green 128GB Very Good - Refurbished  - Unlocked,$378.99,2025-10-12,https://www.ebay.com/itm/127257209160,https://i.ebayimg.com/images/g/1IwAAeSw6M9o9S1X/s-l140.webp,128 GB,Very Good,False,iPhone 13 Pro,,,,,,,True,,,,,,,,,,
1,Apple iPhone 13 Pro - 128 GB - Sierra Blue (Unlocked) Good Condition,$329.99,2025-10-12,https://www.ebay.com/itm/286762084013,https://i.ebayimg.com/images/g/PJUAAeSwEcdom1-6/s-l140.webp,128 GB,Good,False,iPhone 13 Pro,,,,,,,True,,,,,,,,,,
1,Apple iPhone 13 Pro Green 128GB Excellent - Refurbished  - Unlocked,$398.99,2025-10-11,https://www.ebay.com/itm/127424664655,https://i.ebayimg.com/images/g/yukAAeSwCx1o9S0O/s-l140.webp,128 GB,Excellent,False,iPhone 13 Pro,,,,,,,True,,,,,,,,,,
1,Apple iPhone 13 Pro Graphite 128GB Excellent - Refurbished  - Unlocked,$398.99,2025-10-11,https://www.ebay.com/itm/127187183529,https://i.ebayimg.com/images/g/EukAAeSwfFdo9Szg/s-l140.webp,128 GB,Excellent,False,iPhone 13 Pro,,,,,,,True,,,,,,,,,,
1,Apple iPhone 13 Pro 128GB Unlocked - Excellent,$373.99,2025-10-11,https://www.ebay.com/itm/256446109451,https://i.ebayimg.com/images/g/2qQAAeSwbetoL7q5/s-l140.webp,128 GB,Excellent,False,iPhone 13 Pro,,,,,,,True,,,,,,,,,,
1,Apple iPhone 13 Pro 512GB Factory Unlocked AT&T T-Mobile Verizon Good Condition,$386.95,2025-10-11,https://www.ebay.com/itm/295270381676,https://i.ebayimg.com/images/g/48kAAOSw7AdlDb9x/s-l140.webp,512 GB,Good,False,iPhone 13 Pro,,,,,,,True,,,,,,,,,,
1,Apple iPhone 13 Pro Gold 256GB Excellent - Refurbished  - Unlocked,$427.99,2025-10-10,https://www.ebay.com/itm/127187183501,https://i.ebayimg.com/images/g/IT4AAeSwcVho-BY-/s-l140.webp,256 GB,Excellent,False,iPhone 13 Pro,,,,,,,True,,,,,,,,,,
1,Apple iPhone 13 Pro 128GB Unlocked - Good,$326.99,2025-10-10,https://www.ebay.com/itm/256465170958,https://i.ebayimg.com/images/g/qr4AAeSwY8hoOeMH/s-l140.webp,128 GB,Good,False,iPhone 13 Pro,,,,,,,True,,,,,,,,,,
1,Apple iPhone 13 Pro 5G Unlocked (A2483) - Very Good Condition,$399.99,2025-10-10,https://www.ebay.com/itm/155703227038,https://i.ebayimg.com/images/g/u4YAAOSw0nxmu9Lp/s-l140.webp,Unknown,Very Good,False,iPhone 13 Pro,,,,,,,True,,,,,,,,,,
1,Apple iPhone 13 Pro Super Retina XDR display with ProMotion  6.1‑inch OLED,$409.95,2025-10-10,https://www.ebay.com/itm/296875077364,https://i.ebayimg.com/images/g/4CAAAOSw7s1nfWbB/s-l140.webp,Unknown,Unknown,False,iPhone 13 Pro,,,,,,,True,,,,,,,,,,
1,Apple iPhone 13 Pro Factory Unlocked (Any Carrier) SmartPhone Very Good,$459.99,2025-10-09,https://www.ebay.com/itm/326428798360,https://i.ebayimg.com/images/g/zxgAAOSwZ61itNSd/s-l140.webp,Unknown,Very Good,False,iPhone 13 Pro,,,,,,,True,,,,,,,,,,
1,"Apple iPhone 13 Pro 128GB Unlocked 6.1"" - (Gold) A2483 w/1 Year Warranty",$362.39,2025-10-09,https://www.ebay.com/itm/376587350697,https://i.ebayimg.com/images/g/yEEAAeSwvZdo3BVc/s-l140.webp,128 GB,Unknown,False,iPhone 13 Pro,,,,,,,True,,,,,,,,,,
2,Apple iPhone 13 Pro Green 256GB Very Good - Refurbished  - Unlocked,$407.99,2025-10-09,https://www.ebay.com/itm/127187183274,https://i.ebayimg.com/images/g/o4YAAeSwxmho9Szu/s-l500.webp,256 GB,Very Good,False,iPhone 13 Pro,,,,,,,True,,,,,,,,,,
2,Apple iPhone 13 Pro 128GB Silver (Unlocked) - Good,$417.99,2025-03-28,https://www.ebay.com/itm/167242932268,https://i.ebayimg.com/images/g/QXUAAOSw4TJnf98w/s-l500.webp,128 GB,Good,False,iPhone 13 Pro,,,,,,,True,,,,,,,,,,
2,Apple iPhone 13 Pro 128GB Gold Fully Unlocked - Very Good Condition,$399.00,2025-10-07,https://www.ebay.com/itm/335780908175,https://i.ebayimg.com/images/g/z4cAAOSwLZtntEiQ/s-l500.webp,128 GB,Very Good,False,iPhone 13 Pro,,,,,,,True,,,,,,,,,,
2,"Apple iPhone 13 Pro 1TB Unlocked 6.1"" OLED 6GB 12MP WiFi 6 NFC 5G Sierra Blue",$489.99,2025-03-14,https://www.ebay.com/itm/326433256285,https://i.ebayimg.com/images/g/NZsAAOSwOnFl62ZE/s-l500.webp,Unknown,Unknown,False,iPhone 13 Pro,,,,,,,True,,,,,,,,,,
2,Apple iPhone 13 Pro 5G 128GB 256GB 512GB 1TB Factory Unlocked Grade A+,$445.99,2025-10-07,https://www.ebay.com/itm/275460430713,https://i.ebayimg.com/images/g/M68AAOSwME5hm7uR/s-l500.webp,128 GB,Unknown,False,iPhone 13 Pro,,,,,,,True,,,,,,,,,,
2,Apple iPhone 13 Pro A2483 128GB Network Unlocked Good Condition,$423.89,2025-10-07,https://www.ebay.com/itm/354954083469,https://i.ebayimg.com/images/g/YVsAAOSw69hkyZy9/s-l500.webp,128 GB,Good,False,iPhone 13 Pro,,,,,,,True,,,,,,,,,,
2,Apple iPhone 13 Pro - 128 GB - Gold (Unlocked) Excellent,$413.99,2025-03-22,https://www.ebay.com/itm/226633516628,https://i.ebayimg.com/images/g/K2kAAOSwK8BnyerV/s-l500.webp,128 GB,Excellent,False,iPhone 13 Pro,,,,,,,True,,,,,,,,,,
2,Apple iPhone 13 Pro - 128 GB - Graphite Black (Unlocked) - Excellent Condition,$409.00,2025-10-06,https://www.ebay.com/itm/335772644400,https://i.ebayimg.com/images/g/Oy4AAOSwSn9nuDxv/s-l500.webp,128 GB,Excellent,False,iPhone 13 Pro,,,,,,,True,,,,,,,,,,
2,Apple iPhone 13 Pro - 256 GB - Graphite (Unlocked) Good Condition,$379.99,2025-10-04,https://www.ebay.com/itm/286853725180,https://i.ebayimg.com/images/g/NvAAAeSwO~No3qYi/s-l500.webp,256 GB,Good,False,iPhone 13 Pro,,,,,,,True,,,,,,,,,,
2,Apple iPhone 13 Pro  - Unlocked - Very Good Condition (1 Year Warranty),$359.53,2024-12-04,https://www.ebay.com/itm/156561325680,https://i.ebayimg.com/images/g/GSQAAOSw9dhlEaBV/s-l500.webp,Unknown,Very Good,False,iPhone 13 Pro,,,,,,,True,,,,,,,,,,
2,Apple iPhone 13 Pro - 256 GB - Sierra Blue (Unlocked) Good Condition,$379.99,2025-10-03,https://www.ebay.com/itm/286853720538,https://i.ebayimg.com/images/g/UgYAAeSwfdlo3qU4/s-l500.webp,256 GB,Good,False,iPhone 13 Pro,,,,,,,True,,,,,,,,,,
2,iPhone 13 Pro Sierra Blue 128Gb Unlocked No Face ID,$299.00,2025-04-04,https://www.ebay.com/itm/405722979556,https://i.ebayimg.com/images/g/X6gAAOSwLaln7xg8/s-l500.webp,128 GB,Unknown,False,iPhone 13 Pro,,,,,,,True,,,,,,,,,,
2,Apple iPhone 13 PRO A2636 Factory Unlocked 256GB Gray Excellent Refurbished,$469.99,2025-10-03,https://www.ebay.com/itm/267416798368,https://i.ebayimg.com/images/g/~6wAAOSweGNk28ai/s-l500.webp,256 GB,Excellent,False,iPhone 13 Pro,,,,,,,True,,,,,,,,,,
2,Apple iPhone 13 Pro 1TB Factory Unlocked AT&T T-Mobile Verizon Good Condition,$409.95,2025-10-03,https://www.ebay.com/itm/296175030589,https://i.ebayimg.com/images/g/9vIAAOSwswxmZdeB/s-l500.webp,Unknown,Good,False,iPhone 13 Pro,,,,,,,True,,,,,,,,,,
2,Apple iPhone 13 Pro - 128GB - Graphite Black (Unlocked) - 85%+ Battery Very Good,$369.55,2025-10-03,https://www.ebay.com/itm/336041191266,https://i.ebayimg.com/images/g/DYkAAeSwc41oYhOt/s-l500.webp,128 GB,Very Good,False,iPhone 13 Pro,,,,,,,True,,,,,,,,,,
2,Apple iPhone 13 Pro 128GB 256GB 512GB Unlocked Smartphone - Good,$369.99,2025-10-02,https://www.ebay.com/itm/156795751473,https://i.ebayimg.com/images/g/dVAAAOSwvHJnwhsR/s-l500.webp,128 GB,Good,False,iPhone 13 Pro,,,,,,,True,,,,,,,,,,
2,"Apple iPhone 13 Pro 128 GB Graphite, Blue -Good Condition",$377.14,2025-02-28,https://www.ebay.com/itm/356333784015,https://i.ebayimg.com/images/g/jtoAAOSwLqxnTh-o/s-l500.webp,128 GB,Good,False,iPhone 13 Pro,,,,,,,True,,,,,,,,,,
2,A2483 iPhone 13 Pro 128GB Silver,$425.00,2025-04-04,https://www.ebay.com/itm/146488939882,https://i.ebayimg.com/images/g/ujwAAeSwMzdn7Apb/s-l500.webp,128 GB,Unknown,False,iPhone 13 Pro,,,,,,,True,,,,,,,,,,
2,Apple iPhone 13 Pro 512GB Fully Unlocked - Excellent,$468.99,2025-09-30,https://www.ebay.com/itm/326766131918,https://i.ebayimg.com/images/g/UWkAAOSwS39oERUk/s-l500.webp,512 GB,Excellent,False,iPhone 13 Pro,,,,,,,True,,,,,,,,,,
2,Apple iPhone 13 Pro 256GB Unlocked Excellent Condition,$405.31,2025-09-30,https://www.ebay.com/itm/356348398410,https://i.ebayimg.com/images/g/fNUAAOSwY3VnU4A1/s-l500.webp,256 GB,Excellent,False,iPhone 13 Pro,,,,,,,True,,,,,,,,,,
2,Apple iPhone 13 Pro - 1TB - Sierra Blue (Unlocked) - Good Condition,$459.99,2025-09-29,https://www.ebay.com/itm/306501889786,https://i.ebayimg.com/images/g/ExcAAeSwu81owtwh/s-l500.webp,Unknown,Good,False,iPhone 13 Pro,,,,,,,True,,,,,,,,,,
2,Apple iPhone 13 PRO 128GB 256GB 512GB 1TB (FACTORY UNLOCKED) COLORS ✤EXCELLENT✤,$499.95,2025-09-27,https://www.ebay.com/itm/226449707187,https://i.ebayimg.com/images/g/rUsAAOSwV7hjXHrw/s-l500.webp,128 GB,Unknown,False,iPhone 13 Pro,,,,,,,True,,,,,,,,,,
2,Apple iPhone 13 Pro 5G 256GB GSM/CDMA Fully Unlocked - Silver - Good,$393.89,2025-09-26,https://www.ebay.com/itm/256346746699,https://i.ebayimg.com/images/g/w8gAAOSw9J9lgJR5/s-l500.webp,256 GB,Good,False,iPhone 13 Pro,,,,,,,True,,,,,,,,,,
2,Apple iPhone 13 Pro 128GB Sierra Blue Unlocked Excellent Condition 90%+ Battery,$519.99,2025-03-05,https://www.ebay.com/itm/276750640980,https://i.ebayimg.com/images/g/XtcAAOSwL7BnLjqL/s-l500.webp,128 GB,Excellent,False,iPhone 13 Pro,,,,,,,True,,,,,,,,,,
2,Apple iPhone 13 Pro 256GB Unlocked Excellent Condition - All Colors,$479.99,2025-09-24,https://www.ebay.com/itm/285596688485,https://i.ebayimg.com/images/g/2v4AAOSw5zJmjZsB/s-l500.webp,256 GB,Excellent,False,iPhone 13 Pro,,,,,,,True,,,,,,,,,,
2,Apple iPhone 13 Pro A2483 512GB Unlocked Good Condition,$770.51,2025-09-24,https://www.ebay.com/itm/388591128718,https://i.ebayimg.com/images/g/~xwAAeSwECxoUDyc/s-l500.webp,512 GB,Good,False,iPhone 13 Pro,,,,,,,True,,,,,,,,,,
2,Apple iPhone 13 Pro - 256 GB - Graphite Black (Unlocked) - Very Good Condition,$439.00,2025-09-23,https://www.ebay.com/itm/335906186718,https://i.ebayimg.com/images/g/1iQAAOSw~zlnuDzK/s-l500.webp,256 GB,Very Good,False,iPhone 13 Pro,,,,,,,True,,,,,,,,,,
2,Apple iPhone 13 Pro - 256 GB - Sierra Blue (Unlocked) - Very Good Condition,$439.00,2025-09-23,https://www.ebay.com/itm/336071565444,https://i.ebayimg.com/images/g/eUoAAeSw4E5oeMdY/s-l500.webp,256 GB,Very Good,False,iPhone 13 Pro,,,,,,,True,,,,,,,,,,
2,"Apple iPhone 13 Pro Fully Unlocked  - 6.1"" - 256GB -Very Good",$435.00,2025-09-23,https://www.ebay.com/itm/166009109970,https://i.ebayimg.com/images/g/GWUAAeSwbVlopjvp/s-l500.webp,256 GB,Very Good,False,iPhone 13 Pro,,,,,,,True,,,,,,,,,,
2,Apple iPhone 13 Pro Graphite 512GB Good - Refurbished  - Unlocked,$433.99,2025-08-11,https://www.ebay.com/itm/127198132927,https://i.ebayimg.com/images/g/TDsAAeSwVOhomkf2/s-l500.webp,512 GB,Good,False,iPhone 13 Pro,,,,,,,True,,,,,,,,,,
2,Apple iPhone 13 Pro A2483 128GB/ 256GB / Network Unlocked / Very GOOD Condition,$379.00,2025-09-21,https://www.ebay.com/itm/157154669166,https://i.ebayimg.com/images/g/FkwAAOSwTRpnz4bQ/s-l500.webp,128 GB,Very Good,False,iPhone 13 Pro,,,,,,,True,,,,,,,,,,
2,Apple iPhone 13 Pro Silver 256GB Excellent - Refurbished  - Unlocked,$427.99,2025-09-17,https://www.ebay.com/itm/127334944381,https://i.ebayimg.com/images/g/irQAAeSwwwJoy1K5/s-l500.webp,256 GB,Excellent,False,iPhone 13 Pro,,,,,,,True,,,,,,,,,,
2,Apple iPhone 13 Pro - 256GB - Sierra Blue (Unlocked) - Excellent Condition,$459.00,2025-09-16,https://www.ebay.com/itm/335906182497,https://i.ebayimg.com/images/g/OSsAAOSwxt1nuDzj/s-l500.webp,256 GB,Excellent,False,iPhone 13 Pro,,,,,,,True,,,,,,,,,,
2,Apple iPhone 13 Pro 256 GB Sierra Blue Factory Unlocked Smartphone Good,$429.99,2025-09-15,https://www.ebay.com/itm/197675139606,https://i.ebayimg.com/images/g/9fgAAeSwKj5ou2l5/s-l500.webp,256 GB,Good,False,iPhone 13 Pro,,,,,,,True,,,,,,,,,,
2,"Apple iPhone 13 Pro 128GB 6.1"", Sierra Blue",$354.99,2025-09-13,https://www.ebay.com/itm/365860013232,https://i.ebayimg.com/images/g/ah8AAeSwUeFoxJw7/s-l500.webp,128 GB,Unknown,False,iPhone 13 Pro,,,,,,,True,,,,,,,,,,
2,Apple iPhone 13 Pro - 128 GB - Sierra Blue (Unlocked) - 100% Battery Very Good,$419.00,2025-09-13,https://www.ebay.com/itm/335906267121,https://i.ebayimg.com/images/g/6vIAAOSwwhRnuDyn/s-l500.webp,128 GB,Very Good,False,iPhone 13 Pro,,,,,,,True,,,,,,,,,,
2,Apple iPhone 13 Pro 256GB Unlocked - Good,$379.99,2025-09-09,https://www.ebay.com/itm/256548105468,https://i.ebayimg.com/images/g/0NwAAeSwQDNoL32V/s-l500.webp,256 GB,Good,False,iPhone 13 Pro,,,,,,,True,,,,,,,,,,
2,Apple iPhone 13 Pro 256GB Unlocked - Very Good,$399.99,2025-09-09,https://www.ebay.com/itm/256778894613,https://i.ebayimg.com/images/g/J~AAAeSwbw5oL5~M/s-l500.webp,256 GB,Very Good,False,iPhone 13 Pro,,,,,,,True,,,,,,,,,,
2,Apple IPhone 13 Pro 128GB Unlocked All Colors A2341 - VERY GOOD CONDITION!,$389.99,2025-09-07,https://www.ebay.com/itm/326450439929,https://i.ebayimg.com/images/g/efcAAOSwUnhmBFSL/s-l500.webp,128 GB,Unknown,False,iPhone 13 Pro,,,,,,,True,,,,,,,,,,
2,Apple iPhone 13 Pro 5G 128GB 256GB 512GB 1TB Factory Unlocked Grade B+,$385.99,2025-09-07,https://www.ebay.com/itm/277123764177,https://i.ebayimg.com/images/g/M68AAOSwME5hm7uR/s-l500.webp,128 GB,Unknown,False,iPhone 13 Pro,,,,,,,True,,,,,,,,,,
2,Apple iPhone 13 Pro 128GB Unlocked All Colors A2638- Excellent Condition!,$409.99,2025-09-06,https://www.ebay.com/itm/226605481083,https://i.ebayimg.com/images/g/efcAAOSwUnhmBFSL/s-l500.webp,128 GB,Excellent,False,iPhone 13 Pro,,,,,,,True,,,,,,,,,,
2,Apple iPhone 13 Pro Fully Unlocked - 256GB - Excellent,$449.00,2025-09-05,https://www.ebay.com/itm/166009176451,https://i.ebayimg.com/images/g/rTEAAOSwvt9nSeSl/s-l500.webp,256 GB,Excellent,False,iPhone 13 Pro,,,,,,,True,,,,,,,,,,
2,Apple iPhone 13 Pro A2483 256GB Unlocked Good Condition,$381.13,2025-09-05,https://www.ebay.com/itm/387907203870,https://i.ebayimg.com/images/g/PVwAAeSwAgtnp2d6/s-l500.webp,256 GB,Good,False,iPhone 13 Pro,,,,,,,True,,,,,,,,,,
2,"Apple iPhone 13 Pro - 6.1"" - 128GB Fully Unlocked - Excellent",$414.00,2025-09-02,https://www.ebay.com/itm/145486570963,https://i.ebayimg.com/images/g/Ma0AAOSwRLFnVw~O/s-l500.webp,128 GB,Excellent,False,iPhone 13 Pro,,,,,,,True,,,,,,,,,,
2,Apple iPhone 13 Pro - 128GB - Graphite (Unlocked) AT&T T-Mobile Verizon Sprint,$419.99,2025-09-02,https://www.ebay.com/itm/376509267545,https://i.ebayimg.com/images/g/e~cAAeSwcldokSgC/s-l500.webp,128 GB,Unknown,False,iPhone 13 Pro,,,,,,,True,,,,,,,,,,
2,Apple iPhone 13 Pro Models 5G 128GB 256GB GSM/CDMA Fully Unlocked  - Good,$388.84,2025-08-31,https://www.ebay.com/itm/395540663348,https://i.ebayimg.com/images/g/7LQAAOSwDFlmmYWz/s-l500.webp,128 GB,Good,False,iPhone 13 Pro,,,,,,,True,,,,,,,,,,
2,Apple iPhone 13 Pro - 5G - 256GB Factory Unlocked GSM + CDMA - EXCELLENT,$429.48,2025-08-28,https://www.ebay.com/itm/127050745631,https://i.ebayimg.com/images/g/aPYAAOSwMKFn~AuG/s-l500.webp,256 GB,Unknown,False,iPhone 13 Pro,,,,,,,True,,,,,,,,,,
2,Apple iPhone 13 Pro 1TB Fully Unlocked - Good,$479.99,2025-08-26,https://www.ebay.com/itm/226727340666,https://i.ebayimg.com/images/g/UWkAAOSwS39oERUk/s-l500.webp,Unknown,Good,False,iPhone 13 Pro,,,,,,,True,,,,,,,,,,
2,Apple iPhone 13 Pro 512GB Unlocked - Excellent,$464.95,2025-08-26,https://www.ebay.com/itm/405075973942,https://i.ebayimg.com/images/g/V7EAAOSwbhFjLLxB/s-l500.webp,512 GB,Excellent,False,iPhone 13 Pro,,,,,,,True,,,,,,,,,,
2,Apple iPhone 13 Pro 256GB Fully Unlocked Smartphone - Excellent,$489.00,2025-08-24,https://www.ebay.com/itm/226423922213,https://i.ebayimg.com/images/g/NOsAAOSwTRVnIaFj/s-l500.webp,256 GB,Excellent,False,iPhone 13 Pro,,,,,,,True,,,,,,,,,,
2,"Apple iPhone 13 Pro - Fully Unlocked - 128GB - 6.1"" - Excellent",$406.00,2025-08-23,https://www.ebay.com/itm/134800594751,https://i.ebayimg.com/images/g/wAkAAeSwul1obXlX/s-l500.webp,128 GB,Excellent,False,iPhone 13 Pro,,,,,,,True,,,,,,,,,,
2,Apple iPhone 13 Pro 256GB Unlocked & Carrier Locked Very Good,$420.65,2025-08-07,https://www.ebay.com/itm/187164290026,https://i.ebayimg.com/images/g/7PAAAeSwZVJocTFJ/s-l500.webp,256 GB,Very Good,False,iPhone 13 Pro,,,,,,,True,,,,,,,,,,
2,Apple iPhone 13 Pro 256 GB Unlocked Silver Non-US MLVF3B/A Very Good,$425.85,2025-08-14,https://www.ebay.com/itm/388660086231,https://i.ebayimg.com/images/g/k34AAeSwFXdocTFQ/s-l500.webp,256 GB,Very Good,False,iPhone 13 Pro,,,,,,,True,,,,,,,,,,
2,Apple iPhone 13 Pro 256GB Graphite MLTW3LL/A Unlocked Clean ESN Very Good (AVA),$299.95,2025-08-18,https://www.ebay.com/itm/197627253448,https://i.ebayimg.com/images/g/810AAeSwOw5oozEM/s-l500.webp,256 GB,Very Good,False,iPhone 13 Pro,,,,,,,True,,,,,,,,,,
2,Apple iPhone 13 Pro 6.1in 128GB Fully Unlocked - Good,$479.00,2025-08-18,https://www.ebay.com/itm/145182218517,https://i.ebayimg.com/images/g/U40AAeSwRAJopjvK/s-l500.webp,128 GB,Good,False,iPhone 13 Pro,,,,,,,True,,,,,,,,,,
2,Apple iPhone 13 Pro - 256 GB - Gold - Fully Unlocked - Excellent Condition,$459.00,2025-08-18,https://www.ebay.com/itm/336044879347,https://i.ebayimg.com/images/g/oioAAeSwk7xoZOQh/s-l500.webp,256 GB,Excellent,False,iPhone 13 Pro,,,,,,,True,,,,,,,,,,
2,Apple iPhone 13 Pro 512GB - Fully Unlocked - VERY GOOD,$391.99,2025-08-18,https://www.ebay.com/itm/226494095748,https://i.ebayimg.com/images/g/d0gAAOSwHZhlW73q/s-l500.webp,512 GB,Unknown,False,iPhone 13 Pro,,,,,,,True,,,,,,,,,,
2,Apple iPhone 13 Pro 512GB Unlocked Smartphone - Very Good - Alpine Green,$923.00,2025-08-17,https://www.ebay.com/itm/286760768326,https://i.ebayimg.com/images/g/hC4AAeSwmJlomk3R/s-l500.webp,512 GB,Very Good,False,iPhone 13 Pro,,,,,,,True,,,,,,,,,,
2,Apple iPhone 13 Pro - 256GB - Graphite (Unlocked) A2638 - Good Condition,$399.99,2025-08-14,https://www.ebay.com/itm/306449658021,https://i.ebayimg.com/images/g/ZSUAAOSwEyJnflmn/s-l500.webp,256 GB,Good,False,iPhone 13 Pro,,,,,,,True,,,,,,,,,,
2,Apple iPhone 13 Pro A2483 1TB Unlocked Excellent Condition,$516.95,2025-08-14,https://www.ebay.com/itm/388195548275,https://i.ebayimg.com/images/g/LWsAAeSwXkVn7xs3/s-l500.webp,Unknown,Excellent,False,iPhone 13 Pro,,,,,,,True,,,,,,,,,,
2,Apple iPhone 13 Pro - 128GB - Sierra Blue (Unlocked) A2638 - Good Condition,$365.99,2025-08-13,https://www.ebay.com/itm/306446673991,https://i.ebayimg.com/images/g/SYEAAeSwYodoky4A/s-l500.webp,128 GB,Good,False,iPhone 13 Pro,,,,,,,True,,,,,,,,,,
2,Apple iPhone 13 Pro 1TB Unlocked - Excellent,$562.99,2025-08-13,https://www.ebay.com/itm/326556609384,https://i.ebayimg.com/images/g/UWkAAOSwS39oERUk/s-l500.webp,Unknown,Excellent,False,iPhone 13 Pro,,,,,,,True,,,,,,,,,,
3,Apple iPhone 13 Pro - 256 GB - Alpine Green - Unlocked - Excellent Condition,$459.00,2025-08-11,https://www.ebay.com/itm/336114017999,https://i.ebayimg.com/images/g/NEsAAeSwM1Nolaoz/s-l500.webp,256 GB,Excellent,False,iPhone 13 Pro,,,,,,,True,,,,,,,,,,
3,Apple iPhone 13 Pro Graphite 256GB Unlocked - Good Condition w/ Light Burn In,$354.99,2025-08-09,https://www.ebay.com/itm/277262479406,https://i.ebayimg.com/images/g/vqQAAeSwhvRob81x/s-l500.webp,256 GB,Good,False,iPhone 13 Pro,,,,,,,True,,,,,,,,,,
3,Apple iPhone 13 Pro 1TB - Fully Unlocked - VERY GOOD Condition!!! UNLOCKED!!,$447.99,2025-08-09,https://www.ebay.com/itm/226820506078,https://i.ebayimg.com/images/g/d0gAAOSwHZhlW73q/s-l500.webp,Unknown,Unknown,False,iPhone 13 Pro,,,,,,,True,,,,,,,,,,
3,Apple iPhone 13 Pro 5G 128GB 256GB 512GB 1TB Factory Unlocked Very Good Grade,$419.99,2025-08-08,https://www.ebay.com/itm/275058092880,https://i.ebayimg.com/images/g/M68AAOSwME5hm7uR/s-l500.webp,128 GB,Very Good,False,iPhone 13 Pro,,,,,,,True,,,,,,,,,,
3,iPhone 13 Pro 256gb Sierra Blue - Unlocked,$349.99,2025-08-08,https://www.ebay.com/itm/406116869657,https://i.ebayimg.com/images/g/saUAAeSwzM5olOw1/s-l500.webp,256 GB,Unknown,False,iPhone 13 Pro,,,,,,,True,,,,,,,,,,
3,"iPhone 13 Pro, 256GB, Unlocked, Sierra Blue, MLU03LL/A",$429.95,2025-08-06,https://www.ebay.com/itm/197541734777,https://i.ebayimg.com/images/g/obMAAeSwVJ1oesTd/s-l500.webp,256 GB,Unknown,False,iPhone 13 Pro,,,,,,,True,,,,,,,,,,
3,iPhone 13 Pro 1TB Green Unlocked Straight Talk Xfinity Spectrum GOOD 1yr Wrty,$480.00,2025-08-03,https://www.ebay.com/itm/296836591146,https://i.ebayimg.com/images/g/8GEAAOSwDC1nQ0Rb/s-l500.webp,Unknown,Unknown,False,iPhone 13 Pro,,,,,,,True,,,,,,,,,,
3,Apple iPhone 13 Pro Alpine Green 256GB Unlocked - Good Condition w/ Chipping,$394.99,2025-08-03,https://www.ebay.com/itm/297460885523,https://i.ebayimg.com/images/g/d0MAAeSwZMhob9C~/s-l500.webp,256 GB,Good,False,iPhone 13 Pro,,,,,,,True,,,,,,,,,,
3,Apple iPhone 13 Pro A2483 256GB Unlocked Excellent Condition,$437.98,2025-08-01,https://www.ebay.com/itm/388195142866,https://i.ebayimg.com/images/g/ricAAeSwXURn7vjQ/s-l500.webp,256 GB,Excellent,False,iPhone 13 Pro,,,,,,,True,,,,,,,,,,
3,Apple iPhone 13 Pro 1TB Alpine Green Unlocked Excellent Condition,$552.69,2025-07-31,https://www.ebay.com/itm/296604725576,https://i.ebayimg.com/images/g/sA4AAOSwyxllhUXO/s-l500.webp,Unknown,Excellent,False,iPhone 13 Pro,,,,,,,True,,,,,,,,,,
3,Apple Iphone 13 Pro A2483 256GB Smartphone Silver - AT&T Unlocked,$399.00,2025-07-27,https://www.ebay.com/itm/317111082056,https://i.ebayimg.com/images/g/EjIAAeSwM31ogVYp/s-l500.webp,256 GB,Unknown,False,iPhone 13 Pro,,,,,,,True,,,,,,,,,,
1,Apple iPhone 14 Pro Silver 256GB Excellent - Refurbished  - Unlocked,$494.99,2025-10-22,https://www.ebay.com/itm/127324783614,https://i.ebayimg.com/images/g/shgAAeSweWlo-YsK/s-l140.webp,256 GB,Excellent,False,iPhone 14 Pro,,,,,,,,True,,,,,,,,,
1,Apple iPhone 14 Pro A2650 (Unlocked) 256GB Space Black (Excellent),$448.99,2025-10-22,https://www.ebay.com/itm/286887641602,https://i.ebayimg.com/images/g/w2cAAeSw79Jo9cZe/s-l140.webp,256 GB,Excellent,False,iPhone 14 Pro,,,,,,,,True,,,,,,,,,
1,Apple iPhone 14 Pro A2650 128GB Network Unlocked Very Good Condition,$409.99,2025-10-22,https://www.ebay.com/itm/354954088639,https://i.ebayimg.com/images/g/GLgAAOSwG6JkyZ3Q/s-l140.webp,128 GB,Very Good,False,iPhone 14 Pro,,,,,,,,True,,,,,,,,,
1,Apple iPhone 14 Pro 256GB Unlocked AT&T T-Mobile Verizon Very Good Condition,$447.95,2025-10-22,https://www.ebay.com/itm/304844638896,https://i.ebayimg.com/images/g/jGUAAOSwA7hlEa~p/s-l140.webp,256 GB,Very Good,False,iPhone 14 Pro,,,,,,,,True,,,,,,,,,
1,Apple iPhone 14 Pro A2650 Unlocked 128GB Silver Very Good,$484.99,2024-08-11,https://www.ebay.com/itm/186584826324,https://i.ebayimg.com/images/g/rloAAOSwt1Rmnwun/s-l140.webp,128 GB,Very Good,False,iPhone 14 Pro,,,,,,,,True,,,,,,,,,
1,Apple iPhone 14 Pro - 128GB 256GB 512GB 1TB - All Colors - Very Good Condition,$447.00,2025-10-22,https://www.ebay.com/itm/276438533833,https://i.ebayimg.com/images/g/jvcAAOSwpCBmKX9K/s-l140.webp,128 GB,Very Good,False,iPhone 14 Pro,,,,,,,,True,,,,,,,,,
1,Apple iPhone 14 Pro A2650 256GB Unlocked Very Good Condition,$453.09,2025-10-22,https://www.ebay.com/itm/355896536737,https://i.ebayimg.com/images/g/QBUAAOSw35RnNoNG/s-l140.webp,256 GB,Very Good,False,iPhone 14 Pro,,,,,,,,True,,,,,,,,,
1,Apple iPhone 14 Pro A2650 (Fully Unlocked) 128GB Deep Purple (Excellent),$424.99,2025-10-22,https://www.ebay.com/itm/286883274280,https://i.ebayimg.com/images/g/uroAAeSwHdho8qwh/s-l140.webp,128 GB,Excellent,False,iPhone 14 Pro,,,,,,,,True,,,,,,,,,
1,Apple iPhone 14 Pro - 1 TB - Deep Purple (Unlocked) Good Condition,$499.99,2025-10-22,https://www.ebay.com/itm/286715303236,https://i.ebayimg.com/images/g/6XoAAeSwu0Boem~J/s-l140.webp,Unknown,Good,False,iPhone 14 Pro,,,,,,,,True,,,,,,,,,
1,Apple iPhone 14 Pro 1TB Unlocked AT&T T-Mobile Verizon Excellent Condition,$539.95,2025-10-22,https://www.ebay.com/itm/296011042029,https://i.ebayimg.com/images/g/MPwAAOSwwlplPByS/s-l140.webp,Unknown,Excellent,False,iPhone 14 Pro,,,,,,,,True,,,,,,,,,
1,"Apple iPhone 14 Pro 128GB Unlocked 6.1"" - (Deep Purple) A2650 w/1 Year Warranty",$417.00,2025-10-22,https://www.ebay.com/itm/357637800733,https://i.ebayimg.com/images/g/cV4AAeSwSyJozIDo/s-l140.webp,128 GB,Unknown,False,iPhone 14 Pro,,,,,,,,True,,,,,,,,,
1,Apple iPhone 14 Pro 512GB Fully Unlocked - Excellent,$515.99,2025-10-22,https://www.ebay.com/itm/326649259659,https://i.ebayimg.com/images/g/mxoAAOSw-lpoVICo/s-l140.webp,512 GB,Excellent,False,iPhone 14 Pro,,,,,,,,True,,,,,,,,,
1,Apple iPhone 14 Pro Black 128GB Very Good - Refurbished  - Unlocked,$438.99,2025-10-22,https://www.ebay.com/itm/127392504416,https://i.ebayimg.com/images/g/9VoAAeSwcsho-VrY/s-l140.webp,128 GB,Very Good,False,iPhone 14 Pro,,,,,,,,True,,,,,,,,,
1,Apple iPhone 14 Pro - 256 GB - Deep Purple (Unlocked) Good Condition,$434.99,2025-10-22,https://www.ebay.com/itm/286715298460,https://i.ebayimg.com/images/g/zuoAAeSw5pxoem8o/s-l140.webp,256 GB,Good,False,iPhone 14 Pro,,,,,,,,True,,,,,,,,,
1,Apple iPhone 14 Pro - 256 GB - Gold (Unlocked) Good Condition,$434.99,2025-10-22,https://www.ebay.com/itm/286774253113,https://i.ebayimg.com/images/g/LqIAAeSwt6RopOpB/s-l140.webp,256 GB,Good,False,iPhone 14 Pro,,,,,,,,True,,,,,,,,,
1,Apple iPhone 14 Pro Black 256GB Very Good - Refurbished  - Unlocked,$474.99,2025-10-22,https://www.ebay.com/itm/127392504379,https://i.ebayimg.com/images/g/zBMAAeSw2slo-VTL/s-l140.webp,256 GB,Very Good,False,iPhone 14 Pro,,,,,,,,True,,,,,,,,,
1,Apple iPhone 14 Pro Silver 256GB Very Good - Refurbished  - Unlocked,$474.99,2025-10-22,https://www.ebay.com/itm/127437861964,https://i.ebayimg.com/images/g/8OMAAeSws1Bo97Tv/s-l140.webp,256 GB,Very Good,False,iPhone 14 Pro,,,,,,,,True,,,,,,,,,
1,Apple iPhone 14 Pro Silver 128GB Very Good - Refurbished  - Unlocked,$438.99,2025-10-22,https://www.ebay.com/itm/127437862017,https://i.ebayimg.com/images/g/gIoAAeSwkVlo9mPb/s-l140.webp,128 GB,Very Good,False,iPhone 14 Pro,,,,,,,,True,,,,,,,,,
1,Apple iPhone 14 Pro 128GB Unlocked AT&T T-Mobile Verizon Very Good Condition,$409.95,2025-10-22,https://www.ebay.com/itm/295571542373,https://i.ebayimg.com/images/g/QP8AAOSwQsZlEg8X/s-l140.webp,128 GB,Very Good,False,iPhone 14 Pro,,,,,,,,True,,,,,,,,,
1,Apple iPhone 14 Pro 1TB Unlocked AT&T T-Mobile Verizon Very Good Condition,$502.95,2025-10-22,https://www.ebay.com/itm/296010919131,https://i.ebayimg.com/images/g/0FEAAOSwRRJlPASG/s-l140.webp,Unknown,Very Good,False,iPhone 14 Pro,,,,,,,,True,,,,,,,,,
1,Apple iPhone 14 Pro 256GB Unlocked - Excellent,$506.95,2025-10-22,https://www.ebay.com/itm/404931125190,https://i.ebayimg.com/images/g/ss0AAOSwoZVkXRSV/s-l140.webp,256 GB,Excellent,False,iPhone 14 Pro,,,,,,,,True,,,,,,,,,
1,Apple iPhone 14 Pro 256GB Unlocked Good Condition - All Colors,$469.99,2025-10-22,https://www.ebay.com/itm/285598114461,https://i.ebayimg.com/images/g/MOUAAOSwiX9lcz0w/s-l140.webp,256 GB,Good,False,iPhone 14 Pro,,,,,,,,True,,,,,,,,,
1,Apple iPhone 14 Pro Silver 256GB Good - Refurbished  - Unlocked,$454.99,2025-10-22,https://www.ebay.com/itm/127244140439,https://i.ebayimg.com/images/g/bfEAAeSwkwBo-XBv/s-l140.webp,256 GB,Good,False,iPhone 14 Pro,,,,,,,,True,,,,,,,,,
1,Apple iPhone 14 Pro Purple 256GB Good - Refurbished  - Unlocked,$454.99,2025-10-22,https://www.ebay.com/itm/127187184200,https://i.ebayimg.com/images/g/Z2UAAeSwNcRo-XAw/s-l140.webp,256 GB,Good,False,iPhone 14 Pro,,,,,,,,True,,,,,,,,,
1,Apple iPhone 14 Pro 256GB Unlocked AT&T T-Mobile Verizon Excellent Condition,$494.95,2025-10-22,https://www.ebay.com/itm/295571543510,https://i.ebayimg.com/images/g/DxEAAOSwWQ1lEbBc/s-l140.webp,256 GB,Excellent,False,iPhone 14 Pro,,,,,,,,True,,,,,,,,,
1,Apple iPhone 14 Pro 128GB Unlocked AT&T T-Mobile Verizon Excellent Condition,$447.95,2025-10-22,https://www.ebay.com/itm/295571543322,https://i.ebayimg.com/images/g/1z8AAOSwaRFlEbBG/s-l140.webp,128 GB,Excellent,False,iPhone 14 Pro,,,,,,,,True,,,,,,,,,
1,Apple iPhone 14 Pro A2650 (Fully Unlocked) 128GB Space Black (Excellent),$424.99,2025-10-22,https://www.ebay.com/itm/286883462513,https://i.ebayimg.com/images/g/RmEAAeSwfH1o8s7Z/s-l140.webp,128 GB,Excellent,False,iPhone 14 Pro,,,,,,,,True,,,,,,,,,
1,Apple iPhone 14 Pro 512GB Unlocked AT&T T-Mobile Verizon Excellent Condition,$512.95,2025-10-22,https://www.ebay.com/itm/304844639881,https://i.ebayimg.com/images/g/QOgAAOSwF3dlEhlX/s-l140.webp,512 GB,Excellent,False,iPhone 14 Pro,,,,,,,,True,,,,,,,,,
1,iPhone 14 Pro 256 GB Purple Unlocked (ALL CARRIERS) Very Good Refurbished,$439.99,2025-10-21,https://www.ebay.com/itm/286289051419,https://i.ebayimg.com/images/g/e-IAAOSwZcBnmRZJ/s-l140.webp,256 GB,Very Good,False,iPhone 14 Pro,,,,,,,,True,,,,,,,,,
1,Apple iPhone 14 Pro A2650 128GB Network Unlocked Excellent Condition,$489.33,2025-10-21,https://www.ebay.com/itm/354954080213,https://i.ebayimg.com/images/g/y3kAAOSwSdVkyZwu/s-l140.webp,128 GB,Excellent,False,iPhone 14 Pro,,,,,,,,True,,,,,,,,,
1,Apple iPhone 14 Pro 256GB Network Unlocked Excellent Condition,$502.45,2025-10-21,https://www.ebay.com/itm/355896525148,https://i.ebayimg.com/images/g/ST8AAOSwbFZnZc5g/s-l140.webp,256 GB,Excellent,False,iPhone 14 Pro,,,,,,,,True,,,,,,,,,
1,Apple iPhone 14 Pro 128GB - Fully Unlocked - ALL CARRIERS - EXCELLENT Condition,$469.99,2025-10-21,https://www.ebay.com/itm/326404360126,https://i.ebayimg.com/images/g/giIAAOSwsUlnhTkf/s-l140.webp,128 GB,Unknown,False,iPhone 14 Pro,,,,,,,,True,,,,,,,,,
1,Apple iPhone 14 Pro Black 128GB Excellent - Refurbished  - Unlocked,$458.99,2025-10-21,https://www.ebay.com/itm/127437862045,https://i.ebayimg.com/images/g/PpIAAeSwmoZo-P~z/s-l140.webp,128 GB,Excellent,False,iPhone 14 Pro,,,,,,,,True,,,,,,,,,
1,Apple iPhone 14 Pro 256 GB Space Black Unlocked (All Carriers) Good Condition,$434.99,2025-10-21,https://www.ebay.com/itm/286637435661,https://i.ebayimg.com/images/g/1KQAAOSwkAdoSbYq/s-l140.webp,256 GB,Good,False,iPhone 14 Pro,,,,,,,,True,,,,,,,,,
1,Apple iPhone 14 Pro 256GB Unlocked AT&T T-Mobile Verizon Good Condition,$419.95,2025-10-21,https://www.ebay.com/itm/295571542747,https://i.ebayimg.com/images/g/LdYAAOSwmzllEbAd/s-l140.webp,256 GB,Good,False,iPhone 14 Pro,,,,,,,,True,,,,,,,,,
1,Apple iPhone 14 Pro - 128 GB - Deep Purple (Unlocked) Good Condition,$399.99,2025-10-21,https://www.ebay.com/itm/286774254553,https://i.ebayimg.com/images/g/qdoAAeSw9vRopOtO/s-l140.webp,128 GB,Good,False,iPhone 14 Pro,,,,,,,,True,,,,,,,,,
1,Apple iPhone 14 Pro 128GB Unlocked - Excellent,$459.95,2025-10-21,https://www.ebay.com/itm/405469724990,https://i.ebayimg.com/images/g/ss0AAOSwoZVkXRSV/s-l140.webp,128 GB,Excellent,False,iPhone 14 Pro,,,,,,,,True,,,,,,,,,
1,Apple iPhone 14 Pro 512GB Unlocked AT&T T-Mobile Verizon Very Good Condition,$480.95,2025-10-21,https://www.ebay.com/itm/304844639004,https://i.ebayimg.com/images/g/xckAAOSwKJVlEbAB/s-l140.webp,512 GB,Very Good,False,iPhone 14 Pro,,,,,,,,True,,,,,,,,,
2,Apple iPhone 14 Pro 256GB Fully Unlocked - ALL CARRIERS - VERY GOOD Condition,$475.99,2025-10-21,https://www.ebay.com/itm/226750361984,https://i.ebayimg.com/images/g/giIAAOSwsUlnhTkf/s-l500.webp,256 GB,Unknown,False,iPhone 14 Pro,,,,,,,,True,,,,,,,,,
2,Apple iPhone 14 Pro 128GB / 256GB Network Unlocked / E-sim / Used Condition,$379.00,2025-10-21,https://www.ebay.com/itm/167453416362,https://i.ebayimg.com/images/g/UJEAAOSwZsBn0LsP/s-l500.webp,128 GB,Unknown,False,iPhone 14 Pro,,,,,,,,True,,,,,,,,,
2,Apple iPhone 14 Pro Black 256GB Good - Refurbished  - Unlocked,$454.99,2025-10-21,https://www.ebay.com/itm/127257210247,https://i.ebayimg.com/images/g/okAAAeSwzvlo-O1r/s-l500.webp,256 GB,Good,False,iPhone 14 Pro,,,,,,,,True,,,,,,,,,
2,Apple iPhone 14 Pro Silver 128GB Good - Refurbished  - Unlocked,$418.99,2025-10-20,https://www.ebay.com/itm/127187182783,https://i.ebayimg.com/images/g/Do8AAeSw9oNo96Ak/s-l500.webp,128 GB,Good,False,iPhone 14 Pro,,,,,,,,True,,,,,,,,,
2,iPhone 14 Pro 256 GB Black Unlocked (ALL CARRIERS) Very Good Refurbished,$439.99,2025-10-20,https://www.ebay.com/itm/286289050077,https://i.ebayimg.com/images/g/pGcAAOSwbEJnmRPW/s-l500.webp,256 GB,Very Good,False,iPhone 14 Pro,,,,,,,,True,,,,,,,,,
2,Apple iPhone 14 Pro - 128 GB - Space Black (All Carriers) Good Refurbished,$409.99,2025-10-20,https://www.ebay.com/itm/286812010363,https://i.ebayimg.com/images/g/r1gAAeSwdGFowJHF/s-l500.webp,128 GB,Good,False,iPhone 14 Pro,,,,,,,,True,,,,,,,,,
2,iPhone 14 Pro - Factory Unlocked - 128GB - Purple - Very Good,$453.00,2025-10-20,https://www.ebay.com/itm/275710141479,https://i.ebayimg.com/images/g/2LEAAOSwCU1jYFMR/s-l500.webp,128 GB,Very Good,False,iPhone 14 Pro,,,,,,,,True,,,,,,,,,
2,Apple iPhone 14 Pro 512GB Unlocked - Excellent,$534.95,2025-10-20,https://www.ebay.com/itm/405264614946,https://i.ebayimg.com/images/g/ss0AAOSwoZVkXRSV/s-l500.webp,512 GB,Excellent,False,iPhone 14 Pro,,,,,,,,True,,,,,,,,,
2,Apple iPhone 14 Pro 512GB Unlocked Good Condition - All Colors,$489.99,2025-10-19,https://www.ebay.com/itm/276217870331,https://i.ebayimg.com/images/g/qKMAAOSwK11lcz0L/s-l500.webp,512 GB,Good,False,iPhone 14 Pro,,,,,,,,True,,,,,,,,,
2,Apple iPhone 14 Pro Purple 128GB Good - Refurbished  - Unlocked,$418.99,2025-10-19,https://www.ebay.com/itm/127187349011,https://i.ebayimg.com/images/g/IhwAAeSwJj9o-X7n/s-l500.webp,128 GB,Good,False,iPhone 14 Pro,,,,,,,,True,,,,,,,,,
2,Apple iPhone 14 Pro 512GB Fully Unlocked - Good,$466.99,2025-10-19,https://www.ebay.com/itm/226824159636,https://i.ebayimg.com/images/g/mxoAAOSw-lpoVICo/s-l500.webp,512 GB,Good,False,iPhone 14 Pro,,,,,,,,True,,,,,,,,,
2,Apple iPhone 14 Pro - 5G - 128GB Factory Unlocked GSM + CDMA - OPEN BOX,$469.48,2025-10-19,https://www.ebay.com/itm/127392552490,https://i.ebayimg.com/images/g/6foAAeSwjB5o1G7e/s-l500.webp,128 GB,Unknown,False,iPhone 14 Pro,,,,,,,,True,,,,,,,,,
2,Apple iPhone 14 Pro A2650 256GB Unlocked Smartphone - Good,$474.99,2025-03-25,https://www.ebay.com/itm/267193165958,https://i.ebayimg.com/images/g/aVUAAOSwoWdk33IS/s-l500.webp,256 GB,Good,False,iPhone 14 Pro,,,,,,,,True,,,,,,,,,
2,Apple iPhone 14 Pro 256GB Fully Unlocked - ALL CARRIERS - EXCELLENT Condition,$499.99,2025-10-18,https://www.ebay.com/itm/326764843130,https://i.ebayimg.com/images/g/giIAAOSwsUlnhTkf/s-l500.webp,256 GB,Unknown,False,iPhone 14 Pro,,,,,,,,True,,,,,,,,,
2,Apple iPhone 14 Pro 256GB - Space Black (Unlocked) (eSIM only) A2650 Good,$449.95,2025-04-15,https://www.ebay.com/itm/405485866886,https://i.ebayimg.com/images/g/ViQAAOSwEiZntyV2/s-l500.webp,256 GB,Good,False,iPhone 14 Pro,,,,,,,,True,,,,,,,,,
2,"Apple iPhone 14 Pro 256GB Unlocked 6.1"" - (Black) A2650 w/1 Year Warranty",$455.52,2025-10-17,https://www.ebay.com/itm/376559601802,https://i.ebayimg.com/images/g/TqQAAeSwZCVozGrB/s-l500.webp,256 GB,Unknown,False,iPhone 14 Pro,,,,,,,,True,,,,,,,,,
2,Apple iPhone 14 Pro 128 GB Black Unlocked (All Carriers) Very Good Condition,$424.99,2025-10-16,https://www.ebay.com/itm/286531088568,https://i.ebayimg.com/images/g/IL0AAOSwe-pmGFdu/s-l500.webp,128 GB,Very Good,False,iPhone 14 Pro,,,,,,,,True,,,,,,,,,
2,Apple iPhone 14 Pro Purple 256GB Excellent - Refurbished  - Unlocked,$494.99,2025-10-16,https://www.ebay.com/itm/127420725866,https://i.ebayimg.com/images/g/8I8AAeSwnBJo95Z-/s-l500.webp,256 GB,Excellent,False,iPhone 14 Pro,,,,,,,,True,,,,,,,,,
2,iPhone 14 Pro - Factory Unlocked - 128GB - Silver - Very Good,$447.00,2025-10-16,https://www.ebay.com/itm/285530051179,https://i.ebayimg.com/images/g/CkgAAOSwwBBjYFZi/s-l500.webp,128 GB,Very Good,False,iPhone 14 Pro,,,,,,,,True,,,,,,,,,
2,Apple iPhone 14 Pro 128GB Unlocked Very Good Condition - All Colors,$447.99,2025-10-16,https://www.ebay.com/itm/276217869434,https://i.ebayimg.com/images/g/p~oAAOSw-sJlczyA/s-l500.webp,128 GB,Very Good,False,iPhone 14 Pro,,,,,,,,True,,,,,,,,,
2,"Apple iPhone 14 Pro 128GB Unlocked 6.1"" - (Black) A2650 w/1 Year Warranty",$421.00,2025-10-16,https://www.ebay.com/itm/375758080538,https://i.ebayimg.com/images/g/jkQAAOSwStRnJTsC/s-l500.webp,128 GB,Unknown,False,iPhone 14 Pro,,,,,,,,True,,,,,,,,,
2,Apple iPhone 14 Pro 1TB Gold (Unlocked) - Very Good,$641.99,2024-12-30,https://www.ebay.com/itm/156585355846,https://i.ebayimg.com/images/g/JOoAAOSwu6VnX-cU/s-l500.webp,Unknown,Very Good,False,iPhone 14 Pro,,,,,,,,True,,,,,,,,,
2,iPhone 14 Pro - Factory Unlocked - 256GB - Black - Very Good,$466.00,2025-10-15,https://www.ebay.com/itm/275755114332,https://i.ebayimg.com/images/g/~3YAAOSwpCJjYrvG/s-l500.webp,256 GB,Very Good,False,iPhone 14 Pro,,,,,,,,True,,,,,,,,,
3,iPhone 14 Pro - Factory Unlocked - 256GB - Black - Very Good,$466.00,2025-10-15,https://www.ebay.com/itm/275755114332,https://i.ebayimg.com/images/g/~3YAAOSwpCJjYrvG/s-l500.webp,256 GB,Very Good,False,iPhone 14 Pro,,,,,,,,True,,,,,,,,,
3,"iPhone 14 Pro, 256GB, Unlocked, Space Black, NQ0Q3VC/A",$449.95,2025-04-15,https://www.ebay.com/itm/116562193369,https://i.ebayimg.com/images/g/nTsAAOSwhgxn~rAi/s-l500.webp,256 GB,Unknown,False,iPhone 14 Pro,,,,,,,,True,,,,,,,,,
3,Apple iPhone 14 Pro Purple 256 Very Good - Refurbished  - Unlocked,$489.99,2025-10-15,https://www.ebay.com/itm/127195098360,https://i.ebayimg.com/images/g/gJEAAeSwwxJo7~Ah/s-l500.webp,Unknown,Very Good,False,iPhone 14 Pro,,,,,,,,True,,,,,,,,,
3,iPhone 14 Pro - Factory Unlocked - 256GB - Black - Fair,$412.00,2025-10-15,https://www.ebay.com/itm/276072370031,https://i.ebayimg.com/images/g/GjQAAOSw0JNjYFt~/s-l500.webp,256 GB,Unknown,False,iPhone 14 Pro,,,,,,,,True,,,,,,,,,
3,Apple iPhone 14 Pro Black 128GB Good - Refurbished  - Unlocked,$418.99,2025-10-15,https://www.ebay.com/itm/127321056900,https://i.ebayimg.com/images/g/ko0AAeSwKU5o-V3Y/s-l500.webp,128 GB,Good,False,iPhone 14 Pro,,,,,,,,True,,,,,,,,,
3,Apple iPhone 14 Pro - 128GB 256GB 512GB 1TB - All Colors - Good Condition,$424.00,2025-10-14,https://www.ebay.com/itm/285828792470,https://i.ebayimg.com/images/g/XxMAAOSwvEhmKYA4/s-l500.webp,128 GB,Good,False,iPhone 14 Pro,,,,,,,,True,,,,,,,,,
3,Apple iPhone 14 Pro 128GB / 256GB Network Unlocked / E-sim / Good Condition,$399.00,2025-04-14,https://www.ebay.com/itm/167453372008,https://i.ebayimg.com/images/g/UJEAAOSwZsBn0LsP/s-l500.webp,128 GB,Good,False,iPhone 14 Pro,,,,,,,,True,,,,,,,,,
3,"Apple iPhone 14 Pro,  Fully Unlocked - Refurbished B Grade",$429.99,2025-10-13,https://www.ebay.com/itm/226908667363,https://i.ebayimg.com/images/g/U1wAAOSwrA5kAnGD/s-l500.webp,Unknown,Unknown,False,iPhone 14 Pro,,,,,,,,True,,,,,,,,,
3,iPhone 14 Pro - Factory Unlocked - 128GB - Purple - Good,$428.00,2025-10-13,https://www.ebay.com/itm/285400629786,https://i.ebayimg.com/images/g/2LEAAOSwCU1jYFMR/s-l500.webp,128 GB,Good,False,iPhone 14 Pro,,,,,,,,True,,,,,,,,,
3,Apple iPhone 14 Pro 128GB Fully Unlocked - VERY GOOD Condition,$433.99,2025-10-13,https://www.ebay.com/itm/326404357889,https://i.ebayimg.com/images/g/giIAAOSwsUlnhTkf/s-l500.webp,128 GB,Unknown,False,iPhone 14 Pro,,,,,,,,True,,,,,,,,,
3,Apple iPhone 14 Pro 1TB Unlocked AT&T T-Mobile Verizon Good Condition,$488.95,2025-10-13,https://www.ebay.com/itm/305215362405,https://i.ebayimg.com/images/g/erAAAOSwpBRlMb0t/s-l500.webp,Unknown,Good,False,iPhone 14 Pro,,,,,,,,True,,,,,,,,,
3,Apple iPhone 14 Pro 256 GB Silver Unlocked (All Carriers) Good Condition,$439.99,2025-10-13,https://www.ebay.com/itm/286637432643,https://i.ebayimg.com/images/g/WXkAAOSwaatoR0fa/s-l500.webp,256 GB,Good,False,iPhone 14 Pro,,,,,,,,True,,,,,,,,,
3,Apple iPhone 14 Pro 256GB Unlocked Good Condition,$476.81,2025-10-12,https://www.ebay.com/itm/356348470404,https://i.ebayimg.com/images/g/KrkAAOSwLndnU4mx/s-l500.webp,256 GB,Good,False,iPhone 14 Pro,,,,,,,,True,,,,,,,,,
3,Apple iPhone 14 Pro - 128GB - Gold (Unlocked) - Very Good Condition,$459.99,2025-10-12,https://www.ebay.com/itm/306536697954,https://i.ebayimg.com/images/g/fO4AAeSw8vVo33pS/s-l500.webp,128 GB,Very Good,False,iPhone 14 Pro,,,,,,,,True,,,,,,,,,
3,iPhone 14 Pro - Factory Unlocked - 256GB - Black - Excellent,$509.00,2025-10-11,https://www.ebay.com/itm/275615100392,https://i.ebayimg.com/images/g/~3YAAOSwpCJjYrvG/s-l500.webp,256 GB,Excellent,False,iPhone 14 Pro,,,,,,,,True,,,,,,,,,
3,Apple iPhone 14 Pro Black 256GB Excellent - Refurbished  - Unlocked,$509.99,2025-10-11,https://www.ebay.com/itm/127424664621,https://i.ebayimg.com/images/g/wlgAAeSwfJpo6jHL/s-l500.webp,256 GB,Excellent,False,iPhone 14 Pro,,,,,,,,True,,,,,,,,,
3,Apple iPhone 14 Pro 128GB Unlocked Good Condition - All Colors,$419.99,2025-10-10,https://www.ebay.com/itm/296097644519,https://i.ebayimg.com/images/g/PAgAAOSw6R1lczzQ/s-l500.webp,128 GB,Good,False,iPhone 14 Pro,,,,,,,,True,,,,,,,,,
3,"iPhone 14 Pro (1TB, 6GB) 6.1"", iOS 17, 5G / 4G LTE Fully Unlocked for Global",$619.99,2025-10-10,https://www.ebay.com/itm/157349937974,https://i.ebayimg.com/images/g/DdUAAeSwkldo1s-J/s-l500.webp,Unknown,Unknown,False,iPhone 14 Pro,,,,,,,,True,,,,,,,,,
3,Apple iPhone 14 Pro 128 GB Space Black Unlocked (All Carriers) Premium Condition,$684.99,2024-07-21,https://www.ebay.com/itm/285953078121,https://i.ebayimg.com/images/g/8S4AAOSwK4BnQOBJ/s-l500.webp,128 GB,Unknown,False,iPhone 14 Pro,,,,,,,,True,,,,,,,,,
3,Apple iPhone 14 Pro 128GB / 256GB Network Unlocked / E-sim / Very Good Condition,$439.00,2025-10-09,https://www.ebay.com/itm/156892398761,https://i.ebayimg.com/images/g/UJEAAOSwZsBn0LsP/s-l500.webp,128 GB,Very Good,False,iPhone 14 Pro,,,,,,,,True,,,,,,,,,
3,Apple iPhone 14 Pro 128GB Unlocked AT&T T-Mobile Verizon Good Condition,$400.95,2025-10-09,https://www.ebay.com/itm/295571542645,https://i.ebayimg.com/images/g/AK4AAOSwwuFlEg8x/s-l500.webp,128 GB,Good,False,iPhone 14 Pro,,,,,,,,True,,,,,,,,,
3,Apple iPhone 14 Pro - 128GB - Factory Unlocked - Very Good Condition,$464.99,2025-10-08,https://www.ebay.com/itm/116315231982,https://i.ebayimg.com/images/g/eqEAAOSw599mo6rR/s-l500.webp,128 GB,Very Good,False,iPhone 14 Pro,,,,,,,,True,,,,,,,,,
3,Apple iPhone 14 Pro 1TB Unlocked - Excellent,$562.95,2025-10-08,https://www.ebay.com/itm/388415565318,https://i.ebayimg.com/images/g/ss0AAOSwoZVkXRSV/s-l500.webp,Unknown,Excellent,False,iPhone 14 Pro,,,,,,,,True,,,,,,,,,
3,Apple iPhone 14 Pro - 128GB 256GB 512GB 1TB - All Colors - Excellent Condition,$433.00,2025-10-08,https://www.ebay.com/itm/285828780519,https://i.ebayimg.com/images/g/KzQAAOSwJvFmKX5S/s-l500.webp,128 GB,Excellent,False,iPhone 14 Pro,,,,,,,,True,,,,,,,,,
3,Apple iPhone 14 Pro - 128GB - Unlocked- Excellent Refurbished (Physical Sim),$525.00,2025-04-01,https://www.ebay.com/itm/156343769710,https://i.ebayimg.com/images/g/vbgAAOSwWTRmrPlz/s-l500.webp,128 GB,Excellent,False,iPhone 14 Pro,,,,,,,,True,,,,,,,,,
3,Apple iPhone 14 Pro 128GB 256GB 512GB 1TB Unlocked Refurbished Very Good,$534.83,2025-10-07,https://www.ebay.com/itm/196483512930,https://i.ebayimg.com/images/g/ME0AAOSw45pmhqzN/s-l500.webp,128 GB,Very Good,False,iPhone 14 Pro,,,,,,,,True,,,,,,,,,
3,"iPhone 14 Pro (512GB, 6GB) 6.1"", iOS 17, 5G / 4G LTE Fully Unlocked for Global",$531.99,2025-10-07,https://www.ebay.com/itm/157189451637,https://i.ebayimg.com/images/g/Ch0AAeSwXNFofqji/s-l500.webp,512 GB,Unknown,False,iPhone 14 Pro,,,,,,,,True,,,,,,,,,
3,"Apple iPhone 14 Pro - 128GB/256GB/512GB/1TB, All Colors, Very Good Condition",$449.00,2025-02-07,https://www.ebay.com/itm/316197606511,https://i.ebayimg.com/images/g/d6MAAOSwLJNnpbUv/s-l500.webp,128 GB,Very Good,False,iPhone 14 Pro,,,,,,,,True,,,,,,,,,
3,iPhone 14 Pro 128 GB Purple Unlocked (ALL CARRIERS) Very Good Refurbished,$424.99,2025-10-06,https://www.ebay.com/itm/286531096130,https://i.ebayimg.com/images/g/e-IAAOSwZcBnmRZJ/s-l500.webp,128 GB,Very Good,False,iPhone 14 Pro,,,,,,,,True,,,,,,,,,
1,Apple iPhone 15 Pro 1TB Unlocked AT&T T-Mobile Verizon Excellent Condition,$696.95,2025-10-22,https://www.ebay.com/itm/305315521310,https://i.ebayimg.com/images/g/CwgAAOSwZUplfGAo/s-l500.webp,Unknown,Excellent,False,iPhone 15 Pro,,,,,,,,,True,,,,,,,,
1,Apple iPhone 15 Pro 1TB Unlocked AT&T T-Mobile Verizon Very Good Condition,$654.95,2025-10-22,https://www.ebay.com/itm/305347847891,https://i.ebayimg.com/images/g/uooAAOSwblRlnZb-/s-l500.webp,Unknown,Very Good,False,iPhone 15 Pro,,,,,,,,,True,,,,,,,,
1,Apple iPhone 15 Pro A2848 256GB Unlocked Excellent Condition,$590.99,2025-10-22,https://www.ebay.com/itm/356895116213,https://i.ebayimg.com/images/g/HaUAAeSwedFoJMQI/s-l500.webp,256 GB,Excellent,False,iPhone 15 Pro,,,,,,,,,True,,,,,,,,
1,Apple iPhone 15 Pro 256GB Unlocked AT&T T-Mobile Verizon Very Good Condition,$577.95,2025-10-22,https://www.ebay.com/itm/305313150439,https://i.ebayimg.com/images/g/d60AAOSwFjlleez-/s-l500.webp,256 GB,Very Good,False,iPhone 15 Pro,,,,,,,,,True,,,,,,,,
1,Apple iPhone 15 Pro 128GB Unlocked AT&T T-Mobile Verizon Very Good Condition,$548.95,2025-10-22,https://www.ebay.com/itm/305347847864,https://i.ebayimg.com/images/g/M8gAAOSwQORlnZb5/s-l500.webp,128 GB,Very Good,False,iPhone 15 Pro,,,,,,,,,True,,,,,,,,
1,Apple iPhone 15 Pro A2848 256GB Unlocked - Very Good Condition,$565.99,2025-10-22,https://www.ebay.com/itm/356227813818,https://i.ebayimg.com/images/g/rekAAOSwfHRm4gTR/s-l500.webp,256 GB,Very Good,False,iPhone 15 Pro,,,,,,,,,True,,,,,,,,
1,Apple iPhone 15 Pro 1TB ( Unlocked) US E-Sim Version. Excellent,$789.99,2025-10-22,https://www.ebay.com/itm/186408364171,https://i.ebayimg.com/images/g/b8QAAOSwsndl2OuI/s-l500.webp,Unknown,Excellent,False,iPhone 15 Pro,,,,,,,,,True,,,,,,,,
1,Apple iPhone 15 Pro A2848 128GB Unlocked - Very Good Condition,$562.99,2025-10-22,https://www.ebay.com/itm/356227875584,https://i.ebayimg.com/images/g/5K4AAOSwgapm4gPb/s-l500.webp,128 GB,Very Good,False,iPhone 15 Pro,,,,,,,,,True,,,,,,,,
1,Apple iPhone 15 Pro 1TB Factory Unlocked AT&T T-Mobile Verizon Good Condition,$630.95,2025-10-22,https://www.ebay.com/itm/305593659986,https://i.ebayimg.com/images/g/LCsAAOSwdOFma1yf/s-l500.webp,Unknown,Good,False,iPhone 15 Pro,,,,,,,,,True,,,,,,,,
1,Apple iPhone 15 Pro A2848 128GB Unlocked Excellent,$572.99,2025-10-22,https://www.ebay.com/itm/356036210220,https://i.ebayimg.com/images/g/kCwAAOSwyktm4f~q/s-l500.webp,128 GB,Excellent,False,iPhone 15 Pro,,,,,,,,,True,,,,,,,,
1,Apple iPhone 15 Pro 256GB Factory Unlocked AT&T T-Mobile Verizon Good Condition,$558.95,2025-10-22,https://www.ebay.com/itm/296155902453,https://i.ebayimg.com/images/g/zT0AAOSwdj5lnZcS/s-l500.webp,256 GB,Good,False,iPhone 15 Pro,,,,,,,,,True,,,,,,,,
1,Apple iPhone 15 Pro 512GB Unlocked AT&T T-Mobile Verizon Excellent Condition,$656.95,2025-10-22,https://www.ebay.com/itm/296106949542,https://i.ebayimg.com/images/g/-FcAAOSw3dxlee0L/s-l500.webp,512 GB,Excellent,False,iPhone 15 Pro,,,,,,,,,True,,,,,,,,
1,iPhone 15 Pro - Unlocked - 128GB - Black Titanium - Very Good,$572.00,2025-10-22,https://www.ebay.com/itm/276265590193,https://i.ebayimg.com/images/g/cxoAAOSwWs9ljI3T/s-l500.webp,128 GB,Very Good,False,iPhone 15 Pro,,,,,,,,,True,,,,,,,,
1,"Apple iPhone 15 Pro 6.1"" Unlocked 256GB - (Black Titanium) A2848 w/Warranty",$610.00,2025-10-22,https://www.ebay.com/itm/146550007080,https://i.ebayimg.com/images/g/l-MAAOSw3JhoD~iO/s-l500.webp,256 GB,Unknown,False,iPhone 15 Pro,,,,,,,,,True,,,,,,,,
1,Apple iPhone 15 Pro 128GB Unlocked Excellent Condition - All Colors,$609.99,2025-10-22,https://www.ebay.com/itm/285598244256,https://i.ebayimg.com/images/g/xAQAAOSwoHxlc1NM/s-l500.webp,128 GB,Excellent,False,iPhone 15 Pro,,,,,,,,,True,,,,,,,,
1,Apple iPhone 15 Pro - 256GB - Black Titanium (Unlocked) - 90%+ Battery Very Good,$619.00,2025-10-22,https://www.ebay.com/itm/336179250491,https://i.ebayimg.com/images/g/5I0AAeSwaC5ox79p/s-l500.webp,256 GB,Very Good,False,iPhone 15 Pro,,,,,,,,,True,,,,,,,,
1,Apple iPhone 15 Pro 128GB Unlocked AT&T T-Mobile Verizon Excellent Condition,$582.95,2025-10-21,https://www.ebay.com/itm/296155901947,https://i.ebayimg.com/images/g/B10AAOSwj91lnZcN/s-l500.webp,128 GB,Excellent,False,iPhone 15 Pro,,,,,,,,,True,,,,,,,,
1,"Apple iPhone 15 Pro, 1TB, - Unlocked - Black - Excellent",$729.99,2025-10-21,https://www.ebay.com/itm/406269876613,https://i.ebayimg.com/images/g/gaMAAeSwDt5o5Vka/s-l500.webp,Unknown,Excellent,False,iPhone 15 Pro,,,,,,,,,True,,,,,,,,
1,Apple iPhone 15 Pro 512GB Unlocked AT&T T-Mobile Verizon Very Good Condition,$614.95,2025-10-21,https://www.ebay.com/itm/296106949477,https://i.ebayimg.com/images/g/YPUAAOSws0tlee0E/s-l500.webp,512 GB,Very Good,False,iPhone 15 Pro,,,,,,,,,True,,,,,,,,
1,Apple iPhone 15 Pro 256GB (Unlocked) - White Titanium,$619.98,2025-10-21,https://www.ebay.com/itm/146911186889,https://i.ebayimg.com/images/g/zBIAAeSwsvFo9~nf/s-l500.webp,256 GB,Unknown,False,iPhone 15 Pro,,,,,,,,,True,,,,,,,,
1,Apple iPhone 15 Pro Smartphone 128GB Fully Unlocked Excellent,$602.00,2025-10-21,https://www.ebay.com/itm/226392088925,https://i.ebayimg.com/images/g/AEUAAOSw1KhnBuOT/s-l500.webp,128 GB,Excellent,False,iPhone 15 Pro,,,,,,,,,True,,,,,,,,
1,Apple iPhone 15 Pro - 512 GB - (Unlocked) - A2848 - All Colors - Excellent,$659.00,2025-10-21,https://www.ebay.com/itm/365928162143,https://i.ebayimg.com/images/g/GHIAAOSwxYhn2GLh/s-l500.webp,512 GB,Excellent,False,iPhone 15 Pro,,,,,,,,,True,,,,,,,,
1,Apple iPhone 15 Pro 256GB Unlocked - Excellent,$644.95,2025-10-21,https://www.ebay.com/itm/405095359488,https://i.ebayimg.com/images/g/~p4AAOSwT4VmO6Nd/s-l500.webp,256 GB,Excellent,False,iPhone 15 Pro,,,,,,,,,True,,,,,,,,
1,Apple iPhone 15 Pro 128GB Unlocked - Excellent,$602.95,2025-10-20,https://www.ebay.com/itm/406057214968,https://i.ebayimg.com/images/g/M9IAAOSw2LdmetK4/s-l500.webp,128 GB,Excellent,False,iPhone 15 Pro,,,,,,,,,True,,,,,,,,
1,"Apple iPhone 15 Pro, 128GB, - Unlocked - White - Excellent",$580.00,2025-10-20,https://www.ebay.com/itm/406269876618,https://i.ebayimg.com/images/g/WgMAAeSwucpo5VlV/s-l500.webp,128 GB,Excellent,False,iPhone 15 Pro,,,,,,,,,True,,,,,,,,
1,Apple iPhone 15 Pro - 256GB - White Titanium (Unlocked) - 90%+ Battery Excellent,$639.00,2025-10-20,https://www.ebay.com/itm/336008377080,https://i.ebayimg.com/images/g/apAAAOSw-S1oSVY8/s-l500.webp,256 GB,Excellent,False,iPhone 15 Pro,,,,,,,,,True,,,,,,,,
1,Apple iPhone 15 Pro 512GB Factory Unlocked AT&T T-Mobile Verizon Good Condition,$595.95,2025-10-20,https://www.ebay.com/itm/305337184045,https://i.ebayimg.com/images/g/wcoAAOSwa-JllB0i/s-l500.webp,512 GB,Good,False,iPhone 15 Pro,,,,,,,,,True,,,,,,,,
1,Apple iPhone 15 Pro 128GB (Unlocked) US E-Sim Version. Excellent,$606.99,2025-10-20,https://www.ebay.com/itm/156078647276,https://i.ebayimg.com/images/g/b8QAAOSwsndl2OuI/s-l500.webp,128 GB,Excellent,False,iPhone 15 Pro,,,,,,,,,True,,,,,,,,
1,Apple iPhone 15 Pro 256GB Unlocked Excellent Condition - All Colors,$669.99,2025-10-20,https://www.ebay.com/itm/276217987968,https://i.ebayimg.com/images/g/qxYAAOSw5xJlc1Mq/s-l500.webp,256 GB,Excellent,False,iPhone 15 Pro,,,,,,,,,True,,,,,,,,
1,"Apple iPhone 15 Pro, 128GB, - Unlocked - Natural - Excellent",$590.00,2025-10-20,https://www.ebay.com/itm/406269876616,https://i.ebayimg.com/images/g/ybsAAeSwl~Fo5VmR/s-l500.webp,128 GB,Excellent,False,iPhone 15 Pro,,,,,,,,,True,,,,,,,,
1,Apple iPhone 15 Pro 256GB Unlocked AT&T T-Mobile Verizon Excellent Condition,$629.95,2025-10-19,https://www.ebay.com/itm/305315521632,https://i.ebayimg.com/images/g/isYAAOSwStdlfGAu/s-l500.webp,256 GB,Excellent,False,iPhone 15 Pro,,,,,,,,,True,,,,,,,,
1,"iPhone 15 Pro (128GB, 8GB) 6.1"", iOS 17, 5G / 4G LTE Fully Unlocked for Global",$583.52,2025-07-16,https://www.ebay.com/itm/156368924274,https://i.ebayimg.com/images/g/DU8AAeSwOUJoUbW9/s-l500.webp,128 GB,Unknown,False,iPhone 15 Pro,,,,,,,,,True,,,,,,,,
1,Apple iPhone 15 Pro A2848 Unlocked 256GB Natural Titanium Excellent,$674.99,2025-03-16,https://www.ebay.com/itm/196830558960,https://i.ebayimg.com/images/g/0xsAAOSwrI1nPUZb/s-l500.webp,256 GB,Excellent,False,iPhone 15 Pro,,,,,,,,,True,,,,,,,,
1,Apple iPhone 15 Pro 128GB Unlocked Good Condition - All Colors,$549.99,2025-10-19,https://www.ebay.com/itm/296097783155,https://i.ebayimg.com/images/g/aWoAAOSwBbBlc1KW/s-l500.webp,128 GB,Good,False,iPhone 15 Pro,,,,,,,,,True,,,,,,,,
1,"Apple iPhone 15 Pro 6.1"" Unlocked 256GB - (White Titanium) A2848 w/Warranty",$595.71,2025-10-18,https://www.ebay.com/itm/146535764308,https://i.ebayimg.com/images/g/0EIAAOSwbrJoBpuM/s-l500.webp,256 GB,Unknown,False,iPhone 15 Pro,,,,,,,,,True,,,,,,,,
1,Apple iPhone 15 Pro - 128GB - White Titanium (Unlocked) - 90%+ Battery Excellent,$748.75,2025-10-18,https://www.ebay.com/itm/336221979269,https://i.ebayimg.com/images/g/0o8AAeSwcmdo5gJR/s-l500.webp,128 GB,Excellent,False,iPhone 15 Pro,,,,,,,,,True,,,,,,,,
1,Apple iPhone 15 Pro Fully Unlocked 128GB - 6.1inches - Very Good,$654.00,2025-10-17,https://www.ebay.com/itm/135726798882,https://i.ebayimg.com/images/g/ZEcAAOSw9sdoCKDb/s-l500.webp,128 GB,Very Good,False,iPhone 15 Pro,,,,,,,,,True,,,,,,,,
1,Apple iPhone 15 Pro 256GB Unlocked Good Condition - Black,$546.00,2025-10-16,https://www.ebay.com/itm/286881436086,https://i.ebayimg.com/images/g/ChsAAeSwD6dog-tb/s-l500.webp,256 GB,Good,False,iPhone 15 Pro,,,,,,,,,True,,,,,,,,
1,Apple iPhone 15 Pro 128GB (Unlocked) US E-Sim Version. Very Good,$597.99,2025-10-16,https://www.ebay.com/itm/156178473321,https://i.ebayimg.com/images/g/b8QAAOSwsndl2OuI/s-l500.webp,128 GB,Very Good,False,iPhone 15 Pro,,,,,,,,,True,,,,,,,,
1,Apple iPhone 15 Pro UNLOCKED / 128GB / 256GB  / ALL Colors / E-sim / Very Good,$569.00,2025-10-15,https://www.ebay.com/itm/157391287749,https://i.ebayimg.com/images/g/oesAAOSwmTBnz2l3/s-l500.webp,128 GB,Very Good,False,iPhone 15 Pro,,,,,,,,,True,,,,,,,,
1,Apple iPhone 15 Pro Unlocked 256GB  - (Natural Titanium) w/Warranty,$653.05,2025-10-15,https://www.ebay.com/itm/376207284364,https://i.ebayimg.com/images/g/B2sAAOSwoEJoD~k6/s-l500.webp,256 GB,Unknown,False,iPhone 15 Pro,,,,,,,,,True,,,,,,,,
1,Apple iPhone 15 Pro - 512GB - Natural Titanium (Unlocked) - Good Condition,$689.99,2025-04-06,https://www.ebay.com/itm/305910413847,https://i.ebayimg.com/images/g/XB0AAOSwQ8tnLfji/s-l500.webp,512 GB,Good,False,iPhone 15 Pro,,,,,,,,,True,,,,,,,,
1,Apple iPhone 15 Pro A2848 Unlocked 256GB Blue Titanium Very Good,$649.99,2025-10-14,https://www.ebay.com/itm/196517139876,https://i.ebayimg.com/images/g/ymUAAOSw3glmnt9y/s-l500.webp,256 GB,Very Good,False,iPhone 15 Pro,,,,,,,,,True,,,,,,,,
1,Apple iPhone 15 Pro 512GB Unlocked Very Good Condition - All Colors,$669.99,2025-10-14,https://www.ebay.com/itm/285598242726,https://i.ebayimg.com/images/g/fNgAAOSwb7Blc1Ko/s-l500.webp,512 GB,Very Good,False,iPhone 15 Pro,,,,,,,,,True,,,,,,,,
1,Apple iPhone 15 Pro UNLOCKED / 128GB / 256GB  / ALL Colors / E-sim / Excellent,$599.00,2025-10-14,https://www.ebay.com/itm/156783352436,https://i.ebayimg.com/images/g/oesAAOSwmTBnz2l3/s-l500.webp,128 GB,Excellent,False,iPhone 15 Pro,,,,,,,,,True,,,,,,,,
1,Apple iPhone 15 Pro 128GB 256GB 512GB 1TB Unlocked Smartphone - Very Good,$619.99,2025-10-13,https://www.ebay.com/itm/157380649997,https://i.ebayimg.com/images/g/M6wAAOSwaxpnyJHd/s-l500.webp,128 GB,Very Good,False,iPhone 15 Pro,,,,,,,,,True,,,,,,,,
1,Apple iPhone 15 Pro Smartphone 256GB Fully Unlocked Excellent,$689.00,2025-10-13,https://www.ebay.com/itm/226646633766,https://i.ebayimg.com/images/g/LosAAeSwAE9n1HBj/s-l500.webp,256 GB,Excellent,False,iPhone 15 Pro,,,,,,,,,True,,,,,,,,
1,Apple iPhone 15 Pro - 128GB 256GB 512GB 1TB - All Colors - Excellent Condition,$604.00,2025-10-13,https://www.ebay.com/itm/276437121055,https://i.ebayimg.com/images/g/G4MAAOSwk2tmKCkf/s-l500.webp,128 GB,Excellent,False,iPhone 15 Pro,,,,,,,,,True,,,,,,,,
1,Apple iPhone 15 Pro - 256GB (Altice) A2848-  Natural Titanium - Excellent,$529.00,2025-10-12,https://www.ebay.com/itm/187635249458,https://i.ebayimg.com/images/g/jWwAAeSwT25o3qVX/s-l500.webp,256 GB,Excellent,False,iPhone 15 Pro,,,,,,,,,True,,,,,,,,
1,"Apple iPhone 15 Pro 1024GB Unlocked 6.1"" (Black Titanium) A2848 - w/Warranty",$736.36,2025-10-12,https://www.ebay.com/itm/376412571180,https://i.ebayimg.com/images/g/u2gAAeSw4WVoeWpS/s-l500.webp,1024 GB,Unknown,False,iPhone 15 Pro,,,,,,,,,True,,,,,,,,
1,"iPhone 15 Pro (256GB, 8GB) 6.1"", iOS 17, 5G / 4G LTE Fully Unlocked",$659.99,2025-08-17,https://www.ebay.com/itm/157244291651,https://i.ebayimg.com/images/g/LbQAAeSwpI9o3mmV/s-l500.webp,256 GB,Unknown,False,iPhone 15 Pro,,,,,,,,,True,,,,,,,,
1,Apple iPhone 15 Pro - 1TB - White Titanium (Unlocked) - Very Good Condition,$799.99,2025-04-12,https://www.ebay.com/itm/306240221474,https://i.ebayimg.com/images/g/yK4AAOSw8ERn7UDo/s-l500.webp,Unknown,Very Good,False,iPhone 15 Pro,,,,,,,,,True,,,,,,,,
1,Apple iPhone 15 Pro - 256GB (XFINITY) A2848 - Blue Titanium - Excellent,$499.00,2025-10-10,https://www.ebay.com/itm/187635261978,https://i.ebayimg.com/images/g/znsAAeSw2zNo3ZGi/s-l500.webp,256 GB,Excellent,False,iPhone 15 Pro,,,,,,,,,True,,,,,,,,
1,"Apple iPhone 15 Pro 128GB 256GB 512GB 1TB Unlocked Smartphone - All Colors, Good",$629.99,2025-08-01,https://www.ebay.com/itm/156815542047,https://i.ebayimg.com/images/g/M6wAAOSwaxpnyJHd/s-l500.webp,128 GB,Good,False,iPhone 15 Pro,,,,,,,,,True,,,,,,,,
1,Apple iPhone 15 Pro 128GB 256GB 512GB 1TB Unlocked Smartphone - Very Good,$664.99,2025-09-03,https://www.ebay.com/itm/157291654479,https://i.ebayimg.com/images/g/M6wAAOSwaxpnyJHd/s-l500.webp,128 GB,Very Good,False,iPhone 15 Pro,,,,,,,,,True,,,,,,,,
1,Apple iPhone 15 Pro 256GB Unlocked eSim Only A2848 Natural Titanium Excellent,$664.95,2025-04-01,https://www.ebay.com/itm/405276389879,https://i.ebayimg.com/images/g/iIIAAOSw2G9nBoLp/s-l500.webp,256 GB,Excellent,False,iPhone 15 Pro,,,,,,,,,True,,,,,,,,
1,iPhone 15 Pro - Unlocked - 128GB - Black Titanium - Excellent,$604.00,2025-10-09,https://www.ebay.com/itm/285627322225,https://i.ebayimg.com/images/g/cxoAAOSwWs9ljI3T/s-l500.webp,128 GB,Excellent,False,iPhone 15 Pro,,,,,,,,,True,,,,,,,,
1,Apple iPhone 15 Pro 128GB Factory Unlocked AT&T T-Mobile Verizon Good Condition,$525.95,2025-10-09,https://www.ebay.com/itm/296175164279,https://i.ebayimg.com/images/g/lFsAAOSwCVxlqvAv/s-l500.webp,128 GB,Good,False,iPhone 15 Pro,,,,,,,,,True,,,,,,,,
1,Apple iPhone 15 Pro - 256 GB - Black Titanium (Unlocked),$615.00,2025-10-08,https://www.ebay.com/itm/267430466829,https://i.ebayimg.com/images/g/SxQAAeSwPQ9o5qHr/s-l500.webp,256 GB,Unknown,False,iPhone 15 Pro,,,,,,,,,True,,,,,,,,
1,Apple iPhone 15 Pro - 128GB (Unlocked) A2848 - Blue Titanium - Excellent,$549.00,2025-10-08,https://www.ebay.com/itm/317390032315,https://i.ebayimg.com/images/g/0KUAAeSwIhBo3Y6U/s-l500.webp,128 GB,Excellent,False,iPhone 15 Pro,,,,,,,,,True,,,,,,,,
1,Apple iPhone 15 Pro 512GB Unlocked Good Condition - All Colors,$639.99,2025-10-08,https://www.ebay.com/itm/285598242600,https://i.ebayimg.com/images/g/TT4AAOSwhxNlc1MA/s-l500.webp,512 GB,Good,False,iPhone 15 Pro,,,,,,,,,True,,,,,,,,
1,"Apple iPhone 15 Pro, 1TB, - Unlocked - Natural - Excellent",$729.99,2025-10-08,https://www.ebay.com/itm/406269876637,https://i.ebayimg.com/images/g/QykAAeSwUIZo5VnQ/s-l500.webp,Unknown,Excellent,False,iPhone 15 Pro,,,,,,,,,True,,,,,,,,
1,Apple iPhone 15 Pro 256gb ( Unlocked) US E-Sim Version. Excellent,$661.99,2025-10-08,https://www.ebay.com/itm/166613095133,https://i.ebayimg.com/images/g/b8QAAOSwsndl2OuI/s-l500.webp,256 GB,Excellent,False,iPhone 15 Pro,,,,,,,,,True,,,,,,,,
1,"Apple iPhone 15 Pro, 128GB Black Titanium [Unlocked] Good Condition",$749.76,2025-03-15,https://www.ebay.com/itm/387907204026,https://i.ebayimg.com/images/g/gUgAAeSwgPRnp2fE/s-l500.webp,128 GB,Good,False,iPhone 15 Pro,,,,,,,,,True,,,,,,,,
1,Apple iPhone 15 Pro - 512GB - Blue Titanium (Unlocked) - Very Good Condition,$739.99,2025-03-28,https://www.ebay.com/itm/305892529449,https://i.ebayimg.com/images/g/F8cAAOSwWr1nKgSE/s-l500.webp,512 GB,Very Good,False,iPhone 15 Pro,,,,,,,,,True,,,,,,,,
1,Apple iPhone 15 Pro 128GB Unlocked Good Condition,$594.67,2025-10-07,https://www.ebay.com/itm/356358062668,https://i.ebayimg.com/images/g/Z2EAAOSwwstnZczg/s-l500.webp,128 GB,Good,False,iPhone 15 Pro,,,,,,,,,True,,,,,,,,
1,Apple iPhone 15 Pro - 128 GB - Blue Titanium (Unlocked) Good Condition,$544.99,2025-10-07,https://www.ebay.com/itm/286697900636,https://i.ebayimg.com/images/g/7TgAAeSwGo9obsFf/s-l500.webp,128 GB,Good,False,iPhone 15 Pro,,,,,,,,,True,,,,,,,,
1,Apple iPhone 15 Pro 128GB Black Titanium Factory Unlocked Smartphone Good,$569.99,2025-10-06,https://www.ebay.com/itm/387757464154,https://i.ebayimg.com/images/g/CGkAAeSwt9Fo3aRP/s-l500.webp,128 GB,Good,False,iPhone 15 Pro,,,,,,,,,True,,,,,,,,
1,Apple iPhone 15 Pro - 256 GB - Natural Titanium (Unlocked) - Excellent Condition,$639.00,2025-10-05,https://www.ebay.com/itm/336069271920,https://i.ebayimg.com/images/g/P9gAAeSw0IFod3LD/s-l500.webp,256 GB,Excellent,False,iPhone 15 Pro,,,,,,,,,True,,,,,,,,
1,"Apple iPhone 15 Pro 6.1"" Unlocked 1TB - (Blue Titanium) A2848 w/1 Year Warranty",$683.40,2025-10-05,https://www.ebay.com/itm/146535763727,https://i.ebayimg.com/images/g/7q8AAOSwGDNoAV-F/s-l500.webp,Unknown,Unknown,False,iPhone 15 Pro,,,,,,,,,True,,,,,,,,
1,Apple iPhone 15 Pro 1TB Unlocked Good Condition - All Colors,$684.99,2025-10-04,https://www.ebay.com/itm/285598242519,https://i.ebayimg.com/images/g/TMMAAOSw1Pplc1I-/s-l500.webp,Unknown,Good,False,iPhone 15 Pro,,,,,,,,,True,,,,,,,,
1,Apple iPhone 15 Pro 512GB Unlocked Excellent Condition - All Colors,$719.99,2025-10-04,https://www.ebay.com/itm/285598243270,https://i.ebayimg.com/images/g/BHcAAOSwkmJlc1KN/s-l500.webp,512 GB,Excellent,False,iPhone 15 Pro,,,,,,,,,True,,,,,,,,
1,Apple iPhone 15 Pro - 128GB Natural *UNLOCKED* eSIM Only A2848 Excellent Refurb,$591.99,2025-10-03,https://www.ebay.com/itm/145962196048,https://i.ebayimg.com/images/g/GPkAAOSweShmO7-w/s-l500.webp,128 GB,Excellent,False,iPhone 15 Pro,,,,,,,,,True,,,,,,,,
1,Apple iPhone 15 Pro - 128GB - Black Titanium (Unlocked) - 90%+ Battery Excellent,$599.00,2025-10-02,https://www.ebay.com/itm/336179238921,https://i.ebayimg.com/images/g/gs0AAeSwJKpox7u6/s-l500.webp,128 GB,Excellent,False,iPhone 15 Pro,,,,,,,,,True,,,,,,,,
1,Apple iPhone 15 Pro - 128GB 256GB 512GB 1TB - All Colors - Good Condition,$516.00,2025-10-02,https://www.ebay.com/itm/276437131138,https://i.ebayimg.com/images/g/EwcAAOSwQ0dmKCyi/s-l500.webp,128 GB,Good,False,iPhone 15 Pro,,,,,,,,,True,,,,,,,,
1,Apple iPhone 15 Pro - 128GB 256GB 512GB 1TB - All Colors - Very Good Condition,$572.00,2025-10-02,https://www.ebay.com/itm/285827503187,https://i.ebayimg.com/images/g/fsUAAOSwxuNmKCqd/s-l500.webp,128 GB,Very Good,False,iPhone 15 Pro,,,,,,,,,True,,,,,,,,
1,Apple iPhone 15 Pro - 256GB - Unlocked - Black Titanium - Excellent,$675.00,2025-10-01,https://www.ebay.com/itm/276272698311,https://i.ebayimg.com/images/g/eZkAAOSwcAZlgzv1/s-l500.webp,256 GB,Excellent,False,iPhone 15 Pro,,,,,,,,,True,,,,,,,,
1,Apple iPhone 15 Pro 128GB Black *UNLOCKED* [eSIM Only A2848] Excellent Refurb,$595.99,2025-10-01,https://www.ebay.com/itm/146051666890,https://i.ebayimg.com/images/g/R9YAAOSwYNJmAeNW/s-l500.webp,128 GB,Excellent,False,iPhone 15 Pro,,,,,,,,,True,,,,,,,,
1,Apple iPhone 15 Pro 256GB GSM/CDMA Unlocked Phone - Black Titanium - Very Good,$799.99,2024-08-15,https://www.ebay.com/itm/256559961963,https://i.ebayimg.com/images/g/fUUAAOSwsJlmgtFH/s-l500.webp,256 GB,Very Good,False,iPhone 15 Pro,,,,,,,,,True,,,,,,,,
1,Apple iPhone 15 Pro - 128GB - Unlocked - Blue Titanium - Excellent,$612.00,2025-10-01,https://www.ebay.com/itm/276309358825,https://i.ebayimg.com/images/g/~NoAAOSw00plSlSy/s-l500.webp,128 GB,Excellent,False,iPhone 15 Pro,,,,,,,,,True,,,,,,,,
1,Apple iPhone 15 Pro 512GB ( Unlocked) US E-Sim Version. Excellent,$759.99,2025-10-01,https://www.ebay.com/itm/156119977855,https://i.ebayimg.com/images/g/b8QAAOSwsndl2OuI/s-l500.webp,512 GB,Excellent,False,iPhone 15 Pro,,,,,,,,,True,,,,,,,,
1,"Apple iPhone 15 Pro 128GB Unlocked 6.1"" (Natural Titanium) A2849 - w/Warranty",$581.32,2025-09-30,https://www.ebay.com/itm/376207274564,https://i.ebayimg.com/images/g/N8UAAOSwAnZoD~fs/s-l500.webp,128 GB,Unknown,False,iPhone 15 Pro,,,,,,,,,True,,,,,,,,
1,Apple iPhone 15 Pro - 512GB - Natural Titanium (Unlocked) - Good Condition,$689.99,2025-03-31,https://www.ebay.com/itm/305874638373,https://i.ebayimg.com/images/g/8IsAAOSwVG9m4W45/s-l500.webp,512 GB,Good,False,iPhone 15 Pro,,,,,,,,,True,,,,,,,,
1,Apple iPhone 15 Pro 128GB A2848 5G Unlocked - Excellent,$619.99,2025-03-31,https://www.ebay.com/itm/276359304921,https://i.ebayimg.com/images/g/QF8AAOSw~oJngW3b/s-l500.webp,128 GB,Excellent,False,iPhone 15 Pro,,,,,,,,,True,,,,,,,,
1,Apple iPhone 15 Pro A2848 Unlocked 128GB White Titanium Excellent,$619.99,2025-04-02,https://www.ebay.com/itm/176710459276,https://i.ebayimg.com/images/g/sUgAAOSwYhRnSf~t/s-l500.webp,128 GB,Excellent,False,iPhone 15 Pro,,,,,,,,,True,,,,,,,,
1,Apple iPhone 15 PRO - 128GB - Factory Unlocked - Black - EXCELLENT Condition!,$634.99,2025-03-31,https://www.ebay.com/itm/267203196120,https://i.ebayimg.com/images/g/~QEAAOSwvhNn5vww/s-l500.webp,128 GB,Unknown,False,iPhone 15 Pro,,,,,,,,,True,,,,,,,,
1,Apple iPhone 15 Pro Smartphone 512GB Fully Unlocked Excellent,$739.00,2025-09-27,https://www.ebay.com/itm/226706520618,https://i.ebayimg.com/images/g/y0oAAeSwQ8xn~-D5/s-l500.webp,512 GB,Excellent,False,iPhone 15 Pro,,,,,,,,,True,,,,,,,,
1,Apple iPhone 15 Pro A2848 128GB Unlocked Very Good Condition,$592.00,2025-09-26,https://www.ebay.com/itm/226573862960,https://i.ebayimg.com/images/g/Q8YAAOSwNsVnm~zz/s-l500.webp,128 GB,Very Good,False,iPhone 15 Pro,,,,,,,,,True,,,,,,,,
1,Apple iPhone 15 Pro - 256GB - Unlocked - Natural Titanium - Excellent,$655.00,2025-09-26,https://www.ebay.com/itm/276272704640,https://i.ebayimg.com/images/g/mJIAAOSwLdRlnB6u/s-l500.webp,256 GB,Excellent,False,iPhone 15 Pro,,,,,,,,,True,,,,,,,,
1,Apple iPhone 15 Pro 256GB - Blue Titanium (Unlocked) (eSIM only) A2848 Excellent,$604.95,2025-09-25,https://www.ebay.com/itm/146070651052,https://i.ebayimg.com/images/g/5r0AAOSwLs5m~CDo/s-l500.webp,256 GB,Excellent,False,iPhone 15 Pro,,,,,,,,,True,,,,,,,,
1,Apple iPhone 15 Pro 128GB (Unlocked) US E-Sim Version - Good,$587.99,2025-09-24,https://www.ebay.com/itm/186408324191,https://i.ebayimg.com/images/g/b8QAAOSwsndl2OuI/s-l500.webp,128 GB,Good,False,iPhone 15 Pro,,,,,,,,,True,,,,,,,,
1,Apple iPhone 15 Pro - 512 GB - Blue Titanium - Unlocked - Excellent Refurbished,$604.99,2025-09-24,https://www.ebay.com/itm/127112091742,https://i.ebayimg.com/images/g/LjYAAOSwU61oJNm5/s-l500.webp,512 GB,Excellent,False,iPhone 15 Pro,,,,,,,,,True,,,,,,,,
1,Apple iPhone 15 Pro Smartphone 256GB Fully Unlocked Very Good,$679.00,2025-09-24,https://www.ebay.com/itm/226573878335,https://i.ebayimg.com/images/g/I60AAeSw91xnm~zL/s-l500.webp,256 GB,Very Good,False,iPhone 15 Pro,,,,,,,,,True,,,,,,,,
1,"Apple iPhone 15 Pro 6.1"" Unlocked 128GB - (Black Titanium) A2848 w/Warranty",$589.45,2025-09-23,https://www.ebay.com/itm/356838203459,https://i.ebayimg.com/images/g/ofQAAOSwM95n~rpq/s-l500.webp,128 GB,Unknown,False,iPhone 15 Pro,,,,,,,,,True,,,,,,,,
1,"Apple iPhone 15 Pro 6.1"" Unlocked 256GB - (Blue Titanium) A2848 w/Warranty",$600.67,2025-09-23,https://www.ebay.com/itm/356852113226,https://i.ebayimg.com/images/g/CC4AAOSwReBoFRSZ/s-l500.webp,256 GB,Unknown,False,iPhone 15 Pro,,,,,,,,,True,,,,,,,,
1,Apple iPhone 15 Pro 5G 128GB 256GB 512GB Fully Unlocked *NO FACE ID* Grade B+,$475.99,2025-09-23,https://www.ebay.com/itm/286798701917,https://i.ebayimg.com/images/g/aBQAAOSwAJll8amj/s-l500.webp,128 GB,Unknown,False,iPhone 15 Pro,,,,,,,,,True,,,,,,,,
1,Apple iPhone 15 Pro - 256GB - Black Titanium (Unlocked) - 90%+ Battery Excellent,$798.75,2025-09-23,https://www.ebay.com/itm/336008371861,https://i.ebayimg.com/images/g/KNkAAOSwZIJnfjKj/s-l500.webp,256 GB,Excellent,False,iPhone 15 Pro,,,,,,,,,True,,,,,,,,
1,Apple iPhone 15 Pro A2848 128GB Unlocked Good Condition,$724.66,2025-09-23,https://www.ebay.com/itm/388124385565,https://i.ebayimg.com/images/g/o6oAAeSwBhJows8o/s-l500.webp,128 GB,Good,False,iPhone 15 Pro,,,,,,,,,True,,,,,,,,
1,Apple iPhone 15 Pro 128GB Unlocked eSim Only A2848 Black Titanium Excellent,$624.95,2025-09-23,https://www.ebay.com/itm/405768178656,https://i.ebayimg.com/images/g/Rg8AAOSw9q9n~hwr/s-l500.webp,128 GB,Excellent,False,iPhone 15 Pro,,,,,,,,,True,,,,,,,,
1,Apple iPhone 15 Pro A2848 Unlocked 256GB Black Titanium Good,$604.99,2025-09-22,https://www.ebay.com/itm/176484927285,https://i.ebayimg.com/images/g/NFIAAOSwlyxmnuPQ/s-l500.webp,256 GB,Good,False,iPhone 15 Pro,,,,,,,,,True,,,,,,,,
1,Apple iPhone 15 Pro - 256 GB - Natural Titanium (Unlocked) - Very Good Condition,$773.75,2025-09-22,https://www.ebay.com/itm/336069285303,https://i.ebayimg.com/images/g/21UAAeSwPY9od3Ye/s-l500.webp,256 GB,Very Good,False,iPhone 15 Pro,,,,,,,,,True,,,,,,,,
1,Apple iPhone 15 Pro 256gb ( Unlocked) US E-Sim Version Good,$617.99,2025-09-22,https://www.ebay.com/itm/156178486934,https://i.ebayimg.com/images/g/b8QAAOSwsndl2OuI/s-l500.webp,256 GB,Good,False,iPhone 15 Pro,,,,,,,,,True,,,,,,,,
1,Apple iPhone 15 Pro - 256 GB - Blue Titanium (Unlocked) Good Condition,$599.99,2025-09-20,https://www.ebay.com/itm/286697960818,https://i.ebayimg.com/images/g/VAQAAeSwFI1obss2/s-l500.webp,256 GB,Good,False,iPhone 15 Pro,,,,,,,,,True,,,,,,,,
1,Apple iPhone 15 Pro 128GB 256GB 512GB 1TB (Unlocked) Black Blue Natural White,$604.97,2025-09-19,https://www.ebay.com/itm/325927388507,https://i.ebayimg.com/images/g/g~UAAOSwkFtlefsi/s-l500.webp,128 GB,Unknown,False,iPhone 15 Pro,,,,,,,,,True,,,,,,,,
1,Apple iPhone 15 Pro 256GB Unlocked Good Condition - All Colors,$559.99,2025-09-18,https://www.ebay.com/itm/285598243965,https://i.ebayimg.com/images/g/DpgAAOSwSm9lc1L3/s-l500.webp,256 GB,Good,False,iPhone 15 Pro,,,,,,,,,True,,,,,,,,
1,Apple iPhone 15 Pro - 128 GB - Blue Titanium (Unlocked) - 90%+ Battery Excellent,$599.00,2025-09-18,https://www.ebay.com/itm/336179243214,https://i.ebayimg.com/images/g/PeMAAeSwJFpox7y8/s-l500.webp,128 GB,Excellent,False,iPhone 15 Pro,,,,,,,,,True,,,,,,,,
1,Apple iPhone 15 Pro 128GB Unlocked Very Good Condition - All Colors,$579.99,2025-09-15,https://www.ebay.com/itm/276217989389,https://i.ebayimg.com/images/g/aKcAAOSwFwFlc1LM/s-l500.webp,128 GB,Very Good,False,iPhone 15 Pro,,,,,,,,,True,,,,,,,,
1,Apple iPhone 15 Pro - 512GB - Natural Titanium (Unlocked) - Good,$679.00,2025-09-15,https://www.ebay.com/itm/276781817868,https://i.ebayimg.com/images/g/5zkAAOSwsWRlxRGs/s-l500.webp,512 GB,Good,False,iPhone 15 Pro,,,,,,,,,True,,,,,,,,
1,Apple iPhone 15 Pro - 128GB - White Titanium (Unlocked) - 90%+ Battery Very Good,$723.75,2025-09-15,https://www.ebay.com/itm/336179246338,https://i.ebayimg.com/images/g/jd4AAeSwJRNox73Z/s-l500.webp,128 GB,Very Good,False,iPhone 15 Pro,,,,,,,,,True,,,,,,,,
1,"Apple iPhone 15 Pro Fully Unlocked Titanium - 256GB - 8GB RAM - 6.1"" - Good",$540.00,2025-09-12,https://www.ebay.com/itm/135515328080,https://i.ebayimg.com/images/g/lccAAOSwSQhnk5Pj/s-l500.webp,256 GB,Good,False,iPhone 15 Pro,,,,,,,,,True,,,,,,,,
1,Apple iPhone 15 Pro A2848 128GB Unlocked Excellent Condition,$614.91,2025-09-10,https://www.ebay.com/itm/388195198985,https://i.ebayimg.com/images/g/0i8AAeSwmAVowEy7/s-l500.webp,128 GB,Excellent,False,iPhone 15 Pro,,,,,,,,,True,,,,,,,,
1,APPLE IPHONE 15 PRO 128GB 256GB 512GB 1TB (UNLOCKED) ✅1 YR WARANTY ✅❖EXCELLENT❖,$799.95,2025-09-10,https://www.ebay.com/itm/226483000571,https://i.ebayimg.com/images/g/-GYAAOSwf6tnUmAw/s-l500.webp,128 GB,Unknown,False,iPhone 15 Pro,,,,,,,,,True,,,,,,,,
1,Apple iPhone 15 Pro - 256 GB - Blue Titanium (Unlocked) - Excellent Condition,$798.75,2025-09-09,https://www.ebay.com/itm/336135446817,https://i.ebayimg.com/images/g/LGIAAeSwgPNopXK0/s-l500.webp,256 GB,Excellent,False,iPhone 15 Pro,,,,,,,,,True,,,,,,,,
1,"Apple iPhone 15 Pro A2848 6.1"" Smartphone Unlocked 512 GB iOS - Blue Titanium",$724.99,2025-09-08,https://www.ebay.com/itm/157093276930,https://i.ebayimg.com/images/g/D2wAAeSwIhJowHBR/s-l500.webp,512 GB,Unknown,False,iPhone 15 Pro,,,,,,,,,True,,,,,,,,
1,Apple iPhone 15 Pro - 256GB - Unlocked - Blue Titanium - Excellent,$647.00,2025-09-05,https://www.ebay.com/itm/276239983535,https://i.ebayimg.com/images/g/~NoAAOSw00plSlSy/s-l500.webp,256 GB,Excellent,False,iPhone 15 Pro,,,,,,,,,True,,,,,,,,
1,Apple iPhone 15 Pro - 256 GB - Natural Titanium (Unlocked) Good Condition,$619.99,2025-09-04,https://www.ebay.com/itm/286699830394,https://i.ebayimg.com/images/g/I3AAAeSwbmBocCu3/s-l500.webp,256 GB,Good,False,iPhone 15 Pro,,,,,,,,,True,,,,,,,,
1,Apple iPhone 15 Pro - 128 GB - Black Titanium (Unlocked) Good Condition,$569.99,2025-09-04,https://www.ebay.com/itm/286775675304,https://i.ebayimg.com/images/g/NBUAAeSw6c5opd1x/s-l500.webp,128 GB,Good,False,iPhone 15 Pro,,,,,,,,,True,,,,,,,,
1,Apple iPhone 15 Pro Super Retina XDR display 6.1‑inch (diagonal) all‑screen OLED,$589.00,2025-09-04,https://www.ebay.com/itm/296975213337,https://i.ebayimg.com/images/g/iRAAAOSwJNZndEh~/s-l500.webp,Unknown,Unknown,False,iPhone 15 Pro,,,,,,,,,True,,,,,,,,
1,Apple iPhone 15 Pro 512GB A2848 Natural Titanium Unlocked US Model 89% Batt Good,$679.99,2025-08-31,https://www.ebay.com/itm/127318411107,https://i.ebayimg.com/images/g/Mp0AAeSwmnxopLHB/s-l500.webp,512 GB,Good,False,iPhone 15 Pro,,,,,,,,,True,,,,,,,,
1,Apple iPhone 15 Pro – 256GB – Natural Titanium – Unlocked – Good Condition,$615.00,2025-09-01,https://www.ebay.com/itm/157273905088,https://i.ebayimg.com/images/g/arAAAeSwQNBorf0A/s-l500.webp,256 GB,Good,False,iPhone 15 Pro,,,,,,,,,True,,,,,,,,
1,"Apple iPhone 15 Pro 6.1"" Unlocked 128GB A2848 - (Black Titanium) w/Warranty",$601.27,2025-08-31,https://www.ebay.com/itm/356838201451,https://i.ebayimg.com/images/g/L3cAAOSwmqFoD~cR/s-l500.webp,128 GB,Unknown,False,iPhone 15 Pro,,,,,,,,,True,,,,,,,,
2,Apple iPhone 15 Pro 128GB 256GB 512GB 1TB Unlocked Smartphone - Very Good,$669.99,2025-07-31,https://www.ebay.com/itm/156830874255,https://i.ebayimg.com/images/g/M6wAAOSwaxpnyJHd/s-l500.webp,128 GB,Very Good,False,iPhone 15 Pro,,,,,,,,,True,,,,,,,,
2,Apple iPhone 15 Pro 1TB ( Unlocked) US E-Sim Version  Good,$729.99,2025-08-28,https://www.ebay.com/itm/156178511362,https://i.ebayimg.com/images/g/b8QAAOSwsndl2OuI/s-l500.webp,Unknown,Good,False,iPhone 15 Pro,,,,,,,,,True,,,,,,,,
2,"Apple iPhone 15 Pro 6.1"" Verizon AT&T T-Mobile Fully Unlocked Phone 5G Very Good",$664.95,2025-08-25,https://www.ebay.com/itm/365231422944,https://i.ebayimg.com/images/g/wKgAAOSwb7hnNih3/s-l500.webp,Unknown,Very Good,False,iPhone 15 Pro,,,,,,,,,True,,,,,,,,
2,Apple iPhone 15 Pro Smartphone 512GB Fully Unlocked Very Good,$729.00,2025-08-25,https://www.ebay.com/itm/226706520619,https://i.ebayimg.com/images/g/Ea0AAeSwsYtn~-DH/s-l500.webp,512 GB,Very Good,False,iPhone 15 Pro,,,,,,,,,True,,,,,,,,
2,Apple iPhone 15 Pro 512GB ( Unlocked) US E-Sim Version Good,$689.99,2025-08-24,https://www.ebay.com/itm/166727221533,https://i.ebayimg.com/images/g/b8QAAOSwsndl2OuI/s-l500.webp,512 GB,Good,False,iPhone 15 Pro,,,,,,,,,True,,,,,,,,
2,Apple iPhone 15 Pro - 1TB Black *UNLOCKED* [eSIM Only A2848] Excellent Refurb,$787.99,2025-08-22,https://www.ebay.com/itm/146089652417,https://i.ebayimg.com/images/g/R9YAAOSwYNJmAeNW/s-l500.webp,Unknown,Excellent,False,iPhone 15 Pro,,,,,,,,,True,,,,,,,,
2,Apple iPhone 15 Pro 512GB Blue Titanium Unlocked Good Condition,$659.99,2025-08-21,https://www.ebay.com/itm/276635195538,https://i.ebayimg.com/images/g/32IAAOSw97Rm4HiF/s-l500.webp,512 GB,Good,False,iPhone 15 Pro,,,,,,,,,True,,,,,,,,
2,Apple iPhone 15 Pro 256GB Unlocked Very Good Condition - All Colors,$609.99,2025-08-20,https://www.ebay.com/itm/296097782839,https://i.ebayimg.com/images/g/u-YAAOSwm6Blc1Ne/s-l500.webp,256 GB,Very Good,False,iPhone 15 Pro,,,,,,,,,True,,,,,,,,
2,Apple iPhone 15 Pro A2848 1TB Unlocked Excellent Condition,$792.70,2025-08-20,https://www.ebay.com/itm/388195521252,https://i.ebayimg.com/images/g/tnMAAeSwXadn7xeP/s-l500.webp,Unknown,Excellent,False,iPhone 15 Pro,,,,,,,,,True,,,,,,,,
2,Apple iPhone 15 Pro blue 128GB A2848 MTQQ3LL/A Unlocked ESN Clean Good (AMX),$599.95,2025-08-15,https://www.ebay.com/itm/197616850410,https://i.ebayimg.com/images/g/fwwAAeSwBV1ongiN/s-l500.webp,128 GB,Good,False,iPhone 15 Pro,,,,,,,,,True,,,,,,,,
2,Apple iPhone 15 Pro 128GB Unlocked eSim Only A2848 Black Titanium Very Good,$599.95,2025-08-19,https://www.ebay.com/itm/146343613315,https://i.ebayimg.com/images/g/Tu0AAOSw22Jnj5Sb/s-l500.webp,128 GB,Very Good,False,iPhone 15 Pro,,,,,,,,,True,,,,,,,,
2,Apple iPhone 15 Pro - 1 TB - White Titanium - Unlocked - Excellent Refurbished,$749.99,2025-08-18,https://www.ebay.com/itm/127112091123,https://i.ebayimg.com/images/g/olEAAOSwVhJoJNmP/s-l500.webp,Unknown,Excellent,False,iPhone 15 Pro,,,,,,,,,True,,,,,,,,
2,iPhone 15 Pro - Unlocked - 128GB - White Titanium - Very Good,$574.00,2025-08-18,https://www.ebay.com/itm/285819903810,https://i.ebayimg.com/images/g/uQEAAOSwCP1lnCWs/s-l500.webp,128 GB,Very Good,False,iPhone 15 Pro,,,,,,,,,True,,,,,,,,
2,Apple iPhone 15 Pro Fully Unlocked - 128GB - 6.1in - Excellent,$699.00,2025-08-18,https://www.ebay.com/itm/135985657505,https://i.ebayimg.com/images/g/wOoAAOSwreZoSvy9/s-l500.webp,128 GB,Excellent,False,iPhone 15 Pro,,,,,,,,,True,,,,,,,,
2,Apple iPhone 15 Pro 128GB A2848 5G Unlocked - Very Good,$619.99,2025-08-18,https://www.ebay.com/itm/276359306775,https://i.ebayimg.com/images/g/NlkAAOSwRalngW3q/s-l500.webp,128 GB,Very Good,False,iPhone 15 Pro,,,,,,,,,True,,,,,,,,
2,"Apple iPhone 15 Pro 6.1"" Unlocked 128GB - (Blue Titanium) A2848 w/Warranty",$548.43,2025-08-17,https://www.ebay.com/itm/146550002738,https://i.ebayimg.com/images/g/8sMAAOSwSfRoD~fQ/s-l500.webp,128 GB,Unknown,False,iPhone 15 Pro,,,,,,,,,True,,,,,,,,
2,Apple iPhone 15 Pro - 512 GB - Natural Titanium - Unlocked Excellent Refurbished,$709.99,2025-08-17,https://www.ebay.com/itm/127116525673,https://i.ebayimg.com/images/g/shkAAOSw3jNoJ5bV/s-l500.webp,512 GB,Excellent,False,iPhone 15 Pro,,,,,,,,,True,,,,,,,,
2,Apple iPhone 15 Pro Black Titanium 512GB Unlocked -Very Good w Slight ScreenLift,$589.99,2025-08-13,https://www.ebay.com/itm/277243775372,https://i.ebayimg.com/images/g/p3QAAeSwXg1oYt1d/s-l500.webp,512 GB,Very Good,False,iPhone 15 Pro,,,,,,,,,True,,,,,,,,
2,Apple iPhone 15 Pro 256GB Natural Titanium (Unlocked) (eSIM only) A2848 Good,$624.95,2025-08-09,https://www.ebay.com/itm/126678561819,https://i.ebayimg.com/images/g/740AAOSwyodm6WyL/s-l500.webp,256 GB,Good,False,iPhone 15 Pro,,,,,,,,,True,,,,,,,,
2,Apple iPhone 15 Pro A2848 Unlocked 128GB White Titanium Good,$569.99,2025-08-08,https://www.ebay.com/itm/186586460651,https://i.ebayimg.com/images/g/M9sAAOSwg2Fmn92~/s-l500.webp,128 GB,Good,False,iPhone 15 Pro,,,,,,,,,True,,,,,,,,
2,Apple iPhone 15 Pro - 256 GB - Black Titanium (Unlocked) Good Condition,$599.99,2025-08-07,https://www.ebay.com/itm/286697947935,https://i.ebayimg.com/images/g/v-sAAeSwCOZobskZ/s-l500.webp,256 GB,Good,False,iPhone 15 Pro,,,,,,,,,True,,,,,,,,
2,Apple 90%+ iPhone 15 Pro 1TB Unlocked A2848 (Black Titanium) w/Year Warranty,$726.13,2025-08-07,https://www.ebay.com/itm/376343837378,https://i.ebayimg.com/images/g/vfsAAOSwGsdoUE1W/s-l500.webp,Unknown,Unknown,False,iPhone 15 Pro,,,,,,,,,True,,,,,,,,
2,Apple iPhone 15 Pro A2848 Unlocked 128GB Blue Titanium Good,$579.99,2025-08-04,https://www.ebay.com/itm/196477480049,https://i.ebayimg.com/images/g/JRUAAOSwnApmgwON/s-l500.webp,128 GB,Good,False,iPhone 15 Pro,,,,,,,,,True,,,,,,,,
2,Apple iPhone 15 Pro - 512GB Blue *UNLOCKED* [eSIM Only A2848] Very Good Refurb,$666.99,2025-08-03,https://www.ebay.com/itm/146355511607,https://i.ebayimg.com/images/g/CFoAAOSwR8FmYMO3/s-l500.webp,512 GB,Very Good,False,iPhone 15 Pro,,,,,,,,,True,,,,,,,,
2,Apple iPhone 15 Pro A2848 Unlocked 128GB Natural Titanium Very Good,$609.99,2025-08-02,https://www.ebay.com/itm/176451043965,https://i.ebayimg.com/images/g/wnMAAOSwzC1mgxBX/s-l500.webp,128 GB,Very Good,False,iPhone 15 Pro,,,,,,,,,True,,,,,,,,
2,Apple iPhone 15 Pro 128GB GSM Unlocked AT&T T-Mobile Very Good Condition,$579.95,2025-08-01,https://www.ebay.com/itm/305576541369,https://i.ebayimg.com/images/g/TPMAAOSwtRhmazcY/s-l500.webp,128 GB,Very Good,False,iPhone 15 Pro,,,,,,,,,True,,,,,,,,
2,Apple iPhone 15 Pro - 256GB - Unlocked - Black Titanium - Very Good,$629.00,2025-08-01,https://www.ebay.com/itm/276426914231,https://i.ebayimg.com/images/g/eZkAAOSwcAZlgzv1/s-l500.webp,256 GB,Very Good,False,iPhone 15 Pro,,,,,,,,,True,,,,,,,,
2,Apple iPhone 15 Pro 128GB Unlocked eSim Only A2848 Blue Titanium Very Good,$579.99,2025-08-01,https://www.ebay.com/itm/146685760686,https://i.ebayimg.com/images/g/unsAAeSwJMZoZY2o/s-l500.webp,128 GB,Very Good,False,iPhone 15 Pro,,,,,,,,,True,,,,,,,,
2,Apple iPhone 15 Pro 128GB Unlocked eSim Only A2848 Blue Titanium Good,$584.99,2025-08-01,https://www.ebay.com/itm/146714953000,https://i.ebayimg.com/images/g/unsAAeSwJMZoZY2o/s-l500.webp,128 GB,Good,False,iPhone 15 Pro,,,,,,,,,True,,,,,,,,
2,Apple iPhone 15 Pro A2848 Unlocked 128GB Blue Titanium Very Good,$604.99,2025-07-31,https://www.ebay.com/itm/196479050791,https://i.ebayimg.com/images/g/-uEAAOSwWvZmhAjl/s-l500.webp,128 GB,Very Good,False,iPhone 15 Pro,,,,,,,,,True,,,,,,,,
2,Apple iPhone 15 Pro - Unlocked - 256GB - White Titanium - Very Good,$642.00,2025-07-31,https://www.ebay.com/itm/276436922987,https://i.ebayimg.com/images/g/kOcAAOSwPKtlg0XY/s-l500.webp,256 GB,Very Good,False,iPhone 15 Pro,,,,,,,,,True,,,,,,,,
2,Apple iPhone 15 Pro 1TB Unlocked Excellent Condition - All Colors,$819.99,2025-07-31,https://www.ebay.com/itm/296097781953,https://i.ebayimg.com/images/g/ntYAAOSwn3Vlc1K3/s-l500.webp,Unknown,Excellent,False,iPhone 15 Pro,,,,,,,,,True,,,,,,,,
2,Apple iPhone 15 Pro - 512GB - Natural Titanium (Unlocked) - Excellent,$729.00,2025-07-30,https://www.ebay.com/itm/276781817566,https://i.ebayimg.com/images/g/5zkAAOSwsWRlxRGs/s-l500.webp,512 GB,Excellent,False,iPhone 15 Pro,,,,,,,,,True,,,,,,,,
2,Apple iPhone 15 Pro - 1TB Blue *UNLOCKED* [eSIM Only A2848] Very Good Refurb,$789.99,2025-07-29,https://www.ebay.com/itm/145816720192,https://i.ebayimg.com/images/g/CFoAAOSwR8FmYMO3/s-l500.webp,Unknown,Very Good,False,iPhone 15 Pro,,,,,,,,,True,,,,,,,,
2,"Apple iPhone 15 Pro 512GB Unlocked 6.1"" (Black Titanium) A2848 - w/Year Warranty",$674.56,2025-07-25,https://www.ebay.com/itm/146653028574,https://i.ebayimg.com/images/g/KFoAAOSwtLloUDYg/s-l500.webp,512 GB,Unknown,False,iPhone 15 Pro,,,,,,,,,True,,,,,,,,
1,Apple iPhone 16 Pro 1TB Unlocked AT&T T-Mobile Verizon Excellent Condition,$929.95,2025-10-22,https://www.ebay.com/itm/296797747450,https://i.ebayimg.com/images/g/U7MAAOSwM5ZnNhmk/s-l500.webp,Unknown,Excellent,False,iPhone 16 Pro,,,,,,,,,,True,,,,,,,
1,Apple iPhone 16 Pro 128GB Unlocked AT&T T-Mobile Verizon Excellent Condition,$723.95,2025-10-22,https://www.ebay.com/itm/296832980312,https://i.ebayimg.com/images/g/IPQAAOSwty9nQL68/s-l140.webp,128 GB,Excellent,False,iPhone 16 Pro,,,,,,,,,,True,,,,,,,
1,Apple iPhone 16 Pro 256GB Unlocked AT&T T-Mobile Verizon Very Good Condition,$755.95,2025-10-22,https://www.ebay.com/itm/296803620749,https://i.ebayimg.com/images/g/-fEAAOSwPRpnNhmt/s-l140.webp,256 GB,Very Good,False,iPhone 16 Pro,,,,,,,,,,True,,,,,,,
1,Apple iPhone 16 Pro 256GB Unlocked Excellent Condition,$767.99,2025-10-22,https://www.ebay.com/itm/226983072197,https://i.ebayimg.com/images/g/m6EAAeSwSwVoi5ya/s-l140.webp,256 GB,Excellent,False,iPhone 16 Pro,,,,,,,,,,True,,,,,,,
1,Apple iPhone 16 Pro 128GB Unlocked Very Good Condition,$676.99,2025-10-22,https://www.ebay.com/itm/356605660694,https://i.ebayimg.com/images/g/mSMAAeSwZ6JnvQH9/s-l140.webp,128 GB,Very Good,False,iPhone 16 Pro,,,,,,,,,,True,,,,,,,
1,Apple iPhone 16 Pro 512GB Unlocked Excellent Condition,$827.99,2025-10-22,https://www.ebay.com/itm/226982780238,https://i.ebayimg.com/images/g/m6EAAeSwSwVoi5ya/s-l140.webp,512 GB,Excellent,False,iPhone 16 Pro,,,,,,,,,,True,,,,,,,
1,Apple iPhone 16 Pro - Unlocked - Black Titanium - 256GB - Excellent,$825.00,2025-10-22,https://www.ebay.com/itm/276866539573,https://i.ebayimg.com/images/g/2-MAAOSwoe1m~YPt/s-l140.webp,256 GB,Excellent,False,iPhone 16 Pro,,,,,,,,,,True,,,,,,,
1,Apple iPhone 16 Pro 512GB Unlocked Excellent Condition - All Colors,$879.99,2025-10-22,https://www.ebay.com/itm/286202257228,https://i.ebayimg.com/images/g/ecgAAOSwMutnUyj~/s-l140.webp,512 GB,Excellent,False,iPhone 16 Pro,,,,,,,,,,True,,,,,,,
1,Apple iPhone 16 Pro 256GB Unlocked Very Good Condition,$789.99,2025-10-22,https://www.ebay.com/itm/356605638056,https://i.ebayimg.com/images/g/2eIAAeSwGAhnvP6Q/s-l140.webp,256 GB,Very Good,False,iPhone 16 Pro,,,,,,,,,,True,,,,,,,
1,Apple iPhone 16 Pro 128GB Unlocked Excellent Condition,$745.99,2025-10-22,https://www.ebay.com/itm/356605645197,https://i.ebayimg.com/images/g/rZAAAeSwuxdnvQAN/s-l140.webp,128 GB,Excellent,False,iPhone 16 Pro,,,,,,,,,,True,,,,,,,
1,Apple iPhone 16 Pro 256GB Unlocked AT&T T-Mobile Verizon Excellent Condition,$791.95,2025-10-22,https://www.ebay.com/itm/305941852056,https://i.ebayimg.com/images/g/9PAAAOSwaANnSg38/s-l140.webp,256 GB,Excellent,False,iPhone 16 Pro,,,,,,,,,,True,,,,,,,
1,Apple iPhone 16 Pro 256GB Fully Unlocked Good Condition,$719.00,2025-10-22,https://www.ebay.com/itm/227030018202,https://i.ebayimg.com/images/g/m6EAAeSwSwVoi5ya/s-l140.webp,256 GB,Good,False,iPhone 16 Pro,,,,,,,,,,True,,,,,,,
1,Apple iPhone 16 Pro 128GB Unlocked Good Condition,$689.00,2025-10-22,https://www.ebay.com/itm/227011331719,https://i.ebayimg.com/images/g/m6EAAeSwSwVoi5ya/s-l140.webp,128 GB,Good,False,iPhone 16 Pro,,,,,,,,,,True,,,,,,,
1,Apple iPhone 16 Pro 256GB Unlocked Excellent Condition,$809.99,2025-10-22,https://www.ebay.com/itm/356605674518,https://i.ebayimg.com/images/g/om8AAeSwW5JnvQOr/s-l140.webp,256 GB,Excellent,False,iPhone 16 Pro,,,,,,,,,,True,,,,,,,
1,Apple iPhone 16 Pro 128GB Unlocked Excellent Condition - All Colors,$734.99,2025-10-22,https://www.ebay.com/itm/296862911104,https://i.ebayimg.com/images/g/0T4AAOSwkEdnUyiv/s-l140.webp,128 GB,Excellent,False,iPhone 16 Pro,,,,,,,,,,True,,,,,,,
1,Apple iPhone 16 Pro 512GB Factory Unlocked AT&T T-Mobile Verizon Good Condition,$753.95,2025-10-22,https://www.ebay.com/itm/306205129053,https://i.ebayimg.com/images/g/MjsAAOSwIFhn5V5K/s-l140.webp,512 GB,Good,False,iPhone 16 Pro,,,,,,,,,,True,,,,,,,
1,Apple iPhone 16 Pro 512GB Unlocked AT&T T-Mobile Verizon Very Good Condition,$790.95,2025-10-21,https://www.ebay.com/itm/296803620910,https://i.ebayimg.com/images/g/BdkAAOSwY05nNhm3/s-l140.webp,512 GB,Very Good,False,iPhone 16 Pro,,,,,,,,,,True,,,,,,,
1,Apple iPhone 16 Pro 128GB Unlocked Very Good Condition,$699.00,2025-10-21,https://www.ebay.com/itm/226983040500,https://i.ebayimg.com/images/g/m6EAAeSwSwVoi5ya/s-l140.webp,128 GB,Very Good,False,iPhone 16 Pro,,,,,,,,,,True,,,,,,,
1,Apple iPhone 16 Pro 256GB Unlocked Very Good Condition - All Colors,$749.99,2025-10-21,https://www.ebay.com/itm/276823890797,https://i.ebayimg.com/images/g/vhoAAOSwW1VnjoyB/s-l140.webp,256 GB,Very Good,False,iPhone 16 Pro,,,,,,,,,,True,,,,,,,
1,Apple iPhone 16 Pro 128GB Unlocked Very Good Condition - All Colors,$699.99,2025-10-21,https://www.ebay.com/itm/276815520436,https://i.ebayimg.com/images/g/0tUAAOSwZVRnhTs~/s-l140.webp,128 GB,Very Good,False,iPhone 16 Pro,,,,,,,,,,True,,,,,,,
1,Apple iPhone 16 Pro 128GB Unlocked Excellent Condition,$719.00,2025-10-21,https://www.ebay.com/itm/226982765337,https://i.ebayimg.com/images/g/m6EAAeSwSwVoi5ya/s-l140.webp,128 GB,Excellent,False,iPhone 16 Pro,,,,,,,,,,True,,,,,,,
1,Apple iPhone 16 Pro 512GB Unlocked AT&T T-Mobile Verizon Excellent Condition,$836.95,2025-10-21,https://www.ebay.com/itm/296803621188,https://i.ebayimg.com/images/g/BXAAAOSwxItnNhnA/s-l140.webp,512 GB,Excellent,False,iPhone 16 Pro,,,,,,,,,,True,,,,,,,
1,Apple iPhone 16 Pro 256GB Unlocked Good Condition - All Colors,$719.99,2025-10-21,https://www.ebay.com/itm/297124251895,https://i.ebayimg.com/images/g/8P4AAeSwtfhn2Fsg/s-l140.webp,256 GB,Good,False,iPhone 16 Pro,,,,,,,,,,True,,,,,,,
1,Apple iPhone 16 Pro 128GB Unlocked AT&T T-Mobile Verizon Very Good Condition,$694.95,2025-10-21,https://www.ebay.com/itm/306008182029,https://i.ebayimg.com/images/g/1xAAAOSw76xncs2~/s-l140.webp,128 GB,Very Good,False,iPhone 16 Pro,,,,,,,,,,True,,,,,,,
1,Apple iPhone 16 Pro 1TB Unlocked AT&T T-Mobile Verizon Very Good Condition,$882.95,2025-10-21,https://www.ebay.com/itm/305888203348,https://i.ebayimg.com/images/g/EtcAAOSwQI1nNhl~/s-l140.webp,Unknown,Very Good,False,iPhone 16 Pro,,,,,,,,,,True,,,,,,,
1,"Apple iPhone 16 Pro UNLOCKED - 256GB, 512GB E-sim - Excellent Condition",$780.00,2025-10-21,https://www.ebay.com/itm/167510020614,https://i.ebayimg.com/images/g/9qMAAOSwYQtoImta/s-l140.webp,256 GB,Excellent,False,iPhone 16 Pro,,,,,,,,,,True,,,,,,,
1,Apple iPhone 16 Pro 256GB Unlocked Very Good Condition,$729.00,2025-10-20,https://www.ebay.com/itm/227006247588,https://i.ebayimg.com/images/g/m6EAAeSwSwVoi5ya/s-l140.webp,256 GB,Very Good,False,iPhone 16 Pro,,,,,,,,,,True,,,,,,,
1,Apple iPhone 16 Pro 128GB Factory Unlocked AT&T T-Mobile Verizon Good Condition,$685.95,2025-10-20,https://www.ebay.com/itm/296993628795,https://i.ebayimg.com/images/g/VN0AAOSwZjBnpk~w/s-l140.webp,128 GB,Good,False,iPhone 16 Pro,,,,,,,,,,True,,,,,,,
1,Apple iPhone 16 Pro - Unlocked - Desert Titanium - 128GB - Excellent,$729.00,2025-10-19,https://www.ebay.com/itm/276836684190,https://i.ebayimg.com/images/g/I-4AAOSwmcJnLmuU/s-l140.webp,128 GB,Excellent,False,iPhone 16 Pro,,,,,,,,,,True,,,,,,,
1,Apple iPhone 16 Pro 256GB Unlocked eSim Only Black Titanium A3083 Good,$709.99,2025-10-19,https://www.ebay.com/itm/146869125906,https://i.ebayimg.com/images/g/zPQAAeSwAjJojQpg/s-l140.webp,256 GB,Good,False,iPhone 16 Pro,,,,,,,,,,True,,,,,,,
1,Apple iPhone 16 Pro 256GB Unlocked Excellent Condition - All Colors,$799.99,2025-10-19,https://www.ebay.com/itm/276773332262,https://i.ebayimg.com/images/g/ovkAAOSwoWpnVx2z/s-l140.webp,256 GB,Excellent,False,iPhone 16 Pro,,,,,,,,,,True,,,,,,,
1,Apple iPhone 16 Pro 256GB Unlocked eSim Only Black Titanium A3083 Excellent,$769.95,2025-10-18,https://www.ebay.com/itm/405522187903,https://i.ebayimg.com/images/g/4CcAAOSwJ-xnovFP/s-l140.webp,256 GB,Excellent,False,iPhone 16 Pro,,,,,,,,,,True,,,,,,,
1,"Apple iPhone 16 Pro 512GB Unlocked 6.3"" - (Black Titanium) A3083 w/Year Warranty",$787.05,2025-10-17,https://www.ebay.com/itm/376624871614,https://i.ebayimg.com/images/g/N3kAAeSwgEBo7~vj/s-l140.webp,512 GB,Unknown,False,iPhone 16 Pro,,,,,,,,,,True,,,,,,,
1,Apple iPhone 16 Pro 128GB Unlocked Good Condition - All Colors,$689.99,2025-10-17,https://www.ebay.com/itm/286609169200,https://i.ebayimg.com/images/g/oAQAAeSwHWxoOcTC/s-l140.webp,128 GB,Good,False,iPhone 16 Pro,,,,,,,,,,True,,,,,,,
1,Apple iPhone 16 Pro 256GB Desert Titanium Unlocked Excellent Condition,$799.99,2025-10-17,https://www.ebay.com/itm/296856080582,https://i.ebayimg.com/images/g/FbsAAOSwZA1nTzdN/s-l140.webp,256 GB,Excellent,False,iPhone 16 Pro,,,,,,,,,,True,,,,,,,
1,Apple iPhone 16 Pro 512GB Unlocked eSim Only White Titanium A3083 Excellent,$854.99,2025-10-17,https://www.ebay.com/itm/406271566761,https://i.ebayimg.com/images/g/vf4AAeSwln9o5i0v/s-l140.webp,512 GB,Excellent,False,iPhone 16 Pro,,,,,,,,,,True,,,,,,,
1,Apple iPhone 16 Pro - Unlocked - White Titanium - 128GB - Very Good,$699.00,2025-10-16,https://www.ebay.com/itm/277270151339,https://i.ebayimg.com/images/g/rHkAAOSwZstnBApP/s-l140.webp,128 GB,Very Good,False,iPhone 16 Pro,,,,,,,,,,True,,,,,,,
1,Unlocked Apple iPhone 16 Pro - 256GB - Black Titanium - MYMG3LL/A,$874.99,2025-03-17,https://www.ebay.com/itm/186898045063,https://i.ebayimg.com/images/g/DPsAAOSwq9loENSP/s-l140.webp,256 GB,Unknown,False,iPhone 16 Pro,,,,,,,,,,True,,,,,,,
1,Apple iPhone 16 Pro 1TB Unlocked Excellent Condition - All Colors,$999.99,2025-10-16,https://www.ebay.com/itm/286251111026,https://i.ebayimg.com/images/g/asgAAOSwekNnfBXR/s-l140.webp,Unknown,Excellent,False,iPhone 16 Pro,,,,,,,,,,True,,,,,,,
1,"Apple iPhone 16 Pro, 1TB - 6.3"" - Fully Unlocked - Titanium Black - Excellent","$1,040.00",2025-10-16,https://www.ebay.com/itm/406269876629,https://i.ebayimg.com/images/g/1l0AAeSwg41o5Vkd/s-l140.webp,Unknown,Excellent,False,iPhone 16 Pro,,,,,,,,,,True,,,,,,,
1,Apple iPhone 16 Pro 256GB Black Titanium Unlocked Excellent Cond. 90%+ Battery,$849.99,2025-10-15,https://www.ebay.com/itm/277426446326,https://i.ebayimg.com/images/g/NKMAAeSwP6ho7Ref/s-l140.webp,256 GB,Excellent,False,iPhone 16 Pro,,,,,,,,,,True,,,,,,,
1,Apple iPhone 16 Pro - 128GB - White Titanium (Unlocked) - Very Good Condition,$719.99,2025-10-15,https://www.ebay.com/itm/306528008562,https://i.ebayimg.com/images/g/n8IAAeSw2zNo1jYF/s-l140.webp,128 GB,Very Good,False,iPhone 16 Pro,,,,,,,,,,True,,,,,,,
1,Apple iPhone 16 Pro - 128GB - White Titanium (Unlocked) - 90%+ Battery Very Good,$709.00,2025-10-15,https://www.ebay.com/itm/336224001002,https://i.ebayimg.com/images/g/~zkAAeSwb69o53LQ/s-l140.webp,128 GB,Very Good,False,iPhone 16 Pro,,,,,,,,,,True,,,,,,,
1,Apple iPhone 16 Pro A3083 Unlocked 512GB Desert Titanium Excellent,$989.99,2025-03-18,https://www.ebay.com/itm/176682952937,https://i.ebayimg.com/images/g/LFIAAOSwzqVnNq8V/s-l140.webp,512 GB,Excellent,False,iPhone 16 Pro,,,,,,,,,,True,,,,,,,
1,Apple iPhone 16 Pro A3083 Unlocked 128GB Natural Titanium Excellent,$754.99,2025-04-10,https://www.ebay.com/itm/176682935335,https://i.ebayimg.com/images/g/IVMAAOSwirtnNqsb/s-l140.webp,128 GB,Excellent,False,iPhone 16 Pro,,,,,,,,,,True,,,,,,,
2,Apple iPhone 16 Pro - Unlocked - Black Titanium - 128GB - Good,$685.00,2025-10-14,https://www.ebay.com/itm/286425237968,https://i.ebayimg.com/images/g/2-MAAOSwoe1m~YPt/s-l500.webp,128 GB,Good,False,iPhone 16 Pro,,,,,,,,,,True,,,,,,,
2,"Apple iPhone 16 Pro (128GB, 8GB) 6.3"", iOS 18, 5G / 4G LTE GSM+ Verizon Unlocked",$764.39,2025-10-14,https://www.ebay.com/itm/136534090827,https://i.ebayimg.com/images/g/YQwAAeSwrXFo3ZP6/s-l500.webp,128 GB,Unknown,False,iPhone 16 Pro,,,,,,,,,,True,,,,,,,
2,Apple iPhone 16 Pro - 128GB - White Titanium (Unlocked) - 90%+ Battery Excellent,$739.00,2025-10-12,https://www.ebay.com/itm/336223995282,https://i.ebayimg.com/images/g/hgQAAeSwjmBo53Fw/s-l500.webp,128 GB,Excellent,False,iPhone 16 Pro,,,,,,,,,,True,,,,,,,
2,"Apple iPhone 16 Pro, 1TB - 6.3"" - Fully Unlocked - Titanium Desert - Excellent",$950.00,2025-10-11,https://www.ebay.com/itm/406253377338,https://i.ebayimg.com/images/g/eZcAAeSwXZlo3Am6/s-l500.webp,Unknown,Excellent,False,iPhone 16 Pro,,,,,,,,,,True,,,,,,,
2,Apple iPhone 16 Pro 256GB Unlocked eSim Only Natural Titanium A3083 Excellent,$784.95,2025-10-10,https://www.ebay.com/itm/406272322365,https://i.ebayimg.com/images/g/ef8AAeSw7EFo5nTT/s-l500.webp,256 GB,Excellent,False,iPhone 16 Pro,,,,,,,,,,True,,,,,,,
2,Apple iPhone 16 Pro 128GB 256GB 512GB Unlocked Smartphone - Very Good,$844.99,2025-09-03,https://www.ebay.com/itm/157291637943,https://i.ebayimg.com/images/g/IDQAAOSwb5ZoJhTA/s-l500.webp,128 GB,Very Good,False,iPhone 16 Pro,,,,,,,,,,True,,,,,,,
2,Apple iPhone 16 Pro 128GB 256GB 512GB Unlocked Smartphone - Good,$784.99,2025-09-22,https://www.ebay.com/itm/157308813226,https://i.ebayimg.com/images/g/IDQAAOSwb5ZoJhTA/s-l500.webp,128 GB,Good,False,iPhone 16 Pro,,,,,,,,,,True,,,,,,,
2,Apple iPhone 16 Pro 256GB Natural Titanium Fully Unlocked Any Carrier Excellent,$829.00,2025-10-10,https://www.ebay.com/itm/127423871663,https://i.ebayimg.com/images/g/M~QAAOSwnmRnkRWj/s-l500.webp,256 GB,Excellent,False,iPhone 16 Pro,,,,,,,,,,True,,,,,,,
2,Apple iPhone 16 Pro - Unlocked - Black Titanium - 256GB - Good,$745.00,2025-10-09,https://www.ebay.com/itm/286738836075,https://i.ebayimg.com/images/g/2-MAAOSwoe1m~YPt/s-l500.webp,256 GB,Good,False,iPhone 16 Pro,,,,,,,,,,True,,,,,,,
2,Apple iPhone 16 Pro A3083 Unlocked 256GB Black Titanium Good,$700.99,2025-10-08,https://www.ebay.com/itm/186767003324,https://i.ebayimg.com/images/g/~00AAOSwTbFnK~VH/s-l500.webp,256 GB,Good,False,iPhone 16 Pro,,,,,,,,,,True,,,,,,,
2,Apple iPhone 16 Pro 1TB Black Titanium (Unlocked) - Very Good,"$1,048.99",2025-10-08,https://www.ebay.com/itm/167753060274,https://i.ebayimg.com/images/g/YtwAAeSwBexosdPn/s-l500.webp,Unknown,Very Good,False,iPhone 16 Pro,,,,,,,,,,True,,,,,,,
2,Apple iPhone 16 Pro - Unlocked - Natural Titanium - 128GB - Excellent,$729.00,2025-10-08,https://www.ebay.com/itm/276845943020,https://i.ebayimg.com/images/g/J78AAOSwt-FnPhCH/s-l500.webp,128 GB,Excellent,False,iPhone 16 Pro,,,,,,,,,,True,,,,,,,
2,Apple iPhone 16 Pro A3083 128GB Unlocked Excellent Condition,$762.35,2025-08-10,https://www.ebay.com/itm/388200297749,https://i.ebayimg.com/images/g/3akAAeSwwetowE5C/s-l500.webp,128 GB,Excellent,False,iPhone 16 Pro,,,,,,,,,,True,,,,,,,
2,"Apple iPhone 16 Pro (256GB, 8GB) 6.3"", iOS 18, 5G LTE Fully Unlocked US Model",$803.59,2025-10-07,https://www.ebay.com/itm/136534136898,https://i.ebayimg.com/images/g/~Y8AAeSwR3Jo3ZcJ/s-l500.webp,256 GB,Unknown,False,iPhone 16 Pro,,,,,,,,,,True,,,,,,,
2,Apple iPhone 16 Pro 1TB Black Titanium (Unlocked / A3083) MYMQ3LL/A AppleCare+,"$1,099.00",2025-10-05,https://www.ebay.com/itm/146868578169,https://i.ebayimg.com/images/g/4e0AAOSwO6FnUevF/s-l500.webp,Unknown,Unknown,False,iPhone 16 Pro,,,,,,,,,,True,,,,,,,
2,Apple iPhone 16 Pro - 128 GB - Black Titanium (Unlocked) Good Condition,$689.99,2025-10-05,https://www.ebay.com/itm/286697876422,https://i.ebayimg.com/images/g/vgcAAeSwJR5obr09/s-l500.webp,128 GB,Good,False,iPhone 16 Pro,,,,,,,,,,True,,,,,,,
2,"Apple iPhone 16 Pro 512GB Black Unlocked, A-Grade Refurbished",$888.00,2025-10-04,https://www.ebay.com/itm/236189309528,https://i.ebayimg.com/images/g/RZIAAOSwznxoW~FP/s-l500.webp,512 GB,Unknown,False,iPhone 16 Pro,,,,,,,,,,True,,,,,,,
2,Apple iPhone 16 Pro 1TB Unlocked Black White Natural Desert Titanium - Excellent,"$1,086.99",2025-10-04,https://www.ebay.com/itm/167476951712,https://i.ebayimg.com/images/g/1HwAAOSwLiZoC7ch/s-l500.webp,Unknown,Excellent,False,iPhone 16 Pro,,,,,,,,,,True,,,,,,,
2,Apple iPhone 16 Pro - Unlocked - White Titanium - 128GB - Excellent,$729.00,2025-10-02,https://www.ebay.com/itm/276907057219,https://i.ebayimg.com/images/g/rHkAAOSwZstnBApP/s-l500.webp,128 GB,Excellent,False,iPhone 16 Pro,,,,,,,,,,True,,,,,,,
2,Apple iPhone 16 Pro 256GB Factory Unlocked AT&T T-Mobile Verizon Good Condition,$716.95,2025-10-01,https://www.ebay.com/itm/296875370395,https://i.ebayimg.com/images/g/TQkAAOSwkSlnWjuS/s-l500.webp,256 GB,Good,False,iPhone 16 Pro,,,,,,,,,,True,,,,,,,
2,Apple iPhone 16 Pro - Unlocked - Black Titanium - 128GB - Excellent,$729.00,2025-09-27,https://www.ebay.com/itm/286292188914,https://i.ebayimg.com/images/g/2-MAAOSwoe1m~YPt/s-l500.webp,128 GB,Excellent,False,iPhone 16 Pro,,,,,,,,,,True,,,,,,,
2,Apple iPhone 16 Pro - Unlocked - Desert Titanium - 128GB - Very Good,$699.00,2025-09-26,https://www.ebay.com/itm/277040358915,https://i.ebayimg.com/images/g/I-4AAOSwmcJnLmuU/s-l500.webp,128 GB,Very Good,False,iPhone 16 Pro,,,,,,,,,,True,,,,,,,
2,Apple iPhone 16 Pro 512GB Natural Titanium (Unlocked) - Very Good,$957.99,2025-09-26,https://www.ebay.com/itm/157308840945,https://i.ebayimg.com/images/g/UfAAAeSwiGdowG0l/s-l500.webp,512 GB,Very Good,False,iPhone 16 Pro,,,,,,,,,,True,,,,,,,
2,"Apple iPhone 16 Pro 6.3"" Verizon AT&T T-Mobile GSM Factory Unlocked Phone 5G",$799.95,2025-09-24,https://www.ebay.com/itm/167476892045,https://i.ebayimg.com/images/g/3PwAAOSwZtZoD-m2/s-l500.webp,Unknown,Unknown,False,iPhone 16 Pro,,,,,,,,,,True,,,,,,,
2,Apple iPhone 16 Pro - Unlocked - Black Titanium - 512GB - Very Good,$879.00,2025-09-23,https://www.ebay.com/itm/276964608048,https://i.ebayimg.com/images/g/2-MAAOSwoe1m~YPt/s-l500.webp,512 GB,Very Good,False,iPhone 16 Pro,,,,,,,,,,True,,,,,,,
2,Apple iPhone 16 Pro - Unlocked - Natural Titanium - 256GB - Excellent,$825.00,2025-09-23,https://www.ebay.com/itm/286364925040,https://i.ebayimg.com/images/g/J78AAOSwt-FnPhCH/s-l500.webp,256 GB,Excellent,False,iPhone 16 Pro,,,,,,,,,,True,,,,,,,
2,Apple iPhone 16 Pro 512GB Unlocked Very Good Condition - All Colors,$829.99,2025-09-21,https://www.ebay.com/itm/286244152920,https://i.ebayimg.com/images/g/egQAAOSwrmRndqxP/s-l500.webp,512 GB,Very Good,False,iPhone 16 Pro,,,,,,,,,,True,,,,,,,
2,Apple iPhone 16 Pro 1TB Factory Unlocked AT&T T-Mobile Verizon Good Condition,$853.95,2025-09-17,https://www.ebay.com/itm/306282026577,https://i.ebayimg.com/images/g/qGAAAOSwl7ZoFM3G/s-l500.webp,Unknown,Good,False,iPhone 16 Pro,,,,,,,,,,True,,,,,,,
2,Apple iPhone 16 Pro 128GB - Black Titanium (Unlocked) (eSim Only) Excellent,$744.95,2025-09-13,https://www.ebay.com/itm/405475742019,https://i.ebayimg.com/images/g/JNIAAOSwGXVnhSwc/s-l500.webp,128 GB,Excellent,False,iPhone 16 Pro,,,,,,,,,,True,,,,,,,
2,Apple iPhone 16 Pro 1TB Titanium (Unlocked) - Very Good,"$1,064.99",2025-09-12,https://www.ebay.com/itm/167423701913,https://i.ebayimg.com/images/g/YrsAAOSwn-Rn7bhg/s-l500.webp,Unknown,Very Good,False,iPhone 16 Pro,,,,,,,,,,True,,,,,,,
2,Apple iPhone 16 Pro 1TB Black Titanium (Unlocked) - Good,$965.99,2025-09-12,https://www.ebay.com/itm/167780459475,https://i.ebayimg.com/images/g/YkoAAeSwFIFowGzd/s-l500.webp,Unknown,Good,False,iPhone 16 Pro,,,,,,,,,,True,,,,,,,
2,Apple iPhone 16 Pro - 256 GB - Black Titanium (Unlocked) Very Good Condition,$774.99,2025-09-11,https://www.ebay.com/itm/286762065662,https://i.ebayimg.com/images/g/AlAAAeSwMbpom1qh/s-l500.webp,256 GB,Very Good,False,iPhone 16 Pro,,,,,,,,,,True,,,,,,,
2,Apple iPhone 16 Pro - Unlocked - White Titanium - 512GB - Excellent,$929.00,2025-09-09,https://www.ebay.com/itm/277273774805,https://i.ebayimg.com/images/g/rHkAAOSwZstnBApP/s-l500.webp,512 GB,Excellent,False,iPhone 16 Pro,,,,,,,,,,True,,,,,,,
2,Apple iPhone 16 Pro A3083 Unlocked 128GB White Titanium CPO,$704.99,2025-09-06,https://www.ebay.com/itm/187435382427,https://i.ebayimg.com/images/g/mXcAAeSwkuRogTkX/s-l500.webp,128 GB,Unknown,False,iPhone 16 Pro,,,,,,,,,,True,,,,,,,
2,Apple iPhone 16 Pro 512GB (Unlocked) eSim Only Desert Titanium A3083 Excellent,$899.95,2025-09-05,https://www.ebay.com/itm/146597027911,https://i.ebayimg.com/images/g/prMAAOSwC1toLclJ/s-l500.webp,512 GB,Excellent,False,iPhone 16 Pro,,,,,,,,,,True,,,,,,,
2,Apple iPhone 16 Pro 512GB Black Titanium (Unlocked / A3083) MYML3LL/A,"$1,009.00",2025-09-04,https://www.ebay.com/itm/127274563355,https://i.ebayimg.com/images/g/4e0AAOSwO6FnUevF/s-l500.webp,512 GB,Unknown,False,iPhone 16 Pro,,,,,,,,,,True,,,,,,,
2,"Apple iPhone 16 Pro 6.3"" 1TB 48MP 5G Black Titanium Carrier Unlocked eSIM","$1,029.99",2025-09-03,https://www.ebay.com/itm/205658535857,https://i.ebayimg.com/images/g/iekAAOSw5Aln0yJb/s-l500.webp,Unknown,Unknown,False,iPhone 16 Pro,,,,,,,,,,True,,,,,,,
2,Apple iPhone 16 Pro - Unlocked - Natural Titanium - 128GB - Very Good,$699.00,2025-09-03,https://www.ebay.com/itm/277064783448,https://i.ebayimg.com/images/g/J78AAOSwt-FnPhCH/s-l500.webp,128 GB,Very Good,False,iPhone 16 Pro,,,,,,,,,,True,,,,,,,
2,Apple iPhone 16 Pro 128GB 256GB 512GB 5G Fully Unlocked Very Good Condition,$819.99,2025-09-02,https://www.ebay.com/itm/286398710238,https://i.ebayimg.com/images/g/re8AAOSwgmhnj9mm/s-l500.webp,128 GB,Very Good,False,iPhone 16 Pro,,,,,,,,,,True,,,,,,,
2,Apple iPhone 16 Pro 1TB Unlocked Very Good Condition - All Colors,$999.99,2025-09-01,https://www.ebay.com/itm/297127403000,https://i.ebayimg.com/images/g/6rAAAeSw7~Nn20PV/s-l500.webp,Unknown,Very Good,False,iPhone 16 Pro,,,,,,,,,,True,,,,,,,
2,Apple iPhone 16 Pro - Unlocked - Desert Titanium - 256GB - Excellent,$825.00,2025-08-31,https://www.ebay.com/itm/286152838489,https://i.ebayimg.com/images/g/I-4AAOSwmcJnLmuU/s-l500.webp,256 GB,Excellent,False,iPhone 16 Pro,,,,,,,,,,True,,,,,,,
3,Apple iPhone 16 Pro 128GB Unlocked eSim Only Desert Titanium A3083 VERY GOOD,$729.95,2025-08-22,https://www.ebay.com/itm/127256287775,https://i.ebayimg.com/images/g/xgAAAOSwoJVoHJZq/s-l500.webp,128 GB,Unknown,False,iPhone 16 Pro,,,,,,,,,,True,,,,,,,
3,Apple iPhone 16 Pro 512GB (Unlocked) eSim Only Natural  Titanium A3083 Very Good,$864.95,2025-08-21,https://www.ebay.com/itm/146745247471,https://i.ebayimg.com/images/g/6V4AAeSwHhhogTtv/s-l500.webp,512 GB,Very Good,False,iPhone 16 Pro,,,,,,,,,,True,,,,,,,
3,Apple iPhone 16 Pro 256GB Unlocked eSim Only Desert Titanium A3083 Excellent,$829.95,2025-08-21,https://www.ebay.com/itm/405847274128,https://i.ebayimg.com/images/g/~b0AAOSwe~ZoHJY4/s-l500.webp,256 GB,Excellent,False,iPhone 16 Pro,,,,,,,,,,True,,,,,,,
3,Apple iPhone 16 Pro - Unlocked - Black Titanium - 512GB - Excellent,$929.00,2025-08-20,https://www.ebay.com/itm/276690517513,https://i.ebayimg.com/images/g/2-MAAOSwoe1m~YPt/s-l500.webp,512 GB,Excellent,False,iPhone 16 Pro,,,,,,,,,,True,,,,,,,
3,Apple iPhone 16 Pro 128GB Unlocked eSim Only Desert Titanium A3083 Excellent,$739.95,2025-08-20,https://www.ebay.com/itm/146743517316,https://i.ebayimg.com/images/g/xgAAAOSwoJVoHJZq/s-l500.webp,128 GB,Excellent,False,iPhone 16 Pro,,,,,,,,,,True,,,,,,,
3,Apple iPhone 16 Pro - Unlocked - Natural Titanium - 1TB - Excellent,"$1,029.00",2025-08-20,https://www.ebay.com/itm/286517383732,https://i.ebayimg.com/images/g/J78AAOSwt-FnPhCH/s-l500.webp,Unknown,Excellent,False,iPhone 16 Pro,,,,,,,,,,True,,,,,,,
3,Apple iPhone 16 Pro - 256GB - Natural Titanium (USA Unlocked ONLY) - Very Good,$839.99,2025-08-20,https://www.ebay.com/itm/306400948665,https://i.ebayimg.com/images/g/1P0AAOSwDRtnS0D6/s-l500.webp,256 GB,Very Good,False,iPhone 16 Pro,,,,,,,,,,True,,,,,,,
3,Apple iPhone 16 Pro 256GB Unlocked eSim Only White Titanium A3083 Very Good,$819.95,2025-08-16,https://www.ebay.com/itm/146758435695,https://i.ebayimg.com/images/g/hLoAAeSw3dVolPkh/s-l500.webp,256 GB,Very Good,False,iPhone 16 Pro,,,,,,,,,,True,,,,,,,
3,Apple iPhone 16 Pro 128GB - Black Titanium (Unlocked) (eSim Only) Very Good,$744.99,2025-08-14,https://www.ebay.com/itm/127279986401,https://i.ebayimg.com/images/g/JNIAAOSwGXVnhSwc/s-l500.webp,128 GB,Very Good,False,iPhone 16 Pro,,,,,,,,,,True,,,,,,,
3,Apple iPhone 16 Pro 256GB Unlocked eSim Only Black Titanium A3083 Very Good,$774.95,2025-08-11,https://www.ebay.com/itm/127282198520,https://i.ebayimg.com/images/g/zPQAAeSwAjJojQpg/s-l500.webp,256 GB,Very Good,False,iPhone 16 Pro,,,,,,,,,,True,,,,,,,
3,Apple iPhone 16 Pro A3083 Unlocked 128GB Black Titanium Very Good,$744.99,2025-08-11,https://www.ebay.com/itm/196787056326,https://i.ebayimg.com/images/g/z0oAAOSwsY5nK~Tr/s-l500.webp,128 GB,Very Good,False,iPhone 16 Pro,,,,,,,,,,True,,,,,,,
3,Apple iPhone 16 Pro - 512GB - Black Titanium -Unlocked-Excellent Condition-A3083,$969.00,2025-08-11,https://www.ebay.com/itm/297516485338,https://i.ebayimg.com/images/g/2NAAAeSw4~VokBvE/s-l500.webp,512 GB,Excellent,False,iPhone 16 Pro,,,,,,,,,,True,,,,,,,
3,Apple iPhone 16 Pro A3083 256GB Unlocked Excellent Condition,$781.12,2025-08-07,https://www.ebay.com/itm/388807427572,https://i.ebayimg.com/images/g/FGEAAeSw~NdolNYZ/s-l500.webp,256 GB,Excellent,False,iPhone 16 Pro,,,,,,,,,,True,,,,,,,
3,Apple iPhone 16 Pro 1TB Unlocked Good Condition - All Colors,$929.99,2025-08-06,https://www.ebay.com/itm/277215914255,https://i.ebayimg.com/images/g/ujEAAeSwUYpoUYX6/s-l500.webp,Unknown,Good,False,iPhone 16 Pro,,,,,,,,,,True,,,,,,,
3,Apple iPhone 16 Pro A3083 Unlocked 128GB Desert Titanium Excellent,$754.99,2025-08-04,https://www.ebay.com/itm/186783853000,https://i.ebayimg.com/images/g/IrQAAOSwzqVnNqqH/s-l500.webp,128 GB,Excellent,False,iPhone 16 Pro,,,,,,,,,,True,,,,,,,
3,"Apple iPhone 16 Pro, 512gb, Titanium - Unlocked - E sim version - Excellent","$1,049.99",2025-08-04,https://www.ebay.com/itm/156663399460,https://i.ebayimg.com/images/g/n54AAOSwNsVnm5Hg/s-l500.webp,512 GB,Excellent,False,iPhone 16 Pro,,,,,,,,,,True,,,,,,,
3,Apple iPhone 16 Pro A3083 Unlocked 256GB Desert Titanium Very Good,$824.99,2025-08-01,https://www.ebay.com/itm/196787055643,https://i.ebayimg.com/images/g/GUIAAOSwATRnK~T4/s-l500.webp,256 GB,Very Good,False,iPhone 16 Pro,,,,,,,,,,True,,,,,,,
3,Apple iPhone 16 Pro A3083 Unlocked 128GB Desert Titanium Very Good,$734.99,2025-07-31,https://www.ebay.com/itm/196787055401,https://i.ebayimg.com/images/g/RgYAAOSwAZBnK~Re/s-l500.webp,128 GB,Very Good,False,iPhone 16 Pro,,,,,,,,,,True,,,,,,,
3,Apple iPhone 16 Pro - 128 GB - White Titanium (Unlocked) (eSIM Only) Excellent,$789.95,2025-07-30,https://www.ebay.com/itm/127239548251,https://i.ebayimg.com/images/g/VTkAAeSwTctoeS0w/s-l500.webp,128 GB,Excellent,False,iPhone 16 Pro,,,,,,,,,,True,,,,,,,
3,Apple iPhone 16 Pro - A3083 - Unlocked - Excellent,$749.99,2025-07-30,https://www.ebay.com/itm/277088551997,https://i.ebayimg.com/images/g/RVIAAeSwSmBoGOq7/s-l500.webp,Unknown,Excellent,False,iPhone 16 Pro,,,,,,,,,,True,,,,,,,
3,Apple iPhone 16 Pro 256GB UnlockedCondition - Black Titanium,"$1,478.00",2025-07-30,https://www.ebay.com/itm/286737436790,https://i.ebayimg.com/images/g/PzoAAeSw~wZoiTDO/s-l500.webp,256 GB,Unknown,False,iPhone 16 Pro,,,,,,,,,,True,,,,,,,
3,Apple iPhone 16 Pro 512GB (Unlocked) eSim Only Natural  Titanium A3083 Excellent,$959.94,2025-07-29,https://www.ebay.com/itm/406072628523,https://i.ebayimg.com/images/g/6V4AAeSwHhhogTtv/s-l500.webp,512 GB,Excellent,False,iPhone 16 Pro,,,,,,,,,,True,,,,,,,
1,Apple iPhone 17 Pro - Unlocked - 256GB - Silver - Excellent,"$1,059.00",2025-10-21,https://www.ebay.com/itm/286890822891,https://i.ebayimg.com/images/g/HcUAAeSw9sdo-AKt/s-l500.webp,256 GB,Excellent,False,iPhone 17 Pro,,,,,,,,,,,True,,,,,,
1,Apple iPhone 17 Pro - 512 GB - Silver (Unlocked) Smartphone *Mint Condition! *,"$1,199.95",2025-10-18,https://www.ebay.com/itm/306554628532,https://i.ebayimg.com/images/g/yzEAAeSw7EFo8qfZ/s-l500.webp,512 GB,Unknown,False,iPhone 17 Pro,,,,,,,,,,,True,,,,,,
1,Apple iPhone 17 Pro 256GB Unlocked eSim Only Cosmic Orange A3256 Excellent,"$1,284.95",2025-10-05,https://www.ebay.com/itm/406254631675,https://i.ebayimg.com/images/g/r1wAAeSwxUxo3N1q/s-l500.webp,256 GB,Excellent,False,iPhone 17 Pro,,,,,,,,,,,True,,,,,,
1,Apple  iPhone 12 Pro Max 5G 128GB Factory Unlocked CDMA + GSM - EXCELLENT,$349.48,2025-10-22,https://www.ebay.com/itm/126285256277,https://i.ebayimg.com/images/g/uAkAAOSwDtFlx-LU/s-l140.webp,128 GB,Unknown,False,iPhone 12 Pro Max,,,,,,,,,,,,True,,,,,
1,Apple iPhone 12 Pro Max 128GB Unlocked AT&T T-Mobile Verizon Excellent Condition,$354.95,2025-10-22,https://www.ebay.com/itm/304231899441,https://i.ebayimg.com/images/g/RfEAAOSwsZZlDbw7/s-l140.webp,128 GB,Excellent,False,iPhone 12 Pro Max,,,,,,,,,,,,True,,,,,
1,Apple iPhone 12 Pro Max 256GB Unlocked Very Good Condition,$364.50,2025-10-22,https://www.ebay.com/itm/354393080164,https://i.ebayimg.com/images/g/JGoAAOSwlBJjcnuS/s-l140.webp,256 GB,Very Good,False,iPhone 12 Pro Max,,,,,,,,,,,,True,,,,,
1,Apple iPhone 12 Pro Max 128GB -Fully Unlocked - VERY GOOD Condition Unlocked,$344.99,2025-10-22,https://www.ebay.com/itm/225916599340,https://i.ebayimg.com/images/g/NaMAAOSwaSFlezVR/s-l140.webp,128 GB,Unknown,False,iPhone 12 Pro Max,,,,,,,,,,,,True,,,,,
1,Apple iPhone 12 Pro Max  128GB - Fully Unlocked - EXCELLENT Condition!!!,$354.99,2025-10-22,https://www.ebay.com/itm/225966696293,https://i.ebayimg.com/images/g/NaMAAOSwaSFlezVR/s-l140.webp,128 GB,Unknown,False,iPhone 12 Pro Max,,,,,,,,,,,,True,,,,,
1,Apple iPhone 12 Pro Max 128GB Unlocked - Excellent,$402.95,2025-10-22,https://www.ebay.com/itm/384501272640,https://i.ebayimg.com/images/g/ngcAAOSwy9RhkpBT/s-l140.webp,128 GB,Excellent,False,iPhone 12 Pro Max,,,,,,,,,,,,True,,,,,
1,Apple iPhone 12 Pro Max - 256GB - Pacific Blue (Unlocked) A2410 - Good Condition,$359.99,2025-10-22,https://www.ebay.com/itm/306560485099,https://i.ebayimg.com/images/g/LVgAAeSwVplo7jxR/s-l140.webp,256 GB,Good,False,iPhone 12 Pro Max,,,,,,,,,,,,True,,,,,
1,Apple iPhone 12 Pro Max 512GB Unlocked AT&T T-Mobile Verizon Excellent Condition,$385.95,2025-10-21,https://www.ebay.com/itm/294593510471,https://i.ebayimg.com/images/g/EG4AAOSwgudlDbxi/s-l140.webp,512 GB,Excellent,False,iPhone 12 Pro Max,,,,,,,,,,,,True,,,,,
1,Apple iPhone 12 Pro Max 256GB Unlocked AT&T T-Mobile Verizon Very Good Condition,$349.95,2025-10-21,https://www.ebay.com/itm/304392871216,https://i.ebayimg.com/images/g/pi0AAOSwKM1lDb0O/s-l140.webp,256 GB,Very Good,False,iPhone 12 Pro Max,,,,,,,,,,,,True,,,,,
1,Apple iPhone 12 Pro Max 256GB Unlocked AT&T T-Mobile Verizon Excellent Condition,$372.95,2025-10-21,https://www.ebay.com/itm/304293162426,https://i.ebayimg.com/images/g/09IAAOSw7mNlDbzE/s-l140.webp,256 GB,Excellent,False,iPhone 12 Pro Max,,,,,,,,,,,,True,,,,,
1,Apple iPhone 12 Pro Max 128GB Unlocked AT&T T-Mobile Verizon Very Good Condition,$326.95,2025-10-21,https://www.ebay.com/itm/294538089223,https://i.ebayimg.com/images/g/aTUAAOSw5OJlDbv4/s-l140.webp,128 GB,Very Good,False,iPhone 12 Pro Max,,,,,,,,,,,,True,,,,,
1,Apple iPhone 12 Pro Max Graphite 128GB Very Good - Refurbished  - Unlocked,$325.99,2025-10-20,https://www.ebay.com/itm/127195090848,https://i.ebayimg.com/images/g/z5QAAeSwp~xo9uxg/s-l140.webp,128 GB,Very Good,False,iPhone 12 Pro Max,,,,,,,,,,,,True,,,,,
1,Apple iPhone 12 Pro Max Graphite 256GB Very Good - Refurbished  - Unlocked,$379.99,2025-09-02,https://www.ebay.com/itm/127195090884,https://i.ebayimg.com/images/g/V24AAeSw0XZosc70/s-l140.webp,256 GB,Very Good,False,iPhone 12 Pro Max,,,,,,,,,,,,True,,,,,
1,Apple iPhone 12 Pro Max Unlocked (Any Carrier) SmartPhone 128GB 256GB 512GB Good,$359.99,2025-10-20,https://www.ebay.com/itm/235359860424,https://i.ebayimg.com/images/g/v~QAAOSwR7VhKb-c/s-l140.webp,128 GB,Good,False,iPhone 12 Pro Max,,,,,,,,,,,,True,,,,,
1,Apple iPhone 12 Pro Max 128GB Unlocked AT&T T-Mobile Verizon Good Condition,$316.95,2025-10-20,https://www.ebay.com/itm/304393205273,https://i.ebayimg.com/images/g/kwkAAOSwGmVl6zmK/s-l140.webp,128 GB,Good,False,iPhone 12 Pro Max,,,,,,,,,,,,True,,,,,
1,Apple iPhone 12 Pro Max - 256 GB - Graphite (Unlocked),$369.00,2025-10-20,https://www.ebay.com/itm/187429344012,https://i.ebayimg.com/images/g/ovMAAeSw6ppofhRk/s-l140.webp,256 GB,Unknown,False,iPhone 12 Pro Max,,,,,,,,,,,,True,,,,,
1,Apple iPhone 12 Pro Max A2342 256GB Unlocked Very Good Condition,$331.08,2025-10-20,https://www.ebay.com/itm/354593770310,https://i.ebayimg.com/images/g/UkkAAOSwWmdjcpY4/s-l140.webp,256 GB,Very Good,False,iPhone 12 Pro Max,,,,,,,,,,,,True,,,,,
1,Apple iPhone 12 Pro Max - 128GB 256GB 512GB - All Colors - Very Good Condition,$349.00,2025-10-19,https://www.ebay.com/itm/284798091064,https://i.ebayimg.com/images/g/8l0AAOSwvPxiawq7/s-l140.webp,128 GB,Very Good,False,iPhone 12 Pro Max,,,,,,,,,,,,True,,,,,
1,Apple iPhone 12 Pro Max 512GB Unlocked AT&T T-Mobile Verizon Very Good Condition,$362.95,2025-10-19,https://www.ebay.com/itm/304186780899,https://i.ebayimg.com/images/g/WO8AAOSwGRdlDbu6/s-l140.webp,512 GB,Very Good,False,iPhone 12 Pro Max,,,,,,,,,,,,True,,,,,
1,"Apple iPhone 12 Pro Max 6.7"" Unlocked 256GB - (Pacific Blue) A2342 w/Warranty",$356.65,2025-10-19,https://www.ebay.com/itm/376479817390,https://i.ebayimg.com/images/g/84EAAeSwYWRonQSP/s-l140.webp,256 GB,Unknown,False,iPhone 12 Pro Max,,,,,,,,,,,,True,,,,,
1,Apple iPhone 12 Pro Max - 128GB 256GB 512GB - All Colors - Good Condition,$329.00,2025-10-19,https://www.ebay.com/itm/285849824076,https://i.ebayimg.com/images/g/9e0AAOSwUxBmO5L7/s-l140.webp,128 GB,Good,False,iPhone 12 Pro Max,,,,,,,,,,,,True,,,,,
1,Apple iPhone 12 Pro Max 256GB Fully Unlocked 90%+ battery - Excellent,$399.00,2025-01-07,https://www.ebay.com/itm/226405777449,https://i.ebayimg.com/images/g/ntYAAOSw8BBnEV5R/s-l140.webp,256 GB,Excellent,False,iPhone 12 Pro Max,,,,,,,,,,,,True,,,,,
1,Apple iPhone 12 Pro Max 128GB Unlocked Good Condition - All Colors,$359.99,2025-10-17,https://www.ebay.com/itm/296097588269,https://i.ebayimg.com/images/g/AA8AAOSwUS1lczFB/s-l140.webp,128 GB,Good,False,iPhone 12 Pro Max,,,,,,,,,,,,True,,,,,
1,"Apple iPhone 12 Pro Max 6.7"" Unlocked 512GB - (Pacific Blue) A2342 w/Warranty",$339.00,2025-10-17,https://www.ebay.com/itm/146593532280,https://i.ebayimg.com/images/g/nJcAAOSwsZ9oK2z1/s-l140.webp,512 GB,Unknown,False,iPhone 12 Pro Max,,,,,,,,,,,,True,,,,,
1,Apple iPhone 12 Pro Max Blue 128GB Very Good - Refurbished  - Unlocked,$325.99,2025-10-16,https://www.ebay.com/itm/127314773023,https://i.ebayimg.com/images/g/w0YAAeSwCmNo-X3R/s-l140.webp,128 GB,Very Good,False,iPhone 12 Pro Max,,,,,,,,,,,,True,,,,,
1,Apple iPhone 12 Pro Max 256GB Unlocked AT&T T-Mobile Verizon Good Condition,$335.95,2025-10-16,https://www.ebay.com/itm/294574516077,https://i.ebayimg.com/images/g/lxIAAOSwF3dlDbxI/s-l140.webp,256 GB,Good,False,iPhone 12 Pro Max,,,,,,,,,,,,True,,,,,
1,"2020 Apple iPhone 12 Pro Max 512GB Unlocked 6.7"" - (Silver) A2342 w/Warranty",$364.00,2025-10-16,https://www.ebay.com/itm/376174883869,https://i.ebayimg.com/images/g/VlQAAOSwrRloACcO/s-l140.webp,512 GB,Unknown,False,iPhone 12 Pro Max,,,,,,,,,,,,True,,,,,
1,"2020 Apple iPhone 12 Pro Max 128GB Unlocked 6.7"" - (Graphite) A2342 w/Warranty",$332.00,2025-10-16,https://www.ebay.com/itm/356455142105,https://i.ebayimg.com/images/g/YLMAAOSw~mBngW44/s-l140.webp,128 GB,Unknown,False,iPhone 12 Pro Max,,,,,,,,,,,,True,,,,,
1,Apple iPhone 12 Pro Max Blue 256 Very Good - Refurbished  - Unlocked,$356.99,2025-10-15,https://www.ebay.com/itm/127407283277,https://i.ebayimg.com/images/g/wz0AAeSwTjZo8H2c/s-l140.webp,Unknown,Very Good,False,iPhone 12 Pro Max,,,,,,,,,,,,True,,,,,
1,"Apple iPhone 12 Pro Max 256GB Unlocked 6.7"" - (Graphite) A2342 w/1 Year Warranty",$335.00,2025-10-15,https://www.ebay.com/itm/376268202770,https://i.ebayimg.com/images/g/pGAAAOSw-f5oLlBm/s-l140.webp,256 GB,Unknown,False,iPhone 12 Pro Max,,,,,,,,,,,,True,,,,,
1,Apple iPhone 12 Pro Max Gold 128 Very Good - Refurbished  - Unlocked,$325.99,2025-10-15,https://www.ebay.com/itm/127187182966,https://i.ebayimg.com/images/g/em8AAeSwWwFo8GSw/s-l140.webp,Unknown,Very Good,False,iPhone 12 Pro Max,,,,,,,,,,,,True,,,,,
1,Apple iPhone 12 Pro Max 128GB Unlocked Very Good Condition - All Colors,$369.99,2025-10-15,https://www.ebay.com/itm/276217818724,https://i.ebayimg.com/images/g/wQQAAOSwKOxlczEI/s-l140.webp,128 GB,Very Good,False,iPhone 12 Pro Max,,,,,,,,,,,,True,,,,,
1,Apple iPhone 12 Pro Max 512GB Fully Unlocked - Excellent,$409.99,2025-10-15,https://www.ebay.com/itm/326620930364,https://i.ebayimg.com/images/g/sogAAOSwZx5oQgDs/s-l140.webp,512 GB,Excellent,False,iPhone 12 Pro Max,,,,,,,,,,,,True,,,,,
1,Apple iPhone 12 Pro Max A2342 128GB Unlocked Good Condition,$339.54,2025-10-15,https://www.ebay.com/itm/354593664182,https://i.ebayimg.com/images/g/uQoAAOSw7qRjcm-f/s-l140.webp,128 GB,Good,False,iPhone 12 Pro Max,,,,,,,,,,,,True,,,,,
1,Apple iPhone 12 Pro Max Unlocked 128GB 256GB 512GB Good Condition iOS Smartphone,$327.58,2025-09-06,https://www.ebay.com/itm/267356424161,https://i.ebayimg.com/images/g/2IMAAeSwu1NolHzk/s-l140.webp,128 GB,Good,False,iPhone 12 Pro Max,,,,,,,,,,,,True,,,,,
1,Apple iPhone 12 Pro Max A2342 128GB Unlocked Very Good Condition,$417.91,2025-10-14,https://www.ebay.com/itm/356866255486,https://i.ebayimg.com/images/g/844AAeSwVoZoGiaI/s-l140.webp,128 GB,Very Good,False,iPhone 12 Pro Max,,,,,,,,,,,,True,,,,,
1,Apple iPhone 12 Pro Max 512GB Unlocked AT&T T-Mobile Verizon Good Condition,$334.95,2025-10-14,https://www.ebay.com/itm/304359048103,https://i.ebayimg.com/images/g/hXYAAOSw2ntl4eWi/s-l140.webp,512 GB,Good,False,iPhone 12 Pro Max,,,,,,,,,,,,True,,,,,
1,Apple iPhone 12 Pro Max A2342 Unlocked 128GB Silver Good,$344.99,2025-10-14,https://www.ebay.com/itm/186584582255,https://i.ebayimg.com/images/g/1QQAAOSwK0lmnujn/s-l140.webp,128 GB,Good,False,iPhone 12 Pro Max,,,,,,,,,,,,True,,,,,
1,Apple iPhone 12 Pro Max Graphite 128GB Excellent - Refurbished  - Unlocked,$345.99,2025-10-13,https://www.ebay.com/itm/127430195321,https://i.ebayimg.com/images/g/gZoAAeSwIcxo7aV6/s-l140.webp,128 GB,Excellent,False,iPhone 12 Pro Max,,,,,,,,,,,,True,,,,,
1,Apple iPhone 12 Pro Max 512GB Unlocked - Excellent,$464.95,2025-03-31,https://www.ebay.com/itm/364528200333,https://i.ebayimg.com/images/g/ngcAAOSwy9RhkpBT/s-l140.webp,512 GB,Excellent,False,iPhone 12 Pro Max,,,,,,,,,,,,True,,,,,
1,Apple iPhone 12 Pro Max 128GB 256GB 512GB Unlocked All Colors - Fair,$349.99,2025-10-13,https://www.ebay.com/itm/146737864348,https://i.ebayimg.com/images/g/1yoAAeSwjURoiF7G/s-l140.webp,128 GB,Unknown,False,iPhone 12 Pro Max,,,,,,,,,,,,True,,,,,
1,Apple iPhone 12 Pro Max 512GB Unlocked AT&T T-Mobile Verizon Good Condition,$389.00,2025-03-18,https://www.ebay.com/itm/187036726475,https://i.ebayimg.com/images/g/uaAAAOSwN7dm61NY/s-l140.webp,512 GB,Good,False,iPhone 12 Pro Max,,,,,,,,,,,,True,,,,,
1,Apple iPhone 12 Pro Max 128GB - Fully Unlocked - GOOD Condition,$337.99,2025-10-11,https://www.ebay.com/itm/325928615902,https://i.ebayimg.com/images/g/NaMAAOSwaSFlezVR/s-l140.webp,128 GB,Unknown,False,iPhone 12 Pro Max,,,,,,,,,,,,True,,,,,
1,Apple iPhone 12 Pro Max 128GB 256GB 512GB Unlocked Smartphone - All Colors,$329.99,2025-10-11,https://www.ebay.com/itm/156815514930,https://i.ebayimg.com/images/g/SVUAAOSwLOdnxdzq/s-l140.webp,128 GB,Unknown,False,iPhone 12 Pro Max,,,,,,,,,,,,True,,,,,
1,Apple iPhone 12 Pro Max 6.7'' Unlocked- Fair(Refurbish-New Battery-No Face ID),$299.99,2025-10-10,https://www.ebay.com/itm/146828998758,https://i.ebayimg.com/images/g/6RYAAeSwcHFoxKct/s-l140.webp,Unknown,Unknown,False,iPhone 12 Pro Max,,,,,,,,,,,,True,,,,,
1,Apple iPhone 12 Pro Max 256GB Unlocked Excellent Condition - All Colors,$439.99,2025-10-10,https://www.ebay.com/itm/285598070892,https://i.ebayimg.com/images/g/aywAAOSwqwVlczD3/s-l140.webp,256 GB,Excellent,False,iPhone 12 Pro Max,,,,,,,,,,,,True,,,,,
1,Apple iPhone 12 Pro Max 128GB Graphite Unlocked Excellent - 90%+ Battery,$529.99,2025-03-01,https://www.ebay.com/itm/296937143880,https://i.ebayimg.com/images/g/ABwAAOSwbxBnPijw/s-l140.webp,128 GB,Excellent,False,iPhone 12 Pro Max,,,,,,,,,,,,True,,,,,
1,Apple iPhone 12 Pro Max  512GB Fully Unlocked - Very Good Condition,$382.99,2025-10-10,https://www.ebay.com/itm/226896663492,https://i.ebayimg.com/images/g/q-4AAeSwH7Boi8DP/s-l140.webp,512 GB,Very Good,False,iPhone 12 Pro Max,,,,,,,,,,,,True,,,,,
1,Apple iPhone 12 Pro Max 256GB Unlocked - Good,$349.99,2025-10-10,https://www.ebay.com/itm/256297874441,https://i.ebayimg.com/images/g/Ag0AAeSwPp9oseXx/s-l140.webp,256 GB,Good,False,iPhone 12 Pro Max,,,,,,,,,,,,True,,,,,
1,Apple iPhone 12 Pro Max 256GB Unlocked Very Good Condition - All Colors,$389.99,2025-10-10,https://www.ebay.com/itm/285598070672,https://i.ebayimg.com/images/g/5ycAAOSwvfhlczEk/s-l140.webp,256 GB,Very Good,False,iPhone 12 Pro Max,,,,,,,,,,,,True,,,,,
1,2020 Apple iPhone 12 Pro Max 512GB Unlocked 90%+ Battery (Graphite) w/Warranty,$389.40,2025-10-09,https://www.ebay.com/itm/357683197865,https://i.ebayimg.com/images/g/QyMAAeSwQ~Fo2sqL/s-l140.webp,512 GB,Unknown,False,iPhone 12 Pro Max,,,,,,,,,,,,True,,,,,
1,Apple iPhone 12 Pro Max 128GB Unlocked Excellent Condition - All Colors,$399.99,2025-10-08,https://www.ebay.com/itm/296097587966,https://i.ebayimg.com/images/g/UXkAAOSwWRdlczDo/s-l140.webp,128 GB,Excellent,False,iPhone 12 Pro Max,,,,,,,,,,,,True,,,,,
1,Apple iPhone 12 Pro Max 512GB Fully Unlocked - Good,$345.99,2025-10-07,https://www.ebay.com/itm/326655184393,https://i.ebayimg.com/images/g/sogAAOSwZx5oQgDs/s-l140.webp,512 GB,Good,False,iPhone 12 Pro Max,,,,,,,,,,,,True,,,,,
1,Apple iPhone 12 Pro Max Blue 128GB Excellent - Refurbished  - Unlocked,$384.99,2025-09-07,https://www.ebay.com/itm/127354626874,https://i.ebayimg.com/images/g/dQsAAeSwY91ovkaW/s-l140.webp,128 GB,Excellent,False,iPhone 12 Pro Max,,,,,,,,,,,,True,,,,,
1,Apple iPhone 12 Pro Max 5G - A2342 - Unlocked - Very Good,$349.99,2025-10-06,https://www.ebay.com/itm/267368745450,https://i.ebayimg.com/images/g/R9gAAeSwAzZon54n/s-l140.webp,Unknown,Very Good,False,iPhone 12 Pro Max,,,,,,,,,,,,True,,,,,
1,Apple iPhone 12 Pro Max 128GB -Fully Unlocked - VERY GOOD Condition Unlocked,$345.95,2025-10-06,https://www.ebay.com/itm/357670121084,https://i.ebayimg.com/images/g/HaYAAeSwRido1uBS/s-l140.webp,128 GB,Unknown,False,iPhone 12 Pro Max,,,,,,,,,,,,True,,,,,
1,Apple iPhone 12 Pro Max Unlocked (A2342) - Excellent Condition,$429.99,2025-10-06,https://www.ebay.com/itm/185271063225,https://i.ebayimg.com/images/g/BAwAAOSwXvdmu9HQ/s-l140.webp,Unknown,Excellent,False,iPhone 12 Pro Max,,,,,,,,,,,,True,,,,,
1,Apple iPhone 12 Pro Max 128GB Unlocked - Excellent,$384.99,2025-10-05,https://www.ebay.com/itm/256275686462,https://i.ebayimg.com/images/g/RkIAAeSwTXdoseVV/s-l140.webp,128 GB,Excellent,False,iPhone 12 Pro Max,,,,,,,,,,,,True,,,,,
1,Apple iPhone 12 Pro Max 256GB Unlocked Good Condition - All Colors,$369.99,2025-10-04,https://www.ebay.com/itm/296097588662,https://i.ebayimg.com/images/g/bF4AAOSwp2tlczHF/s-l140.webp,256 GB,Good,False,iPhone 12 Pro Max,,,,,,,,,,,,True,,,,,
1,Apple iPhone 12 Pro Max - 128 GB - Graphite (Unlocked) - Very Good Condition,$379.00,2025-10-03,https://www.ebay.com/itm/335927999483,https://i.ebayimg.com/images/g/cEYAAOSwHA9ni0pA/s-l140.webp,128 GB,Very Good,False,iPhone 12 Pro Max,,,,,,,,,,,,True,,,,,
1,Apple iPhone 12 Pro Max - 128 GB - Gold (Unlocked) - Very Good Condition,$379.00,2025-10-03,https://www.ebay.com/itm/336087312079,https://i.ebayimg.com/images/g/V-gAAeSwCEhogdib/s-l140.webp,128 GB,Very Good,False,iPhone 12 Pro Max,,,,,,,,,,,,True,,,,,
1,Apple iPhone 12 Pro Max  512GB Fully Unlocked - EXCELLENT Condition,$396.99,2025-10-03,https://www.ebay.com/itm/326774643629,https://i.ebayimg.com/images/g/q-4AAeSwH7Boi8DP/s-l140.webp,512 GB,Unknown,False,iPhone 12 Pro Max,,,,,,,,,,,,True,,,,,
1,"2020 Apple iPhone 12 Pro Max 512GB Unlocked 6.7"" - (Graphite) A2342 w/Warranty",$359.00,2025-10-02,https://www.ebay.com/itm/145689092356,https://i.ebayimg.com/images/g/VsIAAOSwzAxmAyMQ/s-l140.webp,512 GB,Unknown,False,iPhone 12 Pro Max,,,,,,,,,,,,True,,,,,
1,Apple iPhone 12 Pro Max 128GB A2342 Unlocked AT&T T-Mobile Excellent Refurbished,$384.99,2025-10-02,https://www.ebay.com/itm/205346559104,https://i.ebayimg.com/images/g/15EAAOSwp3Jn0E6o/s-l140.webp,128 GB,Excellent,False,iPhone 12 Pro Max,,,,,,,,,,,,True,,,,,
1,Apple iPhone 12 Pro Max - 256 GB - Gold (Unlocked) - Very Good Condition,$399.00,2025-10-01,https://www.ebay.com/itm/336044801783,https://i.ebayimg.com/images/g/A-cAAeSwgZxoZNHa/s-l140.webp,256 GB,Very Good,False,iPhone 12 Pro Max,,,,,,,,,,,,True,,,,,
1,Apple iPhone 12 Pro Max 512GB A2342 Unlocked AT&T T-Mobile Excellent Refurbished,$440.99,2025-09-30,https://www.ebay.com/itm/205346795558,https://i.ebayimg.com/images/g/N6oAAOSwFUJn0IBx/s-l140.webp,512 GB,Excellent,False,iPhone 12 Pro Max,,,,,,,,,,,,True,,,,,
1,Apple iPhone 12 Pro Max - 128GB - Fully Unlocked (2020),$374.99,2025-09-30,https://www.ebay.com/itm/116476640730,https://i.ebayimg.com/images/g/ynEAAOSwwxNnrJHP/s-l140.webp,128 GB,Unknown,False,iPhone 12 Pro Max,,,,,,,,,,,,True,,,,,
1,Apple iPhone 12 Pro Max 128GB GSM/CDMA Fully Unlocked - Pacific Blue - Very Good,$429.99,2024-11-04,https://www.ebay.com/itm/395372068181,https://i.ebayimg.com/images/g/XqIAAOSwJ-hmL6YC/s-l140.webp,128 GB,Very Good,False,iPhone 12 Pro Max,,,,,,,,,,,,True,,,,,
1,"2020 Apple iPhone 12 Pro Max 512GB Unlocked 6.7"" - (Gold) A2342 w/Year Warranty",$371.78,2025-09-28,https://www.ebay.com/itm/357455620136,https://i.ebayimg.com/images/g/~jkAAeSwIkdonQKD/s-l140.webp,512 GB,Unknown,False,iPhone 12 Pro Max,,,,,,,,,,,,True,,,,,
1,Apple iPhone 12 Pro Max 512GB Unlocked Very Good Condition - All Colors,$419.99,2025-09-28,https://www.ebay.com/itm/296097591292,https://i.ebayimg.com/images/g/t3cAAOSw7QNlczGk/s-l140.webp,512 GB,Very Good,False,iPhone 12 Pro Max,,,,,,,,,,,,True,,,,,
1,"Apple iPhone 12 Pro Max 128GB 6.7"", Pacific Blue",$359.99,2025-09-27,https://www.ebay.com/itm/388961069785,https://i.ebayimg.com/images/g/QHsAAeSwwwJoxL1-/s-l140.webp,128 GB,Unknown,False,iPhone 12 Pro Max,,,,,,,,,,,,True,,,,,
1,Apple iPhone 12 Pro Max - 128GB - Graphite (Unlocked) - Good Condition,$369.99,2025-02-28,https://www.ebay.com/itm/306142317789,https://i.ebayimg.com/images/g/arIAAOSwPmNnvYOa/s-l140.webp,128 GB,Good,False,iPhone 12 Pro Max,,,,,,,,,,,,True,,,,,
1,Apple iPhone 12 Pro Max - Unlocked - Good Condition (1Year Warranty),$379.54,2024-07-24,https://www.ebay.com/itm/155051791606,https://i.ebayimg.com/images/g/1DAAAOSwtFJkvRXY/s-l140.webp,Unknown,Good,False,iPhone 12 Pro Max,,,,,,,,,,,,True,,,,,
1,Apple iPhone 12 Pro Max 128GB 256GB 512GB Unlocked All Colors - Excellent,$379.99,2025-09-24,https://www.ebay.com/itm/146737885778,https://i.ebayimg.com/images/g/1yoAAeSwjURoiF7G/s-l140.webp,128 GB,Excellent,False,iPhone 12 Pro Max,,,,,,,,,,,,True,,,,,
1,Apple iPhone 12 Pro Max A2342 Unlocked 256GB Silver Very Good,$449.99,2024-09-26,https://www.ebay.com/itm/186586481701,https://i.ebayimg.com/images/g/CcAAAOSwMtlmn-FB/s-l140.webp,256 GB,Very Good,False,iPhone 12 Pro Max,,,,,,,,,,,,True,,,,,
1,Apple iPhone 12 Pro Max - 128 GB - Graphite - Unlocked - Good Refurbished,$294.95,2025-09-22,https://www.ebay.com/itm/127114341380,https://i.ebayimg.com/images/g/SPgAAOSwGgljL4ml/s-l140.webp,128 GB,Good,False,iPhone 12 Pro Max,,,,,,,,,,,,True,,,,,
1,Apple iPhone 12 Pro Max 256GB 5G Graphite A2342 Unlocked,$379.99,2025-09-22,https://www.ebay.com/itm/306500265183,https://i.ebayimg.com/images/g/MiEAAeSwlUtoyIpz/s-l140.webp,256 GB,Unknown,False,iPhone 12 Pro Max,,,,,,,,,,,,True,,,,,
1,Apple iPhone 12 Pro Max 256GB - Gold (Unlock)(B-Stock) Replaced Screen & Battery,$359.98,2025-09-21,https://www.ebay.com/itm/157276339442,https://i.ebayimg.com/images/g/jMgAAeSwWE9orzB5/s-l140.webp,256 GB,Unknown,False,iPhone 12 Pro Max,,,,,,,,,,,,True,,,,,
1,Apple iPhone 12 Pro Max 512GB Unlocked Excellent Condition - All Colors,$459.99,2025-09-19,https://www.ebay.com/itm/296097590810,https://i.ebayimg.com/images/g/eiEAAOSwH~plczGs/s-l140.webp,512 GB,Excellent,False,iPhone 12 Pro Max,,,,,,,,,,,,True,,,,,
1,Apple iPhone 12 Pro Max Blue 128GB Good - Refurbished  - Unlocked,$347.99,2025-08-20,https://www.ebay.com/itm/127320835233,https://i.ebayimg.com/images/g/m7EAAeSwX-RoqO6q/s-l140.webp,128 GB,Good,False,iPhone 12 Pro Max,,,,,,,,,,,,True,,,,,
1,Apple iPhone 12 Pro Max - 512GB - Fully Unlocked (2020),$474.99,2025-09-18,https://www.ebay.com/itm/116454501397,https://i.ebayimg.com/images/g/3~UAAOSwOXBnkUyP/s-l140.webp,512 GB,Unknown,False,iPhone 12 Pro Max,,,,,,,,,,,,True,,,,,
1,Apple iPhone 12 Pro Max 128GB Unlocked Blue Excellent Condition,$399.00,2025-09-17,https://www.ebay.com/itm/405751816704,https://i.ebayimg.com/images/g/ZjUAAOSwDn1n84T8/s-l140.webp,128 GB,Excellent,False,iPhone 12 Pro Max,,,,,,,,,,,,True,,,,,
1,Apple iPhone 12 Pro Max - 128GB - Factory Unlocked - Excellent Condition,$389.99,2025-09-17,https://www.ebay.com/itm/124902566009,https://i.ebayimg.com/images/g/tXQAAOSwJvxhQfcB/s-l140.webp,128 GB,Excellent,False,iPhone 12 Pro Max,,,,,,,,,,,,True,,,,,
1,Apple iPhone 12 Pro Max A14 Bionic Chip 256GB Factory Unlocked - Gold MG9H3LL/A,$359.00,2025-09-17,https://www.ebay.com/itm/306494561863,https://i.ebayimg.com/images/g/PAsAAeSwzmBow5sy/s-l140.webp,256 GB,Unknown,False,iPhone 12 Pro Max,,,,,,,,,,,,True,,,,,
1,Apple iPhone 12 Pro Max Blue 256GB Very Good - Refurbished  - Unlocked,$379.99,2025-07-31,https://www.ebay.com/itm/127187182797,https://i.ebayimg.com/images/g/t~cAAeSwzRZor9AO/s-l140.webp,256 GB,Very Good,False,iPhone 12 Pro Max,,,,,,,,,,,,True,,,,,
1,iPhone 12 Pro Max - Factory Unlocked - 128GB - Blue - Excellent,$365.00,2025-09-16,https://www.ebay.com/itm/285638049862,https://i.ebayimg.com/images/g/FiAAAOSw1dFllsyp/s-l140.webp,128 GB,Excellent,False,iPhone 12 Pro Max,,,,,,,,,,,,True,,,,,
1,Apple iPhone 12 Pro Max - 256GB - Fully Unlocked - VERY GOOD Condition,$377.99,2025-09-16,https://www.ebay.com/itm/326344971243,https://i.ebayimg.com/images/g/NaMAAOSwaSFlezVR/s-l140.webp,256 GB,Unknown,False,iPhone 12 Pro Max,,,,,,,,,,,,True,,,,,
1,Apple iPhone 12 Pro Max - 512 GB - Silver (Unlocked),$434.37,2025-08-11,https://www.ebay.com/itm/187417546441,https://i.ebayimg.com/images/g/gtsAAeSwM5Vod7HN/s-l140.webp,512 GB,Unknown,False,iPhone 12 Pro Max,,,,,,,,,,,,True,,,,,
1,Apple iPhone 12 Pro Max 128GB Fully Unlocked Smartphone Good Condition,$339.99,2025-09-15,https://www.ebay.com/itm/297322166711,https://i.ebayimg.com/images/g/gLQAAOSwtYNf28h1/s-l140.webp,128 GB,Good,False,iPhone 12 Pro Max,,,,,,,,,,,,True,,,,,
1,Apple  iPhone 12 Pro Max 5G 256GB Factory Unlocked / TMOBILE / XFINITY / METRO,$369.48,2025-09-15,https://www.ebay.com/itm/134899578425,https://i.ebayimg.com/images/g/lZcAAOSwnN1lq-fx/s-l140.webp,256 GB,Unknown,False,iPhone 12 Pro Max,,,,,,,,,,,,True,,,,,
1,Apple iPhone 12 Pro Max 128GB Unlocked - Good,$359.99,2025-09-15,https://www.ebay.com/itm/256279536832,https://i.ebayimg.com/images/g/PyAAAeSw22loseWt/s-l140.webp,128 GB,Good,False,iPhone 12 Pro Max,,,,,,,,,,,,True,,,,,
1,Apple iPhone 12 Pro Max - 256 GB - Pacific Blue  - Unlocked - Good Refurbished,$359.99,2025-09-13,https://www.ebay.com/itm/127201865439,https://i.ebayimg.com/images/g/SWUAAOSwVkFjv3u2/s-l140.webp,256 GB,Good,False,iPhone 12 Pro Max,,,,,,,,,,,,True,,,,,
1,Apple iPhone 12 Pro Max 128GB Unlocked - Very Good,$364.99,2025-09-12,https://www.ebay.com/itm/255757897204,https://i.ebayimg.com/images/g/eRcAAeSwC6Jok8tv/s-l140.webp,128 GB,Very Good,False,iPhone 12 Pro Max,,,,,,,,,,,,True,,,,,
1,iPhone 12 Pro Max - Factory Unlocked - 128GB - Gray - Good,$329.00,2025-09-12,https://www.ebay.com/itm/284534215665,https://i.ebayimg.com/images/g/6vIAAOSwW6Jhlsy7/s-l140.webp,128 GB,Good,False,iPhone 12 Pro Max,,,,,,,,,,,,True,,,,,
1,Apple iPhone 12 Pro Max 128GB Graphite Fully Unlocked Smartphone - Excellent,$384.00,2025-09-11,https://www.ebay.com/itm/226690221584,https://i.ebayimg.com/images/g/m9gAAOSwlv1nO60p/s-l140.webp,128 GB,Excellent,False,iPhone 12 Pro Max,,,,,,,,,,,,True,,,,,
1,Apple iPhone 12 Pro Max A14 256GB iOS Factory Unlocked - Pacific Blue MG9J3LL/A,$399.00,2025-09-11,https://www.ebay.com/itm/336168122388,https://i.ebayimg.com/images/g/jYoAAeSw7NxovwLQ/s-l140.webp,256 GB,Unknown,False,iPhone 12 Pro Max,,,,,,,,,,,,True,,,,,
1,Apple iPhone 12 Pro Max - 128 GB - Silver - Unlocked - Good Refurbished,$294.95,2025-09-11,https://www.ebay.com/itm/127114342002,https://i.ebayimg.com/images/g/9wwAAOSwOgdoJjGW/s-l140.webp,128 GB,Good,False,iPhone 12 Pro Max,,,,,,,,,,,,True,,,,,
1,Apple iPhone 12 Pro Max 256GB Silver MG933LL/A Unlocked Clean ESN Good (JF),$399.95,2025-09-10,https://www.ebay.com/itm/197627759894,https://i.ebayimg.com/images/g/RdQAAeSwGI5oo2JA/s-l140.webp,256 GB,Good,False,iPhone 12 Pro Max,,,,,,,,,,,,True,,,,,
1,Apple iPhone 12 Pro Max 128GB A2342 Unlocked AT&T T-Mobile Very Good Refurbished,$370.99,2025-09-09,https://www.ebay.com/itm/205346570359,https://i.ebayimg.com/images/g/15EAAOSwp3Jn0E6o/s-l140.webp,128 GB,Very Good,False,iPhone 12 Pro Max,,,,,,,,,,,,True,,,,,
1,Apple iPhone 12 Pro Max 128GB A2342 Unlocked AT&T T-Mobile Good Refurbished,$351.99,2025-09-09,https://www.ebay.com/itm/356655486134,https://i.ebayimg.com/images/g/15EAAOSwp3Jn0E6o/s-l140.webp,128 GB,Good,False,iPhone 12 Pro Max,,,,,,,,,,,,True,,,,,
1,Apple iPhone 12 Pro Max - 256 GB - Graphite (Unlocked) - Very Good Condition,$399.00,2025-09-09,https://www.ebay.com/itm/336114005517,https://i.ebayimg.com/images/g/QXIAAeSwRqFolabZ/s-l140.webp,256 GB,Very Good,False,iPhone 12 Pro Max,,,,,,,,,,,,True,,,,,
1,Apple iPhone 12 Pro Max A14 256GB iOS Factory Unlocked - Graphite MG9F3LL/A 2020,$349.00,2025-09-09,https://www.ebay.com/itm/388944182308,https://i.ebayimg.com/images/g/440AAeSwKCxovyMo/s-l140.webp,256 GB,Unknown,False,iPhone 12 Pro Max,,,,,,,,,,,,True,,,,,
1,Apple iPhone 12 Pro Max 128GB GSM/CDMA Fully Unlocked - Pacific Blue - Good,$331.27,2025-09-09,https://www.ebay.com/itm/255815758386,https://i.ebayimg.com/images/g/zcsAAOSwUUxjaUp8/s-l140.webp,128 GB,Good,False,iPhone 12 Pro Max,,,,,,,,,,,,True,,,,,
1,Apple iPhone 12 Pro Max Pacific Blue 128GB Unlocked - Excellent w/ Burn In,$329.99,2025-09-06,https://www.ebay.com/itm/286751302353,https://i.ebayimg.com/images/g/fQQAAeSwG75ok1Ti/s-l140.webp,128 GB,Excellent,False,iPhone 12 Pro Max,,,,,,,,,,,,True,,,,,
1,Apple iPhone 12 Pro Max 256GB Unlocked - Very Good,$369.99,2025-09-06,https://www.ebay.com/itm/256278309444,https://i.ebayimg.com/images/g/fF0AAeSwUupok8s4/s-l140.webp,256 GB,Very Good,False,iPhone 12 Pro Max,,,,,,,,,,,,True,,,,,
1,Apple iPhone 12 Pro Max Smartphone A2342 128GB Unlocked Very Good,$389.00,2025-09-05,https://www.ebay.com/itm/226084317178,https://i.ebayimg.com/images/g/d6UAAOSwqRZmKXe8/s-l140.webp,128 GB,Very Good,False,iPhone 12 Pro Max,,,,,,,,,,,,True,,,,,
1,"2020 Apple iPhone 12 Pro Max 128GB Unlocked 6.7"" (Silver) A2342 - w/Warranty",$447.00,2025-09-05,https://www.ebay.com/itm/376529804307,https://i.ebayimg.com/images/g/WAcAAeSw3YdouxW-/s-l140.webp,128 GB,Unknown,False,iPhone 12 Pro Max,,,,,,,,,,,,True,,,,,
1,Apple iPhone 12 Pro Max - 128 GB - Gold (Unlocked) - Excellent Condition,$389.00,2025-09-03,https://www.ebay.com/itm/336155372509,https://i.ebayimg.com/images/g/x-EAAeSw2rtotUZx/s-l140.webp,128 GB,Excellent,False,iPhone 12 Pro Max,,,,,,,,,,,,True,,,,,
1,"Apple iPhone 12 Pro Max 128GB Unlocked 6.7"" (Graphite) A2342 - w/1 Year Warranty",$348.83,2025-09-03,https://www.ebay.com/itm/376107426597,https://i.ebayimg.com/images/g/-oMAAOSwxxtn5u5J/s-l140.webp,128 GB,Unknown,False,iPhone 12 Pro Max,,,,,,,,,,,,True,,,,,
1,Apple iPhone 12 Pro Max 256GB Unlocked - Good,$399.95,2025-08-30,https://www.ebay.com/itm/365372615354,https://i.ebayimg.com/images/g/ngcAAOSwy9RhkpBT/s-l140.webp,256 GB,Good,False,iPhone 12 Pro Max,,,,,,,,,,,,True,,,,,
1,Apple iPhone 12 Pro Max A2342 128GB 256GB Unlocked ~ Very Good Condition ~Colors,$359.99,2025-08-28,https://www.ebay.com/itm/326450481288,https://i.ebayimg.com/images/g/7q8AAOSwDw5l12w1/s-l140.webp,128 GB,Very Good,False,iPhone 12 Pro Max,,,,,,,,,,,,True,,,,,
1,Apple iPhone 12 Pro Max 128GB Fully Unlocked Smartphone 90%+ battery - Excellent,$384.00,2025-08-28,https://www.ebay.com/itm/226405694526,https://i.ebayimg.com/images/g/ZgcAAOSwteVnEUxh/s-l140.webp,128 GB,Excellent,False,iPhone 12 Pro Max,,,,,,,,,,,,True,,,,,
1,Apple iPhone 12 Pro Max - 128GB - AT&T Locked - Excellent Condition,$409.00,2025-08-28,https://www.ebay.com/itm/116345151687,https://i.ebayimg.com/images/g/tXQAAOSwJvxhQfcB/s-l140.webp,128 GB,Excellent,False,iPhone 12 Pro Max,,,,,,,,,,,,True,,,,,
1,Apple iPhone 12 Pro Max Smartphone A2342 128GB Unlocked Excellent,$399.00,2025-08-28,https://www.ebay.com/itm/226582340820,https://i.ebayimg.com/images/g/P8gAAeSwdPtnopnf/s-l140.webp,128 GB,Excellent,False,iPhone 12 Pro Max,,,,,,,,,,,,True,,,,,
1,Apple iPhone 12 Pro Max - 128GB - Factory Unlocked - Very Good Condition,$369.00,2025-08-24,https://www.ebay.com/itm/124902566060,https://i.ebayimg.com/images/g/tXQAAOSwJvxhQfcB/s-l140.webp,128 GB,Very Good,False,iPhone 12 Pro Max,,,,,,,,,,,,True,,,,,
1,iPhone 12 Pro Max 128GB - Unlocked - Good Condition - Graphite *No Face ID*,$259.99,2025-08-21,https://www.ebay.com/itm/406143353997,https://i.ebayimg.com/images/g/EZkAAeSwWUhob~XL/s-l140.webp,128 GB,Good,False,iPhone 12 Pro Max,,,,,,,,,,,,True,,,,,
1,Apple iPhone 12 Pro Max 128GB Unlocked & Carrier Locked Excellent,$365.85,2025-08-01,https://www.ebay.com/itm/187380406283,https://i.ebayimg.com/images/g/Z2UAAeSwAdlocTFW/s-l140.webp,128 GB,Excellent,False,iPhone 12 Pro Max,,,,,,,,,,,,True,,,,,
1,Apple iPhone 12 Pro Max - 256 GB - Gold - Unlocked - Good Refurbished,$294.95,2025-08-20,https://www.ebay.com/itm/127114342463,https://i.ebayimg.com/images/g/PUwAAOSwRX1jvtnG/s-l140.webp,256 GB,Good,False,iPhone 12 Pro Max,,,,,,,,,,,,True,,,,,
1,Apple iPhone 12 Pro Max Unlocked (A2342) - Very Good Condition,$449.99,2025-08-20,https://www.ebay.com/itm/164982325194,https://i.ebayimg.com/images/g/FgIAAOSwwhZmu9HV/s-l140.webp,Unknown,Very Good,False,iPhone 12 Pro Max,,,,,,,,,,,,True,,,,,
1,Apple iPhone 12 Pro Max - 128GB 256GB 512GB - All Colors - Excellent Condition,$365.00,2025-08-19,https://www.ebay.com/itm/275292149694,https://i.ebayimg.com/images/g/8l0AAOSwvPxiawq7/s-l140.webp,128 GB,Excellent,False,iPhone 12 Pro Max,,,,,,,,,,,,True,,,,,
1,iPhone 12 Pro Max 256gb Pacific Blue Unlocked - Great- NO FACE ID- Read,$279.99,2025-08-16,https://www.ebay.com/itm/406124432594,https://i.ebayimg.com/images/g/fLQAAeSwU29omiKo/s-l140.webp,256 GB,Unknown,False,iPhone 12 Pro Max,,,,,,,,,,,,True,,,,,
1,Apple iPhone 12 Pro Max - 128 GB - Pacific Blue (Unlocked) - Excellent Condition,$432.22,2025-08-15,https://www.ebay.com/itm/335928009263,https://i.ebayimg.com/images/g/T4AAAOSw8m5niKsB/s-l140.webp,128 GB,Excellent,False,iPhone 12 Pro Max,,,,,,,,,,,,True,,,,,
1,iPhone 12 Pro Max 128gb Graphite Unlocked - Great,$279.99,2025-08-15,https://www.ebay.com/itm/406124486347,https://i.ebayimg.com/images/g/AtQAAeSwNXZomjBq/s-l140.webp,128 GB,Unknown,False,iPhone 12 Pro Max,,,,,,,,,,,,True,,,,,
1,Apple iPhone 12 Pro Max 256GB A2342 Unlocked AT&T T-Mobile Excellent Refurbished,$412.99,2025-08-13,https://www.ebay.com/itm/187035620816,https://i.ebayimg.com/images/g/IQIAAOSwSeBn0bhx/s-l140.webp,256 GB,Excellent,False,iPhone 12 Pro Max,,,,,,,,,,,,True,,,,,
1,Apple iPhone 12 Pro Max 128GB Fully Unlocked 90%+ battery - Very Good,$394.00,2025-08-13,https://www.ebay.com/itm/226405756779,https://i.ebayimg.com/images/g/TTcAAOSwbGRnEVjH/s-l140.webp,128 GB,Very Good,False,iPhone 12 Pro Max,,,,,,,,,,,,True,,,,,
1,Apple iPhone 12 Pro Max  / 128GB / Network Unlocked / Very Good Condition,$349.00,2025-08-12,https://www.ebay.com/itm/167370718723,https://i.ebayimg.com/images/g/xNcAAOSweVhn0NPq/s-l140.webp,128 GB,Very Good,False,iPhone 12 Pro Max,,,,,,,,,,,,True,,,,,
1,iPhone 12 Pro Max Pacific Blue 256GB Unlocked - NO FACE ID,$299.99,2025-08-11,https://www.ebay.com/itm/405923186831,https://i.ebayimg.com/images/g/98MAAeSw0uVoP33h/s-l140.webp,256 GB,Unknown,False,iPhone 12 Pro Max,,,,,,,,,,,,True,,,,,
1,Apple iPhone 12 Pro Max - 128GB Blue GSM Unlocked AT&T and T-Mobile - Good,$349.99,2025-08-08,https://www.ebay.com/itm/167562430374,https://i.ebayimg.com/images/g/aQkAAOSw6N5oQItY/s-l140.webp,128 GB,Good,False,iPhone 12 Pro Max,,,,,,,,,,,,True,,,,,
1,Apple iPhone 12 Pro Max - 256 GB - Pacific Blue (Unlocked) - Very Good Condition,$399.00,2025-08-05,https://www.ebay.com/itm/336087330589,https://i.ebayimg.com/images/g/ewsAAeSwuHlogdqO/s-l140.webp,256 GB,Very Good,False,iPhone 12 Pro Max,,,,,,,,,,,,True,,,,,
1,Apple iPhone 12 Pro Max 128GB 256GB Fully Unlocked Very Good Condition,$355.99,2025-08-04,https://www.ebay.com/itm/277123246655,https://i.ebayimg.com/images/g/gLQAAOSwtYNf28h1/s-l140.webp,128 GB,Very Good,False,iPhone 12 Pro Max,,,,,,,,,,,,True,,,,,
1,Apple iPhone 12 Pro Max A2342 128GB 256GB Unlocked ~ Excellent Condition ~Colors,$389.99,2025-08-02,https://www.ebay.com/itm/226609803013,https://i.ebayimg.com/images/g/7q8AAOSwDw5l12w1/s-l140.webp,128 GB,Excellent,False,iPhone 12 Pro Max,,,,,,,,,,,,True,,,,,
1,Apple iPhone 12 Pro Max - 256 GB - Pacific Blue  - Unlocked - Excellent Refurbis,$392.99,2025-08-01,https://www.ebay.com/itm/127225294553,https://i.ebayimg.com/images/g/SWUAAOSwVkFjv3u2/s-l140.webp,256 GB,Excellent,False,iPhone 12 Pro Max,,,,,,,,,,,,True,,,,,
1,iPhone 12 Pro Max - Factory Unlocked - 256GB - Blue - Good,$355.00,2025-07-29,https://www.ebay.com/itm/275002551118,https://i.ebayimg.com/images/g/Rv8AAOSwROlheGfn/s-l140.webp,256 GB,Good,False,iPhone 12 Pro Max,,,,,,,,,,,,True,,,,,
1,Apple iPhone 12 Pro Max - 128 GB - Pacific Blue (Unlocked) - Very Good Condition,$379.00,2025-07-28,https://www.ebay.com/itm/335928014890,https://i.ebayimg.com/images/g/AUUAAOSwAU5oCfnY/s-l140.webp,128 GB,Very Good,False,iPhone 12 Pro Max,,,,,,,,,,,,True,,,,,
1,Apple iPhone 12 Pro Max 128GB A2342 5G Unlocked - Very Good,$359.99,2025-07-27,https://www.ebay.com/itm/276057431065,https://i.ebayimg.com/images/g/WFkAAOSwVlBlBJsI/s-l140.webp,128 GB,Very Good,False,iPhone 12 Pro Max,,,,,,,,,,,,True,,,,,
1,Apple iPhone 12 Pro Max (Unlocked) 128GB 256GB 512GB Blue Gold Gray Silver,$374.97,2025-07-25,https://www.ebay.com/itm/225871744290,https://i.ebayimg.com/images/g/owcAAOSw7oJiAZHB/s-l140.webp,128 GB,Unknown,False,iPhone 12 Pro Max,,,,,,,,,,,,True,,,,,
1,Apple iPhone 13 Pro Max 256GB (Unlocked) - Alpine Green,$434.98,2025-10-22,https://www.ebay.com/itm/146504940277,https://i.ebayimg.com/images/g/AwkAAeSwFyRo-UpQ/s-l500.webp,256 GB,Unknown,False,iPhone 13 Pro Max,,,,,,,,,,,,,True,,,,
1,Apple iPhone 13 Pro Max 128GB - Fully Unlocked - EXCELLENT Condition,$438.99,2025-10-22,https://www.ebay.com/itm/326361822196,https://i.ebayimg.com/images/g/ndUAAOSwBYRnIVS9/s-l500.webp,128 GB,Unknown,False,iPhone 13 Pro Max,,,,,,,,,,,,,True,,,,
1,Apple iPhone 13 Pro Max 1TB Unlocked AT&T T-Mobile Verizon Excellent Condition,$553.95,2025-10-22,https://www.ebay.com/itm/296159848148,https://i.ebayimg.com/images/g/UJAAAOSw7XFloFo~/s-l500.webp,Unknown,Excellent,False,iPhone 13 Pro Max,,,,,,,,,,,,,True,,,,
1,Apple iPhone 13 Pro Max 128GB - Fully Unlocked - VERY GOOD Condition,$429.99,2025-10-22,https://www.ebay.com/itm/226423631540,https://i.ebayimg.com/images/g/ndUAAOSwBYRnIVS9/s-l500.webp,128 GB,Unknown,False,iPhone 13 Pro Max,,,,,,,,,,,,,True,,,,
1,Apple iPhone 13 Pro Max Blue 128GB Good - Refurbished  - Unlocked,$415.99,2025-10-22,https://www.ebay.com/itm/127180582851,https://i.ebayimg.com/images/g/VKoAAeSw8IVo-Wx-/s-l500.webp,128 GB,Good,False,iPhone 13 Pro Max,,,,,,,,,,,,,True,,,,
1,Apple iPhone 13 Pro Max A2484 128GB Network Unlocked Very Good Condition,$422.45,2025-10-22,https://www.ebay.com/itm/354593679546,https://i.ebayimg.com/images/g/fosAAOSwgb9jcpMC/s-l500.webp,128 GB,Very Good,False,iPhone 13 Pro Max,,,,,,,,,,,,,True,,,,
1,"Apple iPhone 13 Pro Max, A2484, 128GB, Unlocked, Excellent Condition (Free Ship)",$457.55,2025-10-22,https://www.ebay.com/itm/354393373290,https://i.ebayimg.com/images/g/h0wAAOSwbgxjcrWD/s-l500.webp,128 GB,Excellent,False,iPhone 13 Pro Max,,,,,,,,,,,,,True,,,,
1,"Apple iPhone 13 Pro Max 128GB Unlocked 6.7"" - (Graphite) A2484 w/1 Year Warranty",$411.67,2025-10-22,https://www.ebay.com/itm/357503814234,https://i.ebayimg.com/images/g/fOIAAeSwwWloqOVd/s-l500.webp,128 GB,Unknown,False,iPhone 13 Pro Max,,,,,,,,,,,,,True,,,,
1,Apple iPhone 13 Pro Max Gold 128GB Excellent - Refurbished  - Unlocked,$455.99,2025-10-22,https://www.ebay.com/itm/127264717267,https://i.ebayimg.com/images/g/rR4AAeSwFdho-U~q/s-l500.webp,128 GB,Excellent,False,iPhone 13 Pro Max,,,,,,,,,,,,,True,,,,
1,Apple iPhone 13 Pro Max 256GB Unlocked - Very Good,$485.95,2025-10-22,https://www.ebay.com/itm/403925142309,https://i.ebayimg.com/images/g/V7EAAOSwbhFjLLxB/s-l500.webp,256 GB,Very Good,False,iPhone 13 Pro Max,,,,,,,,,,,,,True,,,,
1,Apple iPhone 13 Pro Max 128GB A2484 5G Unlocked - Very Good,$429.99,2025-03-29,https://www.ebay.com/itm/276697617449,https://i.ebayimg.com/images/g/mWUAAOSwjT1k2-P2/s-l500.webp,128 GB,Very Good,False,iPhone 13 Pro Max,,,,,,,,,,,,,True,,,,
1,Apple iPhone 13 Pro Max - 1TB - Silver (Unlocked) - Good Condition,$509.99,2025-04-12,https://www.ebay.com/itm/306058053119,https://i.ebayimg.com/images/g/wykAAOSwEaZnh75w/s-l500.webp,Unknown,Good,False,iPhone 13 Pro Max,,,,,,,,,,,,,True,,,,
1,Apple iPhone 13 Pro Max 128GB 256GB 512GB 1TB (Unlocked) All Colors,$414.97,2025-10-22,https://www.ebay.com/itm/325802649094,https://i.ebayimg.com/images/g/ikcAAOSwNJ5keged/s-l500.webp,128 GB,Unknown,False,iPhone 13 Pro Max,,,,,,,,,,,,,True,,,,
1,Apple iPhone 13 Pro Max Silver 128GB Very Good - Refurbished  - Unlocked,$435.99,2025-10-22,https://www.ebay.com/itm/127195091092,https://i.ebayimg.com/images/g/75AAAeSwVf5o-Vtl/s-l500.webp,128 GB,Very Good,False,iPhone 13 Pro Max,,,,,,,,,,,,,True,,,,
1,Apple iPhone 13 Pro Max Graphite 256GB Very Good - Refurbished  - Unlocked,$487.99,2025-10-22,https://www.ebay.com/itm/127185354432,https://i.ebayimg.com/images/g/zFIAAeSwQSBo-X77/s-l500.webp,256 GB,Very Good,False,iPhone 13 Pro Max,,,,,,,,,,,,,True,,,,
1,Apple iPhone 13 Pro Max Silver 256GB Very Good - Refurbished  - Unlocked,$487.99,2025-10-22,https://www.ebay.com/itm/127185998066,https://i.ebayimg.com/images/g/LRYAAeSwSpBo-XoS/s-l500.webp,256 GB,Very Good,False,iPhone 13 Pro Max,,,,,,,,,,,,,True,,,,
1,Apple iPhone 13 Pro Max 128GB Unlocked - Excellent,$445.95,2025-10-22,https://www.ebay.com/itm/364027692443,https://i.ebayimg.com/images/g/V7EAAOSwbhFjLLxB/s-l500.webp,128 GB,Excellent,False,iPhone 13 Pro Max,,,,,,,,,,,,,True,,,,
1,Apple iPhone 13 Pro Max Blue 256GB Excellent - Refurbished  - Unlocked,$507.99,2025-10-22,https://www.ebay.com/itm/127354101425,https://i.ebayimg.com/images/g/LLgAAeSww3Vo-MBW/s-l500.webp,256 GB,Excellent,False,iPhone 13 Pro Max,,,,,,,,,,,,,True,,,,
1,Apple iPhone 13 Pro Max - 128 GB - Sierra Blue - Unlocked - Very Good Condition,$422.10,2025-10-22,https://www.ebay.com/itm/335972105296,https://i.ebayimg.com/images/g/FXkAAOSwHB9oLaHQ/s-l500.webp,128 GB,Very Good,False,iPhone 13 Pro Max,,,,,,,,,,,,,True,,,,
1,Apple iPhone 13 Pro Max 128GB Unlocked Very Good Condition - All Colors,$429.99,2025-10-22,https://www.ebay.com/itm/276216292204,https://i.ebayimg.com/images/g/EWYAAOSw~~RmjZum/s-l500.webp,128 GB,Very Good,False,iPhone 13 Pro Max,,,,,,,,,,,,,True,,,,
1,Apple iPhone 13 Pro Max Gold 128GB Good - Refurbished  - Unlocked,$415.99,2025-10-22,https://www.ebay.com/itm/127183034046,https://i.ebayimg.com/images/g/eusAAeSwmRdo-OZY/s-l500.webp,128 GB,Good,False,iPhone 13 Pro Max,,,,,,,,,,,,,True,,,,
1,Apple iPhone 13 Pro Max Silver 128GB Good - Refurbished  - Unlocked,$415.99,2025-10-22,https://www.ebay.com/itm/127187183652,https://i.ebayimg.com/images/g/eUUAAeSwh2lo-OcK/s-l500.webp,128 GB,Good,False,iPhone 13 Pro Max,,,,,,,,,,,,,True,,,,
1,Apple iPhone 13 Pro Max 1TB Unlocked - Excellent,$574.95,2025-10-21,https://www.ebay.com/itm/387055122628,https://i.ebayimg.com/images/g/V7EAAOSwbhFjLLxB/s-l500.webp,Unknown,Excellent,False,iPhone 13 Pro Max,,,,,,,,,,,,,True,,,,
1,"Apple iPhone 13 Pro Max 6.7"" Factory Unlocked (Any Carrier) SmartPhone Very Good",$414.99,2025-10-21,https://www.ebay.com/itm/205797247503,https://i.ebayimg.com/images/g/zxgAAOSwZ61itNSd/s-l500.webp,Unknown,Very Good,False,iPhone 13 Pro Max,,,,,,,,,,,,,True,,,,
1,Apple iPhone 13 Pro Max 1TB Unlocked AT&T T-Mobile Verizon Very Good Condition,$516.95,2025-10-21,https://www.ebay.com/itm/305350882242,https://i.ebayimg.com/images/g/-FEAAOSwBLBloFo6/s-l500.webp,Unknown,Very Good,False,iPhone 13 Pro Max,,,,,,,,,,,,,True,,,,
1,Apple  iPhone 13 Pro Max 5G 128GB Factory Unlocked CDMA + GSM - EXCELLENT,$439.48,2025-10-21,https://www.ebay.com/itm/135737955732,https://i.ebayimg.com/images/g/RSAAAOSwvC1m5cBY/s-l500.webp,128 GB,Unknown,False,iPhone 13 Pro Max,,,,,,,,,,,,,True,,,,
1,Apple iPhone 13 Pro Max 128GB Unlocked AT&T T-Mobile Verizon Very Good Condition,$413.95,2025-10-21,https://www.ebay.com/itm/295317457187,https://i.ebayimg.com/images/g/pc4AAOSwDNdlDcAl/s-l500.webp,128 GB,Very Good,False,iPhone 13 Pro Max,,,,,,,,,,,,,True,,,,
1,Apple iPhone 13 Pro Max - 128GB - Unlocked - Excellent Refurbished - All Colors,$485.00,2025-02-27,https://www.ebay.com/itm/156742450056,https://i.ebayimg.com/images/g/-KIAAOSw5BxnwNqd/s-l500.webp,128 GB,Excellent,False,iPhone 13 Pro Max,,,,,,,,,,,,,True,,,,
1,Apple iPhone 13 Pro Max 512GB Unlocked - Excellent,$553.95,2025-10-21,https://www.ebay.com/itm/385263659103,https://i.ebayimg.com/images/g/V7EAAOSwbhFjLLxB/s-l500.webp,512 GB,Excellent,False,iPhone 13 Pro Max,,,,,,,,,,,,,True,,,,
1,Apple iPhone 13 Pro Max 512GB Unlocked AT&T T-Mobile Verizon Excellent Condition,$507.95,2025-10-21,https://www.ebay.com/itm/304688792573,https://i.ebayimg.com/images/g/oe8AAOSwGf5k2REk/s-l500.webp,512 GB,Excellent,False,iPhone 13 Pro Max,,,,,,,,,,,,,True,,,,
1,Apple iPhone 13 Pro Max Green 128GB Good - Refurbished  - Unlocked,$415.99,2025-10-21,https://www.ebay.com/itm/127185354173,https://i.ebayimg.com/images/g/Sd0AAeSwTuBo9tcs/s-l500.webp,128 GB,Good,False,iPhone 13 Pro Max,,,,,,,,,,,,,True,,,,
1,Apple iPhone 13 Pro Max Blue 128GB Very Good - Refurbished  - Unlocked,$435.99,2025-10-21,https://www.ebay.com/itm/127185997773,https://i.ebayimg.com/images/g/C7EAAeSwxSJo-DPb/s-l500.webp,128 GB,Very Good,False,iPhone 13 Pro Max,,,,,,,,,,,,,True,,,,
1,Apple iPhone 13 Pro Max Graphite 128GB Very Good - Refurbished  - Unlocked,$435.99,2025-10-21,https://www.ebay.com/itm/127195091017,https://i.ebayimg.com/images/g/69gAAeSweONo-CYn/s-l500.webp,128 GB,Very Good,False,iPhone 13 Pro Max,,,,,,,,,,,,,True,,,,
1,Apple iPhone 13 Pro Max 256GB Unlocked Excellent Condition - All Colors,$559.99,2025-10-21,https://www.ebay.com/itm/296095867609,https://i.ebayimg.com/images/g/xZIAAOSwjz9mjZsS/s-l500.webp,256 GB,Excellent,False,iPhone 13 Pro Max,,,,,,,,,,,,,True,,,,
1,Apple iPhone 13 Pro Max Green 256GB Very Good - Refurbished  - Unlocked,$487.99,2025-10-21,https://www.ebay.com/itm/127187184335,https://i.ebayimg.com/images/g/Z2gAAeSwFWZo-B7j/s-l500.webp,256 GB,Very Good,False,iPhone 13 Pro Max,,,,,,,,,,,,,True,,,,
1,Apple iPhone 13 Pro Max 256GB Unlocked AT&T T-Mobile Verizon Very Good Condition,$465.95,2025-10-21,https://www.ebay.com/itm/295377558726,https://i.ebayimg.com/images/g/VK8AAOSweXBlDcCZ/s-l500.webp,256 GB,Very Good,False,iPhone 13 Pro Max,,,,,,,,,,,,,True,,,,
1,Apple iPhone 13 Pro Max 256GB Unlocked AT&T T-Mobile Verizon Excellent Condition,$488.95,2025-10-21,https://www.ebay.com/itm/304688792480,https://i.ebayimg.com/images/g/KIAAAOSwxmhlDcA0/s-l500.webp,256 GB,Excellent,False,iPhone 13 Pro Max,,,,,,,,,,,,,True,,,,
1,Apple iPhone 13 Pro Max - 128 GB - Gold (Unlocked) - Very Good Condition,$422.10,2025-10-21,https://www.ebay.com/itm/335951140494,https://i.ebayimg.com/images/g/HFQAAOSw~1VnuDvC/s-l500.webp,128 GB,Very Good,False,iPhone 13 Pro Max,,,,,,,,,,,,,True,,,,
1,Apple iPhone 13 Pro Max - 128 GB - Alpine Green - Unlocked - Very Good Condition,$422.10,2025-10-21,https://www.ebay.com/itm/336017741409,https://i.ebayimg.com/images/g/IKgAAOSwYU1ntEgb/s-l500.webp,128 GB,Very Good,False,iPhone 13 Pro Max,,,,,,,,,,,,,True,,,,
1,Apple iPhone 13 Pro Max 128GB Unlocked - Very Good,$419.99,2025-10-21,https://www.ebay.com/itm/256488375003,https://i.ebayimg.com/images/g/gmAAAeSwzdJoPGQZ/s-l500.webp,128 GB,Very Good,False,iPhone 13 Pro Max,,,,,,,,,,,,,True,,,,
1,Apple iPhone 13 Pro Max 128GB Graphite (Unlocked / A2484) MLKL3LL/A,$379.00,2025-10-21,https://www.ebay.com/itm/146910553788,https://i.ebayimg.com/images/g/R7YAAeSwUBVo95xc/s-l500.webp,128 GB,Unknown,False,iPhone 13 Pro Max,,,,,,,,,,,,,True,,,,
1,Apple iPhone 13 Pro Max Graphite 128GB Good - Refurbished  - Unlocked,$415.99,2025-10-21,https://www.ebay.com/itm/127186201663,https://i.ebayimg.com/images/g/8OMAAeSwQslo-N0J/s-l500.webp,128 GB,Good,False,iPhone 13 Pro Max,,,,,,,,,,,,,True,,,,
1,Apple iPhone 13 Pro Max 256GB Unlocked AT&T T-Mobile Verizon Good Condition,$446.95,2025-10-21,https://www.ebay.com/itm/295377560052,https://i.ebayimg.com/images/g/oW4AAOSwCo1lDcCo/s-l500.webp,256 GB,Good,False,iPhone 13 Pro Max,,,,,,,,,,,,,True,,,,
1,Apple iPhone 13 Pro Max 128GB Unlocked Good Condition - All Colors,$409.99,2025-10-21,https://www.ebay.com/itm/296095885782,https://i.ebayimg.com/images/g/27QAAOSwjAJmjZsJ/s-l500.webp,128 GB,Good,False,iPhone 13 Pro Max,,,,,,,,,,,,,True,,,,
1,"Apple iPhone 13 Pro Max 6.7"" Factory Unlocked (Any Carrier) SmartPhone Good",$398.99,2025-10-21,https://www.ebay.com/itm/205797249295,https://i.ebayimg.com/images/g/zxgAAOSwZ61itNSd/s-l500.webp,Unknown,Good,False,iPhone 13 Pro Max,,,,,,,,,,,,,True,,,,
1,Apple iPhone 13 Pro Max Green 256GB Good - Refurbished  - Unlocked,$467.99,2025-10-20,https://www.ebay.com/itm/127244141018,https://i.ebayimg.com/images/g/1jcAAeSwKDVo-QBb/s-l500.webp,256 GB,Good,False,iPhone 13 Pro Max,,,,,,,,,,,,,True,,,,
1,Apple iPhone 13 Pro Max Gold 256GB Good - Refurbished  - Unlocked,$467.99,2025-10-20,https://www.ebay.com/itm/127185353367,https://i.ebayimg.com/images/g/qIIAAeSw8ydo-RJp/s-l500.webp,256 GB,Good,False,iPhone 13 Pro Max,,,,,,,,,,,,,True,,,,
1,Apple iPhone 13 Pro Max Silver 256GB Good - Refurbished  - Unlocked,$467.99,2025-10-20,https://www.ebay.com/itm/127185353216,https://i.ebayimg.com/images/g/oqQAAeSwYrBo965f/s-l500.webp,256 GB,Good,False,iPhone 13 Pro Max,,,,,,,,,,,,,True,,,,
1,Apple iPhone 13 Pro Max A2484 128GB 256GB 512GB 1TB Unlocked Smartphone - Good,$429.99,2025-10-20,https://www.ebay.com/itm/156757294722,https://i.ebayimg.com/images/g/LcoAAOSwaN1nxeKj/s-l500.webp,128 GB,Good,False,iPhone 13 Pro Max,,,,,,,,,,,,,True,,,,
1,"Apple iPhone 13 Pro Max 6.7"" Unlocked 512GB (Sierra Blue) - A2484 w/Warranty",$644.00,2025-03-21,https://www.ebay.com/itm/356488175361,https://i.ebayimg.com/images/g/B3AAAOSwKxNnjrFs/s-l500.webp,512 GB,Unknown,False,iPhone 13 Pro Max,,,,,,,,,,,,,True,,,,
1,Apple iPhone 13 Pro Max - 256 GB - Alpine Green (Unlocked) - Very Good Condition,$479.00,2025-10-20,https://www.ebay.com/itm/336108810176,https://i.ebayimg.com/images/g/mcwAAOSwVURnc4uQ/s-l500.webp,256 GB,Very Good,False,iPhone 13 Pro Max,,,,,,,,,,,,,True,,,,
1,Apple iPhone 13 Pro Max - 256 GB - Sierra Blue - Unlocked - Very Good Condition,$479.00,2025-10-20,https://www.ebay.com/itm/336162500553,https://i.ebayimg.com/images/g/M2gAAOSwzUtntXr2/s-l500.webp,256 GB,Very Good,False,iPhone 13 Pro Max,,,,,,,,,,,,,True,,,,
1,Apple iPhone 13 Pro Max 256GB Unlocked Very Good Condition - All Colors,$499.99,2025-10-20,https://www.ebay.com/itm/285596667873,https://i.ebayimg.com/images/g/hxIAAOSwFWRmjZv~/s-l500.webp,256 GB,Very Good,False,iPhone 13 Pro Max,,,,,,,,,,,,,True,,,,
1,Apple iPhone 13 Pro Max Blue 512GB Good - Refurbished  - Unlocked,$504.99,2025-10-20,https://www.ebay.com/itm/127240642418,https://i.ebayimg.com/images/g/dDYAAeSw419o9tPb/s-l500.webp,512 GB,Good,False,iPhone 13 Pro Max,,,,,,,,,,,,,True,,,,
1,Apple iPhone 13 Pro Max A2484 128GB Graphite - Unlocked - Very Good,$424.95,2025-10-20,https://www.ebay.com/itm/357758170900,https://i.ebayimg.com/images/g/eY0AAeSwFWZo8D5U/s-l500.webp,128 GB,Very Good,False,iPhone 13 Pro Max,,,,,,,,,,,,,True,,,,
1,Apple iPhone 13 Pro Max 256GB Unlocked Good Condition - All Colors,$464.99,2025-10-20,https://www.ebay.com/itm/296095885807,https://i.ebayimg.com/images/g/4dUAAOSwtZBmjZv2/s-l500.webp,256 GB,Good,False,iPhone 13 Pro Max,,,,,,,,,,,,,True,,,,
1,Apple iPhone 13 Pro Max A2484 256GB Unlocked Good Condition,$496.47,2025-10-20,https://www.ebay.com/itm/354393204966,https://i.ebayimg.com/images/g/jeIAAOSwZU9jcpQ-/s-l500.webp,256 GB,Good,False,iPhone 13 Pro Max,,,,,,,,,,,,,True,,,,
1,Apple iPhone 13 Pro Max Blue 256GB Good - Refurbished  - Unlocked,$467.99,2025-10-20,https://www.ebay.com/itm/127185354024,https://i.ebayimg.com/images/g/ZkQAAeSwb1xo-XAq/s-l500.webp,256 GB,Good,False,iPhone 13 Pro Max,,,,,,,,,,,,,True,,,,
1,"Apple iPhone 13 Pro Max, A2484, 256GB, Unlocked, Excellent Condition",$552.99,2025-10-19,https://www.ebay.com/itm/354593770099,https://i.ebayimg.com/images/g/56cAAOSwhCxjcpHn/s-l500.webp,256 GB,Excellent,False,iPhone 13 Pro Max,,,,,,,,,,,,,True,,,,
1,Apple iPhone 13 Pro Max 128GB Unlocked - Very Good,$431.95,2025-10-19,https://www.ebay.com/itm/403900771306,https://i.ebayimg.com/images/g/V7EAAOSwbhFjLLxB/s-l500.webp,128 GB,Very Good,False,iPhone 13 Pro Max,,,,,,,,,,,,,True,,,,
1,Apple iPhone 13 Pro Max - 1TB - Silver (Unlocked) - Very Good Condition,$549.99,2025-04-13,https://www.ebay.com/itm/306189347385,https://i.ebayimg.com/images/g/wykAAOSwEaZnh75w/s-l500.webp,Unknown,Very Good,False,iPhone 13 Pro Max,,,,,,,,,,,,,True,,,,
1,Apple iPhone 13 Pro Max Graphite 256GB Good - Refurbished  - Unlocked,$467.99,2025-10-19,https://www.ebay.com/itm/127185354342,https://i.ebayimg.com/images/g/1H8AAeSwNaJo-P-y/s-l500.webp,256 GB,Good,False,iPhone 13 Pro Max,,,,,,,,,,,,,True,,,,
1,Apple iPhone 13 Pro Max - 128GB 256GB 512GB - All Colors - Good Condition,$400.00,2025-10-19,https://www.ebay.com/itm/275298495662,https://i.ebayimg.com/images/g/7AQAAOSwopViaxmt/s-l500.webp,128 GB,Good,False,iPhone 13 Pro Max,,,,,,,,,,,,,True,,,,
1,Apple iPhone 13 Pro Max Silver 256GB Excellent - Refurbished  - Unlocked,$497.99,2025-10-18,https://www.ebay.com/itm/127410961033,https://i.ebayimg.com/images/g/WjAAAeSwMs9o8jbb/s-l500.webp,256 GB,Excellent,False,iPhone 13 Pro Max,,,,,,,,,,,,,True,,,,
1,Apple iPhone 13 Pro Max 128GB Unlocked AT&T T-Mobile Verizon Excellent Condition,$422.95,2025-10-18,https://www.ebay.com/itm/295317456975,https://i.ebayimg.com/images/g/p0EAAOSwRDtlDcAW/s-l500.webp,128 GB,Excellent,False,iPhone 13 Pro Max,,,,,,,,,,,,,True,,,,
1,Apple iPhone 13 Pro Max Silver 128GB Excellent - Refurbished  - Unlocked,$455.99,2025-10-18,https://www.ebay.com/itm/127378100775,https://i.ebayimg.com/images/g/tl0AAeSwrBRo9ruH/s-l500.webp,128 GB,Excellent,False,iPhone 13 Pro Max,,,,,,,,,,,,,True,,,,
1,Apple iPhone 13 Pro Max Graphite 128GB Excellent - Refurbished  - Unlocked,$455.99,2025-10-18,https://www.ebay.com/itm/127187182964,https://i.ebayimg.com/images/g/J3kAAeSwECFo9rtE/s-l500.webp,128 GB,Excellent,False,iPhone 13 Pro Max,,,,,,,,,,,,,True,,,,
1,Apple iPhone 13 Pro Max Green 256GB Excellent - Refurbished  - Unlocked,$497.99,2025-10-17,https://www.ebay.com/itm/127259711225,https://i.ebayimg.com/images/g/92YAAeSwRCxo8s7b/s-l500.webp,256 GB,Excellent,False,iPhone 13 Pro Max,,,,,,,,,,,,,True,,,,
1,"Apple iPhone 13 Pro Max 128GB Unlocked 6.7"" - (Alpine Green) A2484 w/Warranty",$382.00,2025-10-17,https://www.ebay.com/itm/357503794667,https://i.ebayimg.com/images/g/nZ4AAeSwZ5toqOLf/s-l500.webp,128 GB,Unknown,False,iPhone 13 Pro Max,,,,,,,,,,,,,True,,,,
1,Apple iPhone 13 Pro Max 512GB Unlocked AT&T T-Mobile Verizon Good Condition,$446.95,2025-10-17,https://www.ebay.com/itm/295377518585,https://i.ebayimg.com/images/g/vK0AAOSwBeZk6TL8/s-l500.webp,512 GB,Good,False,iPhone 13 Pro Max,,,,,,,,,,,,,True,,,,
1,Apple iPhone 13 Pro Max 1 TB Fully Unlocked - Good,$504.99,2025-10-17,https://www.ebay.com/itm/326572492165,https://i.ebayimg.com/images/g/bUMAAOSwff9oHit4/s-l500.webp,Unknown,Good,False,iPhone 13 Pro Max,,,,,,,,,,,,,True,,,,
1,Apple iPhone 13 Pro Max 512GB Unlocked Excellent Condition,$567.49,2025-10-17,https://www.ebay.com/itm/356345119003,https://i.ebayimg.com/images/g/Z0YAAOSwcUVnUkJW/s-l500.webp,512 GB,Excellent,False,iPhone 13 Pro Max,,,,,,,,,,,,,True,,,,
1,"Apple iPhone 13 Pro Max 128GB Unlocked 6.7"" - (Sierra Blue) A2484 w/Warranty",$381.00,2025-10-16,https://www.ebay.com/itm/146523389871,https://i.ebayimg.com/images/g/QnQAAOSw40toACeZ/s-l500.webp,128 GB,Unknown,False,iPhone 13 Pro Max,,,,,,,,,,,,,True,,,,
1,Apple iPhone 13 Pro Max - 256 GB - Gold (Unlocked) - Very Good Condition,$479.00,2025-10-16,https://www.ebay.com/itm/336114024648,https://i.ebayimg.com/images/g/vtkAAeSwN-1olawn/s-l500.webp,256 GB,Very Good,False,iPhone 13 Pro Max,,,,,,,,,,,,,True,,,,
1,Apple iPhone 13 Pro Max 128GB Factory Unlocked All Colors - Excellent Condition,$455.99,2025-10-16,https://www.ebay.com/itm/176424953172,https://i.ebayimg.com/images/g/0VMAAOSwNftmbJf5/s-l500.webp,128 GB,Excellent,False,iPhone 13 Pro Max,,,,,,,,,,,,,True,,,,
1,Apple iPhone 13 Pro Max - 128GB 256GB 512GB - All Colors - Very Good Condition,$424.00,2025-10-16,https://www.ebay.com/itm/275298492189,https://i.ebayimg.com/images/g/7AQAAOSwopViaxmt/s-l500.webp,128 GB,Very Good,False,iPhone 13 Pro Max,,,,,,,,,,,,,True,,,,
1,Apple iPhone 13 Pro Max 256 GB Gold Unlocked (All Carriers) Premium Condition,$614.99,2025-01-18,https://www.ebay.com/itm/285862244911,https://i.ebayimg.com/images/g/~GkAAOSw2VVnR4Y7/s-l500.webp,256 GB,Unknown,False,iPhone 13 Pro Max,,,,,,,,,,,,,True,,,,
1,"Apple iPhone 13 Pro Max 6.7"" Unlocked 128GB (Sierra Blue) A2484 - w/Warranty",$417.00,2025-10-16,https://www.ebay.com/itm/146239743613,https://i.ebayimg.com/images/g/uGMAAOSweKZnTfsG/s-l500.webp,128 GB,Unknown,False,iPhone 13 Pro Max,,,,,,,,,,,,,True,,,,
1,Apple iPhone 13 Pro Max Green 128GB Very Good - Refurbished  - Unlocked,$435.99,2025-10-15,https://www.ebay.com/itm/127185354038,https://i.ebayimg.com/images/g/4ecAAeSw7H5o9tuC/s-l500.webp,128 GB,Very Good,False,iPhone 13 Pro Max,,,,,,,,,,,,,True,,,,
1,Apple iPhone 13 Pro Max Gold 128 Very Good - Refurbished  - Unlocked,$425.99,2025-10-15,https://www.ebay.com/itm/127194323768,https://i.ebayimg.com/images/g/mSAAAeSwHM1o8EsD/s-l500.webp,Unknown,Very Good,False,iPhone 13 Pro Max,,,,,,,,,,,,,True,,,,
1,Apple iPhone 13 Pro Max 128GB Unlocked AT&T T-Mobile Verizon Good Condition,$399.95,2025-10-15,https://www.ebay.com/itm/295377557493,https://i.ebayimg.com/images/g/mZYAAOSwFe5lDcCJ/s-l500.webp,128 GB,Good,False,iPhone 13 Pro Max,,,,,,,,,,,,,True,,,,
1,Apple iPhone 13 Pro Max 128GB A2484 5G Unlocked - Good,$399.99,2025-03-28,https://www.ebay.com/itm/275999863358,https://i.ebayimg.com/images/g/mWUAAOSwjT1k2-P2/s-l500.webp,128 GB,Good,False,iPhone 13 Pro Max,,,,,,,,,,,,,True,,,,
1,Apple iPhone 13 Pro Max 128 GB Gold Unlocked (All Carriers) Premium Condition,$629.99,2024-07-24,https://www.ebay.com/itm/285860851537,https://i.ebayimg.com/images/g/tlYAAOSwO2dnR4bW/s-l500.webp,128 GB,Unknown,False,iPhone 13 Pro Max,,,,,,,,,,,,,True,,,,
1,Apple iPhone 13 Pro Max Blue 256GB Very Good - Refurbished  - Unlocked,$487.99,2025-10-15,https://www.ebay.com/itm/127185354188,https://i.ebayimg.com/images/g/9qgAAeSwOQ5o-NyU/s-l500.webp,256 GB,Very Good,False,iPhone 13 Pro Max,,,,,,,,,,,,,True,,,,
1,Apple iPhone 13 Pro Max 128GB Unlocked - Good,$399.99,2025-10-15,https://www.ebay.com/itm/256880902001,https://i.ebayimg.com/images/g/9MIAAeSwBQpoPGPM/s-l500.webp,128 GB,Good,False,iPhone 13 Pro Max,,,,,,,,,,,,,True,,,,
1,Apple iPhone 13 Pro Max Blue 128GB Excellent - Refurbished  - Unlocked,$445.99,2025-10-15,https://www.ebay.com/itm/127320835243,https://i.ebayimg.com/images/g/FvYAAeSwwb1o7X0z/s-l500.webp,128 GB,Excellent,False,iPhone 13 Pro Max,,,,,,,,,,,,,True,,,,
1,Apple iPhone 13 Pro Max 256 GB Blue Unlocked (All Carriers) Premium Condition,$614.99,2024-11-28,https://www.ebay.com/itm/286164863666,https://i.ebayimg.com/images/g/V4cAAOSwuNRnR4XJ/s-l500.webp,256 GB,Unknown,False,iPhone 13 Pro Max,,,,,,,,,,,,,True,,,,
1,Apple iPhone 13 Pro Max 512GB Unlocked AT&T T-Mobile Verizon Very Good Condition,$474.95,2025-10-14,https://www.ebay.com/itm/304688792522,https://i.ebayimg.com/images/g/S74AAOSwHpBlDcBE/s-l500.webp,512 GB,Very Good,False,iPhone 13 Pro Max,,,,,,,,,,,,,True,,,,
1,Apple iPhone 13 Pro Max Graphite 1000 Good - Refurbished  - Unlocked,$559.99,2025-08-26,https://www.ebay.com/itm/127313933891,https://i.ebayimg.com/images/g/nXQAAeSw6A9o7H4~/s-l500.webp,Unknown,Good,False,iPhone 13 Pro Max,,,,,,,,,,,,,True,,,,
1,"Apple iPhone 13 Pro Max 128GB Unlocked 6.7"" (Alpine Green) - A2484 w/Warranty",$458.00,2025-10-14,https://www.ebay.com/itm/357641769225,https://i.ebayimg.com/images/g/UXwAAeSwJHVozZ4D/s-l500.webp,128 GB,Unknown,False,iPhone 13 Pro Max,,,,,,,,,,,,,True,,,,
1,"Apple iPhone 13 Pro Max 128GB Unlocked 6.7"" (Alpine Green) A2484 - w/Warranty",$442.53,2025-10-14,https://www.ebay.com/itm/146760802745,https://i.ebayimg.com/images/g/VfcAAeSw895oljvs/s-l500.webp,128 GB,Unknown,False,iPhone 13 Pro Max,,,,,,,,,,,,,True,,,,
1,Apple iPhone 13 Pro Max - 256GB - Graphite - Unlocked - Very Good Refurbished,$450.00,2025-10-14,https://www.ebay.com/itm/226999349472,https://i.ebayimg.com/images/g/QtUAAeSwyGho2riR/s-l500.webp,256 GB,Very Good,False,iPhone 13 Pro Max,,,,,,,,,,,,,True,,,,
1,iPhone 13 Pro Max 5G 256GB GSM/CDMA Fully - Silver - Good,$619.99,2024-07-27,https://www.ebay.com/itm/394999396256,https://i.ebayimg.com/images/g/hp0AAOSwO99lU8Rd/s-l500.webp,256 GB,Good,False,iPhone 13 Pro Max,,,,,,,,,,,,,True,,,,
1,Apple iPhone 13 Pro Max Blue 1000 Good - Refurbished  - Unlocked,$559.99,2025-08-28,https://www.ebay.com/itm/127312118302,https://i.ebayimg.com/images/g/vboAAeSw6M9o4rhn/s-l500.webp,Unknown,Good,False,iPhone 13 Pro Max,,,,,,,,,,,,,True,,,,
1,"Apple iPhone 13 Pro Max 128GB Unlocked 6.7"" - (Gold) A2484 w/1 Year Warranty",$388.00,2025-10-13,https://www.ebay.com/itm/355617382155,https://i.ebayimg.com/images/g/jBEAAOSwyVNmFDT7/s-l500.webp,128 GB,Unknown,False,iPhone 13 Pro Max,,,,,,,,,,,,,True,,,,
1,Apple iPhone 13 Pro Max 128GB l 256GB l 512GB Unlocked Refurbished - Very Good,$479.99,2025-10-13,https://www.ebay.com/itm/177240748616,https://i.ebayimg.com/images/g/k8wAAeSwhQRoZrOO/s-l500.webp,128 GB,Very Good,False,iPhone 13 Pro Max,,,,,,,,,,,,,True,,,,
1,Apple iPhone 13 Pro Max 128GB Unlocked Excellent Condition - All Colors,$449.99,2025-10-13,https://www.ebay.com/itm/285596487235,https://i.ebayimg.com/images/g/sqAAAOSwQWFmjZtY/s-l500.webp,128 GB,Excellent,False,iPhone 13 Pro Max,,,,,,,,,,,,,True,,,,
1,Apple iPhone 13 Pro Max 1TB Unlocked AT&T T-Mobile Verizon Good Condition,$493.95,2025-10-12,https://www.ebay.com/itm/296159882709,https://i.ebayimg.com/images/g/EOAAAOSwiLdloF8o/s-l500.webp,Unknown,Good,False,iPhone 13 Pro Max,,,,,,,,,,,,,True,,,,
1,Apple iPhone 13 Pro Max - 128 GB - Silver (Unlocked) - Very Good Condition,$469.00,2025-10-12,https://www.ebay.com/itm/336120755805,https://i.ebayimg.com/images/g/EYIAAOSwRLhnuDw6/s-l500.webp,128 GB,Very Good,False,iPhone 13 Pro Max,,,,,,,,,,,,,True,,,,
1,Apple iPhone 13 Pro Max Green 128GB Excellent - Refurbished  - Unlocked,$455.99,2025-10-12,https://www.ebay.com/itm/127320835267,https://i.ebayimg.com/images/g/9vAAAeSwwxJo9Sz7/s-l500.webp,128 GB,Excellent,False,iPhone 13 Pro Max,,,,,,,,,,,,,True,,,,
1,Apple iPhone 13 Pro Max - 256GB - Gold (Unlocked) - Good Condition,$479.99,2025-10-10,https://www.ebay.com/itm/306536687005,https://i.ebayimg.com/images/g/RDcAAeSwzwxo27p1/s-l500.webp,256 GB,Good,False,iPhone 13 Pro Max,,,,,,,,,,,,,True,,,,
1,Apple iPhone 13 Pro Max - 256GB - Graphite (Unlocked) - Good Condition,$469.99,2025-10-10,https://www.ebay.com/itm/306526884709,https://i.ebayimg.com/images/g/kHEAAeSweONo1pAS/s-l500.webp,256 GB,Good,False,iPhone 13 Pro Max,,,,,,,,,,,,,True,,,,
1,Apple iPhone 13 Pro Max Graphite 256GB Excellent - Refurbished  - Unlocked,$497.99,2025-10-10,https://www.ebay.com/itm/127187183118,https://i.ebayimg.com/images/g/FpYAAeSwIhBo6Q1v/s-l500.webp,256 GB,Excellent,False,iPhone 13 Pro Max,,,,,,,,,,,,,True,,,,
1,Apple iPhone 13 Pro Max 128GB Sierra Blue - Unlocked *Read Desc*,$379.99,2025-10-08,https://www.ebay.com/itm/406261055619,https://i.ebayimg.com/images/g/JaUAAeSwTXVo3~Bk/s-l500.webp,128 GB,Unknown,False,iPhone 13 Pro Max,,,,,,,,,,,,,True,,,,
1,Apple iPhone 13 Pro Max 128GB 256GB 512GB 1TB (Verizon Wireless) All Colors,$414.97,2025-10-07,https://www.ebay.com/itm/225871737830,https://i.ebayimg.com/images/g/ikcAAOSwNJ5keged/s-l500.webp,128 GB,Unknown,False,iPhone 13 Pro Max,,,,,,,,,,,,,True,,,,
1,Apple iPhone 13 PRO MAX Factory Unlocked 1TB A2484 GSM CDMA 1Y Excellent Refrb,$674.99,2025-10-06,https://www.ebay.com/itm/365541706471,https://i.ebayimg.com/images/g/JagAAOSwpP1jbvbu/s-l500.webp,Unknown,Excellent,False,iPhone 13 Pro Max,,,,,,,,,,,,,True,,,,
1,Apple iPhone 13 Pro Max - 256 GB - Alpine Green (Unlocked) Good Condition,$434.99,2025-10-05,https://www.ebay.com/itm/286853734705,https://i.ebayimg.com/images/g/gdwAAeSwBEFo3qas/s-l500.webp,256 GB,Good,False,iPhone 13 Pro Max,,,,,,,,,,,,,True,,,,
1,Apple iPhone 13 Pro Max - 256GB - Graphite (Unlocked) - Very Good Condition,$489.99,2025-10-05,https://www.ebay.com/itm/306526887730,https://i.ebayimg.com/images/g/wDwAAeSwln9o1o-A/s-l500.webp,256 GB,Very Good,False,iPhone 13 Pro Max,,,,,,,,,,,,,True,,,,
1,Apple iPhone 13 Pro Max - 256GB - Sierra Blue (Unlocked) - Good Condition,$449.99,2025-04-02,https://www.ebay.com/itm/306159873465,https://i.ebayimg.com/images/g/X-cAAOSwpepnvtej/s-l500.webp,256 GB,Good,False,iPhone 13 Pro Max,,,,,,,,,,,,,True,,,,
1,Apple iPhone 13 Pro Max - 512 GB - Alpine Green - Unlocked - GOOD CONDITION,$565.00,2025-10-05,https://www.ebay.com/itm/157236428414,https://i.ebayimg.com/images/g/8C4AAeSwCIdomi7s/s-l500.webp,512 GB,Unknown,False,iPhone 13 Pro Max,,,,,,,,,,,,,True,,,,
1,Apple iPhone 13 Pro Max 128GB-256GB-512GB All Colors Unlocked A2484 ~ Very Good!,$449.99,2025-10-05,https://www.ebay.com/itm/326450429058,https://i.ebayimg.com/images/g/94wAAOSw5Ttl3Qxm/s-l500.webp,128 GB,Very Good,False,iPhone 13 Pro Max,,,,,,,,,,,,,True,,,,
1,Apple iPhone 13 Pro Max Gold 512GB Good - Refurbished  - Unlocked,$504.99,2025-10-05,https://www.ebay.com/itm/127411060013,https://i.ebayimg.com/images/g/yOcAAeSwxS9o9x2P/s-l500.webp,512 GB,Good,False,iPhone 13 Pro Max,,,,,,,,,,,,,True,,,,
1,Apple iPhone 13 Pro Max - 128 GB - Gold (Unlocked) - Excellent Condition,$489.00,2025-10-04,https://www.ebay.com/itm/336017746933,https://i.ebayimg.com/images/g/M20AAOSwDKtne6Cr/s-l500.webp,128 GB,Excellent,False,iPhone 13 Pro Max,,,,,,,,,,,,,True,,,,
1,Apple iPhone 13 Pro Max Graphite 512GB Good - Refurbished  - Unlocked,$504.99,2025-10-04,https://www.ebay.com/itm/127185353634,https://i.ebayimg.com/images/g/koQAAeSwAupo9t8T/s-l500.webp,512 GB,Good,False,iPhone 13 Pro Max,,,,,,,,,,,,,True,,,,
1,"Apple iPhone 13 Pro Max 128GB Unlocked 6.7"" (Gold) A2484 - w/1 Year Warranty",$442.04,2025-10-04,https://www.ebay.com/itm/357687525844,https://i.ebayimg.com/images/g/1VUAAeSwhk9o3BPc/s-l500.webp,128 GB,Unknown,False,iPhone 13 Pro Max,,,,,,,,,,,,,True,,,,
1,Apple iPhone 13 Pro Max - 512GB - Sierra Blue (Unlocked) - Very Good Condition,$499.99,2025-03-23,https://www.ebay.com/itm/305953641945,https://i.ebayimg.com/images/g/99EAAOSwQydnUB7f/s-l500.webp,512 GB,Very Good,False,iPhone 13 Pro Max,,,,,,,,,,,,,True,,,,
1,iPhone 13 Pro Max - Factory Unlocked - 128GB - Blue - Good,$425.00,2025-10-04,https://www.ebay.com/itm/285638066661,https://i.ebayimg.com/images/g/ZBcAAeSwiI9oemwT/s-l500.webp,128 GB,Good,False,iPhone 13 Pro Max,,,,,,,,,,,,,True,,,,
1,Apple  iPhone 13 Pro Max 5G 256GB Factory Unlocked CDMA + GSM - EXCELLENT,$569.48,2025-10-04,https://www.ebay.com/itm/135248304451,https://i.ebayimg.com/images/g/RSAAAOSwvC1m5cBY/s-l500.webp,256 GB,Unknown,False,iPhone 13 Pro Max,,,,,,,,,,,,,True,,,,
1,Apple iPhone 13 Pro Max 512GB Unlocked Excellent Condition - All Colors,$569.99,2025-10-04,https://www.ebay.com/itm/296095867670,https://i.ebayimg.com/images/g/VssAAOSwCqRmjZup/s-l500.webp,512 GB,Excellent,False,iPhone 13 Pro Max,,,,,,,,,,,,,True,,,,
1,Apple iPhone 13 Pro Max 256GB Unlocked - Good,$466.95,2025-10-03,https://www.ebay.com/itm/385155406663,https://i.ebayimg.com/images/g/V7EAAOSwbhFjLLxB/s-l500.webp,256 GB,Good,False,iPhone 13 Pro Max,,,,,,,,,,,,,True,,,,
1,iPhone 13 Pro Max 128GB Silver Unlocked Excellent Condition,$477.99,2025-03-15,https://www.ebay.com/itm/365321960222,https://i.ebayimg.com/images/g/N~MAAOSwuGxneG04/s-l500.webp,128 GB,Excellent,False,iPhone 13 Pro Max,,,,,,,,,,,,,True,,,,
1,Apple iPhone 13 Pro Max 1TB Unlocked Excellent Condition - All Colors,$649.99,2025-10-03,https://www.ebay.com/itm/285596658861,https://i.ebayimg.com/images/g/U8UAAOSwv2ZmjZwf/s-l500.webp,Unknown,Excellent,False,iPhone 13 Pro Max,,,,,,,,,,,,,True,,,,
1,"Apple iPhone 13 Pro Max 128GB Unlocked 90%+ Battery 6.7"" (Blue) A2484 w/Warranty",$446.00,2025-10-02,https://www.ebay.com/itm/146864707200,https://i.ebayimg.com/images/g/wHMAAeSwl31o3Bcx/s-l500.webp,128 GB,Unknown,False,iPhone 13 Pro Max,,,,,,,,,,,,,True,,,,
1,Apple iPhone 13 Pro Max Blue 512GB Very Good - Refurbished  - Unlocked,$524.99,2025-10-02,https://www.ebay.com/itm/127408493896,https://i.ebayimg.com/images/g/a-AAAeSww3Jo-GU~/s-l500.webp,512 GB,Very Good,False,iPhone 13 Pro Max,,,,,,,,,,,,,True,,,,
1,"Apple iPhone 13 Pro Max 128GB Unlocked 6.7"" (Graphite) A2484 - w/1 Year Warranty",$434.00,2025-10-02,https://www.ebay.com/itm/357444431759,https://i.ebayimg.com/images/g/EIkAAeSwMoVomigi/s-l500.webp,128 GB,Unknown,False,iPhone 13 Pro Max,,,,,,,,,,,,,True,,,,
1,Apple iPhone 13 Pro Max - 128 GB - Graphite - Unlocked - Excellent Condition,$489.00,2025-10-01,https://www.ebay.com/itm/335972101620,https://i.ebayimg.com/images/g/ZKEAAOSwFOhoLaCF/s-l500.webp,128 GB,Excellent,False,iPhone 13 Pro Max,,,,,,,,,,,,,True,,,,
1,Apple iPhone 13 Pro Max 512GB Unlocked Very Good Condition - All Colors,$529.99,2025-10-01,https://www.ebay.com/itm/285596667916,https://i.ebayimg.com/images/g/PwQAAOSwuH5mjZtp/s-l500.webp,512 GB,Very Good,False,iPhone 13 Pro Max,,,,,,,,,,,,,True,,,,
1,Apple iPhone 13 Pro Max 128GB Unlocked - Good,$444.95,2025-10-01,https://www.ebay.com/itm/403960273217,https://i.ebayimg.com/images/g/V7EAAOSwbhFjLLxB/s-l500.webp,128 GB,Good,False,iPhone 13 Pro Max,,,,,,,,,,,,,True,,,,
1,"Apple iPhone 13 Pro Max Unlocked 6.7"" A2484 (Sierra Blue) 128GB (Good)",$399.99,2025-08-22,https://www.ebay.com/itm/205684082805,https://i.ebayimg.com/images/g/q4cAAeSwdzpopy11/s-l500.webp,128 GB,Good,False,iPhone 13 Pro Max,,,,,,,,,,,,,True,,,,
1,"Apple iPhone 13 Pro Max 6.7"" Unlocked 128GB (Sierra Blue) - A2484 w/Warranty",$453.73,2025-09-29,https://www.ebay.com/itm/356726692331,https://i.ebayimg.com/images/g/zBkAAOSw391n6xUo/s-l500.webp,128 GB,Unknown,False,iPhone 13 Pro Max,,,,,,,,,,,,,True,,,,
1,Apple iPhone 13 Pro Max - 1TB - Fully Unlocked (2021),$504.99,2025-09-29,https://www.ebay.com/itm/116454459646,https://i.ebayimg.com/images/g/evAAAOSw02xndBi1/s-l500.webp,Unknown,Unknown,False,iPhone 13 Pro Max,,,,,,,,,,,,,True,,,,
1,Apple iPhone 13 Pro Max - 256 GB - Graphite - Unlocked - Very Good Condition,$479.00,2025-09-29,https://www.ebay.com/itm/336021451218,https://i.ebayimg.com/images/g/OU0AAOSwz4toUnyJ/s-l500.webp,256 GB,Very Good,False,iPhone 13 Pro Max,,,,,,,,,,,,,True,,,,
1,iPhone 13 Pro Max - Factory Unlocked - 256GB - Gray - Very Good,$489.00,2025-09-29,https://www.ebay.com/itm/276255227422,https://i.ebayimg.com/images/g/ZqkAAOSwCAFiWgC8/s-l500.webp,256 GB,Very Good,False,iPhone 13 Pro Max,,,,,,,,,,,,,True,,,,
1,Apple iPhone 13 Pro Max - 128GB - Graphite (Unlocked) A2484 MLKL3LL/A Good,$429.95,2025-04-02,https://www.ebay.com/itm/405706107514,https://i.ebayimg.com/images/g/jSoAAOSwrbBn576w/s-l500.webp,128 GB,Good,False,iPhone 13 Pro Max,,,,,,,,,,,,,True,,,,
1,iPhone 13 Pro Max Green 128Gb Unlocked No Face ID,$259.99,2025-03-27,https://www.ebay.com/itm/405701536046,https://i.ebayimg.com/images/g/6G4AAOSwuHVn5JJ3/s-l500.webp,128 GB,Unknown,False,iPhone 13 Pro Max,,,,,,,,,,,,,True,,,,
1,Apple iPhone 13 Pro Max  - (Unlocked) - A2484 - 1TB - All Colors - Good,$549.99,2025-09-27,https://www.ebay.com/itm/365452820928,https://i.ebayimg.com/images/g/Q5YAAOSw1U5n0ECA/s-l500.webp,Unknown,Good,False,iPhone 13 Pro Max,,,,,,,,,,,,,True,,,,
1,Apple iPhone 13 Pro Max - 256GB - Alpine Green (Unlocked) - Excellent Condition,$509.99,2025-03-12,https://www.ebay.com/itm/306142389375,https://i.ebayimg.com/images/g/QwcAAOSwDGhnvIqJ/s-l500.webp,256 GB,Excellent,False,iPhone 13 Pro Max,,,,,,,,,,,,,True,,,,
1,Apple iPhone 13 Pro Max - 1TB- Fully Unlocked - EXCELLENT Condition,$584.99,2025-03-13,https://www.ebay.com/itm/226619663674,https://i.ebayimg.com/images/g/ndUAAOSwBYRnIVS9/s-l500.webp,Unknown,Unknown,False,iPhone 13 Pro Max,,,,,,,,,,,,,True,,,,
1,Apple iPhone 13 Pro Max 512GB Unlocked Good Condition,$505.60,2025-09-25,https://www.ebay.com/itm/356494369254,https://i.ebayimg.com/images/g/8ncAAOSwljRnkTwt/s-l500.webp,512 GB,Good,False,iPhone 13 Pro Max,,,,,,,,,,,,,True,,,,
1,iPhone 13 Pro Max - Unlocked - 256GB - Silver - Good,$465.00,2025-09-22,https://www.ebay.com/itm/276265302711,https://i.ebayimg.com/images/g/5GgAAOSwIullls8F/s-l500.webp,256 GB,Good,False,iPhone 13 Pro Max,,,,,,,,,,,,,True,,,,
1,Apple iPhone 13 Pro Max - 256 GB - Graphite (All Carriers) Good Refurbished,$454.99,2025-09-22,https://www.ebay.com/itm/286812005763,https://i.ebayimg.com/images/g/qyEAAeSw-5NowJCY/s-l500.webp,256 GB,Good,False,iPhone 13 Pro Max,,,,,,,,,,,,,True,,,,
1,Apple iPhone 13 Pro Max / 128GB / Network Unlocked / Very Good Condition,$439.00,2025-09-21,https://www.ebay.com/itm/156892030647,https://i.ebayimg.com/images/g/jWsAAOSwnT1n0Nl6/s-l500.webp,128 GB,Very Good,False,iPhone 13 Pro Max,,,,,,,,,,,,,True,,,,
1,Apple iPhone 13 Pro Max 1 TB Fully Unlocked - Excellent,$622.99,2025-09-21,https://www.ebay.com/itm/326572487268,https://i.ebayimg.com/images/g/bUMAAOSwff9oHit4/s-l500.webp,Unknown,Excellent,False,iPhone 13 Pro Max,,,,,,,,,,,,,True,,,,
1,Apple iPhone 13 Pro Max 256GB - Fully Unlocked - VERY GOOD Condition!!!!,$508.99,2025-09-18,https://www.ebay.com/itm/326545468151,https://i.ebayimg.com/images/g/ndUAAOSwBYRnIVS9/s-l500.webp,256 GB,Unknown,False,iPhone 13 Pro Max,,,,,,,,,,,,,True,,,,
1,Apple iPhone 13 Pro Max - 256 GB - Sierra Blue - Unlocked - Excellent Condition,$499.00,2025-09-18,https://www.ebay.com/itm/336162502812,https://i.ebayimg.com/images/g/s-MAAeSwLXRouooC/s-l500.webp,256 GB,Excellent,False,iPhone 13 Pro Max,,,,,,,,,,,,,True,,,,
1,Apple iPhone 13 Pro Max - 128 GB - Alpine Green - Unlocked - Excellent Condition,$489.00,2025-09-17,https://www.ebay.com/itm/336069205465,https://i.ebayimg.com/images/g/crMAAeSwhK9od2ec/s-l500.webp,128 GB,Excellent,False,iPhone 13 Pro Max,,,,,,,,,,,,,True,,,,
1,Apple iPhone 13 Pro Max - 128GB - Sierra Blue (Unlocked),$439.99,2025-09-17,https://www.ebay.com/itm/325713083330,https://i.ebayimg.com/images/g/Wx4AAOSwSfljmu4X/s-l500.webp,128 GB,Unknown,False,iPhone 13 Pro Max,,,,,,,,,,,,,True,,,,
1,Apple iPhone 13 Pro Max 256GB Unlocked - Excellent,$504.95,2025-09-17,https://www.ebay.com/itm/364007273533,https://i.ebayimg.com/images/g/V7EAAOSwbhFjLLxB/s-l500.webp,256 GB,Excellent,False,iPhone 13 Pro Max,,,,,,,,,,,,,True,,,,
1,Apple iPhone 13 Pro Max Blue 1000 Very Good - Refurbished  - Unlocked,$586.99,2025-08-16,https://www.ebay.com/itm/127244141089,https://i.ebayimg.com/images/g/e~QAAeSwnYJorw0r/s-l500.webp,Unknown,Very Good,False,iPhone 13 Pro Max,,,,,,,,,,,,,True,,,,
1,Apple iPhone 13 Pro Max Gold 256GB Excellent - Refurbished  - Unlocked,$514.99,2025-08-12,https://www.ebay.com/itm/127187183805,https://i.ebayimg.com/images/g/38wAAeSwWW1ommEA/s-l500.webp,256 GB,Excellent,False,iPhone 13 Pro Max,,,,,,,,,,,,,True,,,,
2,Apple iPhone 13 Pro Max Silver 512GB Good - Refurbished  - Unlocked,$500.99,2025-08-16,https://www.ebay.com/itm/127185439590,https://i.ebayimg.com/images/g/TfUAAeSwCWRooLrY/s-l500.webp,512 GB,Good,False,iPhone 13 Pro Max,,,,,,,,,,,,,True,,,,
2,Apple iPhone 13 Pro Max Gold 256GB Very Good - Refurbished  - Unlocked,$484.99,2025-08-03,https://www.ebay.com/itm/127185353493,https://i.ebayimg.com/images/g/oKcAAeSws9Fojku~/s-l500.webp,256 GB,Very Good,False,iPhone 13 Pro Max,,,,,,,,,,,,,True,,,,
2,"iPhone 13 Pro Max, 256GB, Unlocked, Alpine Green, MNCF3LL/A",$499.95,2025-09-15,https://www.ebay.com/itm/197638670292,https://i.ebayimg.com/images/g/-cgAAeSwGx1oqPtB/s-l500.webp,256 GB,Unknown,False,iPhone 13 Pro Max,,,,,,,,,,,,,True,,,,
2,Apple iPhone 13 Pro Max - 256 GB - Graphite - Unlocked - Excellent Condition,$499.00,2025-09-14,https://www.ebay.com/itm/336099870881,https://i.ebayimg.com/images/g/dHAAAeSwgjJoiy04/s-l500.webp,256 GB,Excellent,False,iPhone 13 Pro Max,,,,,,,,,,,,,True,,,,
2,Apple iPhone 13 Pro Max - 128 GB - Graphite (Unlocked),$510.03,2025-08-05,https://www.ebay.com/itm/187412553285,https://i.ebayimg.com/images/g/rXwAAeSwXghodQp2/s-l500.webp,128 GB,Unknown,False,iPhone 13 Pro Max,,,,,,,,,,,,,True,,,,
2,Apple iPhone 13 Pro Max Unlocked (A2484) - Very Good Condition,$509.99,2025-09-13,https://www.ebay.com/itm/185536021831,https://i.ebayimg.com/images/g/rccAAOSwXYVmu9Nf/s-l500.webp,Unknown,Very Good,False,iPhone 13 Pro Max,,,,,,,,,,,,,True,,,,
2,Apple iPhone 13 Pro Max - 128 GB - Sierra Blue - Unlocked - Excellent Condition,$489.00,2025-09-13,https://www.ebay.com/itm/335954523230,https://i.ebayimg.com/images/g/BZAAAOSwPedoHv6s/s-l500.webp,128 GB,Excellent,False,iPhone 13 Pro Max,,,,,,,,,,,,,True,,,,
2,Apple iPhone 13 Pro Max - 128GB - Verizon AT&T T-Mobile Unlocked (2021),$454.99,2025-09-13,https://www.ebay.com/itm/116666439046,https://i.ebayimg.com/images/g/evAAAOSw02xndBi1/s-l500.webp,128 GB,Unknown,False,iPhone 13 Pro Max,,,,,,,,,,,,,True,,,,
2,Apple iPhone 13 Pro Max 256GB Factory Unlocked - Sierra Blue MLF93LL/A iOS,$499.00,2025-09-13,https://www.ebay.com/itm/306494515785,https://i.ebayimg.com/images/g/ISkAAeSw-z5ow5Os/s-l500.webp,256 GB,Unknown,False,iPhone 13 Pro Max,,,,,,,,,,,,,True,,,,
2,Apple iPhone 13 Pro Max - 256 GB - Silver (Unlocked) - Excellent Condition,$499.00,2025-09-12,https://www.ebay.com/itm/336174649681,https://i.ebayimg.com/images/g/2ZwAAeSwx4pow-qc/s-l500.webp,256 GB,Excellent,False,iPhone 13 Pro Max,,,,,,,,,,,,,True,,,,
2,iPhone 13 Pro Max 128gb Sierra Blue Unlocked *No Face ID*,$329.00,2025-09-11,https://www.ebay.com/itm/406117050777,https://i.ebayimg.com/images/g/cpoAAeSwosxolodU/s-l500.webp,128 GB,Unknown,False,iPhone 13 Pro Max,,,,,,,,,,,,,True,,,,
2,Apple iPhone 13 Pro Max Unlocked (A2484) - Excellent Condition,$519.99,2025-09-09,https://www.ebay.com/itm/185536048323,https://i.ebayimg.com/images/g/U~kAAOSw5SNmu9Nb/s-l500.webp,Unknown,Excellent,False,iPhone 13 Pro Max,,,,,,,,,,,,,True,,,,
2,iPhone 13 Pro Max - Fully Unlocked - 128GB - Gray - Very Good,$445.00,2025-09-09,https://www.ebay.com/itm/285629829399,https://i.ebayimg.com/images/g/ZqkAAOSwCAFiWgC8/s-l500.webp,128 GB,Very Good,False,iPhone 13 Pro Max,,,,,,,,,,,,,True,,,,
2,Apple iPhone 13 Pro Max A2484 128GB Network Unlocked Very Good,$485.69,2025-09-08,https://www.ebay.com/itm/354593770842,https://i.ebayimg.com/images/g/BVQAAOSwRO1jcm3H/s-l500.webp,128 GB,Very Good,False,iPhone 13 Pro Max,,,,,,,,,,,,,True,,,,
2,Apple iPhone 13 Pro Max - 256GB - Graphite (Unlocked) - Good Condition,$469.99,2025-09-06,https://www.ebay.com/itm/306481599682,https://i.ebayimg.com/images/g/NxwAAeSwUOFotssH/s-l500.webp,256 GB,Good,False,iPhone 13 Pro Max,,,,,,,,,,,,,True,,,,
2,Apple iPhone 13 Pro Max - 1 TB - Graphite - Unlocked - Good Refurbished,$509.99,2025-09-05,https://www.ebay.com/itm/127114350628,https://i.ebayimg.com/images/g/bIwAAOSwBh5jJGWA/s-l500.webp,Unknown,Good,False,iPhone 13 Pro Max,,,,,,,,,,,,,True,,,,
2,Apple iPhone 13 Pro Max - 256 GB - Silver (Unlocked) - Very Good Condition,$479.00,2025-09-05,https://www.ebay.com/itm/336162505973,https://i.ebayimg.com/images/g/I3EAAeSwQZZouots/s-l500.webp,256 GB,Very Good,False,iPhone 13 Pro Max,,,,,,,,,,,,,True,,,,
2,Apple iPhone 13 Pro Max - 128 GB - Graphite - Unlocked - Very Good Condition,$422.10,2025-09-05,https://www.ebay.com/itm/335951136763,https://i.ebayimg.com/images/g/lgQAAOSwEIlnvEQN/s-l500.webp,128 GB,Very Good,False,iPhone 13 Pro Max,,,,,,,,,,,,,True,,,,
2,Apple iPhone 13 Pro Max 512GB Unlocked Good Condition - All Colors,$499.99,2025-09-04,https://www.ebay.com/itm/285596675004,https://i.ebayimg.com/images/g/ZlMAAOSwZPpmjZtm/s-l500.webp,512 GB,Good,False,iPhone 13 Pro Max,,,,,,,,,,,,,True,,,,
2,Apple iPhone 13 Pro Max - Unlocked 256GB Alpine Green - Fair,$439.00,2025-09-04,https://www.ebay.com/itm/286090521612,https://i.ebayimg.com/images/g/zY4AAOSwBTlkyR57/s-l500.webp,256 GB,Unknown,False,iPhone 13 Pro Max,,,,,,,,,,,,,True,,,,
2,Apple iPhone 13 Pro Max - 128 GB - Gold - Unlocked - Good Refurbished,$425.00,2025-09-04,https://www.ebay.com/itm/127019750450,https://i.ebayimg.com/images/g/QsYAAOSwfzNn5xHh/s-l500.webp,128 GB,Good,False,iPhone 13 Pro Max,,,,,,,,,,,,,True,,,,
2,Apple iPhone 13 Pro Max - 1TB - Alpine Green (Unlocked) - Very Good Condition,$579.99,2025-09-04,https://www.ebay.com/itm/306481598041,https://i.ebayimg.com/images/g/BrcAAeSwUFJoqBHc/s-l500.webp,Unknown,Very Good,False,iPhone 13 Pro Max,,,,,,,,,,,,,True,,,,
2,Apple iPhone 13 Pro Max - 128GB 256GB 512GB - All Colors - Excellent Condition,$469.00,2025-09-03,https://www.ebay.com/itm/284790606201,https://i.ebayimg.com/images/g/7AQAAOSwopViaxmt/s-l500.webp,128 GB,Excellent,False,iPhone 13 Pro Max,,,,,,,,,,,,,True,,,,
2,Apple iPhone 13 Pro Max 1TB Unlocked Good Condition - All Colors,$529.99,2025-08-31,https://www.ebay.com/itm/285596675077,https://i.ebayimg.com/images/g/4nsAAOSwiptmjZt5/s-l500.webp,Unknown,Good,False,iPhone 13 Pro Max,,,,,,,,,,,,,True,,,,
2,Apple iPhone 13 Pro Max - 128 GB - Sierra Blue Unlocked - Excellent Refurbished,$459.99,2025-08-31,https://www.ebay.com/itm/126995568531,https://i.ebayimg.com/images/g/sfwAAOSw1hln1fff/s-l500.webp,128 GB,Excellent,False,iPhone 13 Pro Max,,,,,,,,,,,,,True,,,,
2,Apple iPhone 13 Pro Max - 512 GB - Alpine Green - Unlocked - Good Refurbished,$449.95,2025-08-29,https://www.ebay.com/itm/127114352971,https://i.ebayimg.com/images/g/YlgAAOSwtjpk73zb/s-l500.webp,512 GB,Good,False,iPhone 13 Pro Max,,,,,,,,,,,,,True,,,,
2,Apple iPhone 13 Pro Max (6.7-in) Smartphone A2484 Unlocked - 128GB/Sierra Blue,$399.99,2025-08-29,https://www.ebay.com/itm/146800841092,https://i.ebayimg.com/images/g/s7sAAeSwRFRo3nhH/s-l500.webp,128 GB,Unknown,False,iPhone 13 Pro Max,,,,,,,,,,,,,True,,,,
2,Apple iPhone 13 Pro Max Graphite 512GB Very Good - Refurbished  - Unlocked,$530.99,2025-07-30,https://www.ebay.com/itm/127271517634,https://i.ebayimg.com/images/g/DjEAAeSwNpxoiN2s/s-l500.webp,512 GB,Very Good,False,iPhone 13 Pro Max,,,,,,,,,,,,,True,,,,
2,iPhone 13 Pro Max 128gb Graphite Unlocked - Good,$349.99,2025-08-28,https://www.ebay.com/itm/406117019651,https://i.ebayimg.com/images/g/AE4AAeSwjuVoloKD/s-l500.webp,128 GB,Good,False,iPhone 13 Pro Max,,,,,,,,,,,,,True,,,,
2,Apple iPhone 13 Pro Max 512GB Fully Unlocked - Good,$529.99,2025-08-27,https://www.ebay.com/itm/226885093247,https://i.ebayimg.com/images/g/bUMAAOSwff9oHit4/s-l500.webp,512 GB,Good,False,iPhone 13 Pro Max,,,,,,,,,,,,,True,,,,
2,Apple iPhone 13 Pro Max 5G 128GB 256GB 512GB 1TB Factory Unlocked Good Grade,$429.99,2025-08-27,https://www.ebay.com/itm/286583264214,https://i.ebayimg.com/images/g/IfYAAOSwZwJhm8GJ/s-l500.webp,128 GB,Good,False,iPhone 13 Pro Max,,,,,,,,,,,,,True,,,,
2,Apple iPhone 13 Pro Max 512GB - Fully Unlocked - VERY GOOD Condition,$522.99,2025-08-26,https://www.ebay.com/itm/226750364979,https://i.ebayimg.com/images/g/ndUAAOSwBYRnIVS9/s-l500.webp,512 GB,Unknown,False,iPhone 13 Pro Max,,,,,,,,,,,,,True,,,,
2,Apple iPhone 13 Pro Max - 128 GB - Sierra Blue -Unlocked- Refurbished MLKP3LL/A,$374.99,2025-08-26,https://www.ebay.com/itm/205693221239,https://i.ebayimg.com/images/g/6G4AAeSw521orfCv/s-l500.webp,128 GB,Unknown,False,iPhone 13 Pro Max,,,,,,,,,,,,,True,,,,
2,iPhone 13 Pro Max 512gb Graphite Unlocked - Good,$405.00,2025-08-26,https://www.ebay.com/itm/406129936825,https://i.ebayimg.com/images/g/-twAAeSweOFonN5b/s-l500.webp,512 GB,Good,False,iPhone 13 Pro Max,,,,,,,,,,,,,True,,,,
2,Apple iPhone 13 Pro Max 128GB Unlocked - Excellent,$439.99,2025-08-25,https://www.ebay.com/itm/256488374956,https://i.ebayimg.com/images/g/rTgAAeSwgfNoNyo0/s-l500.webp,128 GB,Excellent,False,iPhone 13 Pro Max,,,,,,,,,,,,,True,,,,
2,Apple iPhone 13 Pro Max A2484 1TB Unlocked Excellent Condition,$624.76,2025-08-25,https://www.ebay.com/itm/388195525404,https://i.ebayimg.com/images/g/THgAAeSwM61n7xho/s-l500.webp,Unknown,Excellent,False,iPhone 13 Pro Max,,,,,,,,,,,,,True,,,,
2,"Apple iPhone 13 Pro Max-  Fully Unlocked  6.7"" - 128GB -Very Good",$489.00,2025-08-24,https://www.ebay.com/itm/165778620268,https://i.ebayimg.com/images/g/Mr8AAeSwzydo7MZ5/s-l500.webp,128 GB,Very Good,False,iPhone 13 Pro Max,,,,,,,,,,,,,True,,,,
2,Apple iPhone 13 Pro Max A2484 128GB Unlocked Good Condition,$468.20,2025-08-23,https://www.ebay.com/itm/387907209876,https://i.ebayimg.com/images/g/-hYAAeSwAb5np2hy/s-l500.webp,128 GB,Good,False,iPhone 13 Pro Max,,,,,,,,,,,,,True,,,,
2,"Apple iPhone 13 Pro Max A2484 128GB Unlocked Smartphone, Very Good",$481.03,2025-08-22,https://www.ebay.com/itm/267132973163,https://i.ebayimg.com/images/g/rkUAAOSwE95k~0~A/s-l500.webp,128 GB,Very Good,False,iPhone 13 Pro Max,,,,,,,,,,,,,True,,,,
2,Apple iPhone 13 Pro Max Smartphone A2484 1TB Unlocked Very Good,$629.00,2025-08-22,https://www.ebay.com/itm/226225626779,https://i.ebayimg.com/images/g/o4YAAOSw~0tmhewS/s-l500.webp,Unknown,Very Good,False,iPhone 13 Pro Max,,,,,,,,,,,,,True,,,,
2,Apple iPhone 13 Pro Max 128GB Sierra Blue Unlocked *Read Desc*,$349.00,2025-08-21,https://www.ebay.com/itm/406077790115,https://i.ebayimg.com/images/g/s8oAAeSw3R1of~Mf/s-l500.webp,128 GB,Unknown,False,iPhone 13 Pro Max,,,,,,,,,,,,,True,,,,
2,Apple iPhone 13 Pro Max - 1 TB - Gold - Unlocked - Excellent Refurbished,$539.48,2025-08-21,https://www.ebay.com/itm/127100225962,https://i.ebayimg.com/images/g/K3kAAOSwWdBjmeJP/s-l500.webp,Unknown,Excellent,False,iPhone 13 Pro Max,,,,,,,,,,,,,True,,,,
2,Apple iPhone 13 Pro Max A2484 128GB Unlocked Excellent Condition,$470.10,2025-08-15,https://www.ebay.com/itm/388195147730,https://i.ebayimg.com/images/g/5b0AAeSwcqxn7vhT/s-l500.webp,128 GB,Excellent,False,iPhone 13 Pro Max,,,,,,,,,,,,,True,,,,
2,Apple iphone 13 PRO MAX Factory Unlocked 256GB A2484 GSM CDMA 1Year,$599.99,2025-08-14,https://www.ebay.com/itm/267222518126,https://i.ebayimg.com/images/g/WUYAAOSwGJ5nL-PB/s-l500.webp,256 GB,Unknown,False,iPhone 13 Pro Max,,,,,,,,,,,,,True,,,,
2,Apple iPhone 13 Pro Max Alpine Green 256GB Unlocked - Good Condition w/ Chip,$419.99,2025-08-14,https://www.ebay.com/itm/297457496154,https://i.ebayimg.com/images/g/BfUAAeSwJFVobVbX/s-l500.webp,256 GB,Good,False,iPhone 13 Pro Max,,,,,,,,,,,,,True,,,,
2,Apple iPhone 13 Pro Max 5G 128GB 256GB 512GB 1TB Factory Unlocked Grade A,$509.99,2025-08-13,https://www.ebay.com/itm/294570701976,https://i.ebayimg.com/images/g/IfYAAOSwZwJhm8GJ/s-l500.webp,128 GB,Unknown,False,iPhone 13 Pro Max,,,,,,,,,,,,,True,,,,
2,Apple iPhone 13 Pro Max  6.7in 128GB - Fully Unlocked -  Excellent,$464.00,2025-08-13,https://www.ebay.com/itm/166339758932,https://i.ebayimg.com/images/g/ohIAAeSw7QZo5kv5/s-l500.webp,128 GB,Excellent,False,iPhone 13 Pro Max,,,,,,,,,,,,,True,,,,
2,Apple iPhone 13 Pro Max 128GB All Colors Unlocked A2484 ~ Excellent Condition!,$484.99,2025-08-12,https://www.ebay.com/itm/326450443960,https://i.ebayimg.com/images/g/94wAAOSw5Ttl3Qxm/s-l500.webp,128 GB,Excellent,False,iPhone 13 Pro Max,,,,,,,,,,,,,True,,,,
2,iPhone 13 Pro Max 128gb Graphite Unlocked - Great,$349.99,2025-08-11,https://www.ebay.com/itm/406124341452,https://i.ebayimg.com/images/g/ctIAAeSw79homheG/s-l500.webp,128 GB,Unknown,False,iPhone 13 Pro Max,,,,,,,,,,,,,True,,,,
2,iPhone 13 Pro Max 256gb Sierra Blue Unlocked - Very Good,$399.00,2025-08-11,https://www.ebay.com/itm/406124313371,https://i.ebayimg.com/images/g/BVYAAeSwNtNolorr/s-l500.webp,256 GB,Very Good,False,iPhone 13 Pro Max,,,,,,,,,,,,,True,,,,
2,iPhone 13 Pro Max 128gb Silver Unlocked - Excellent,$339.99,2025-08-08,https://www.ebay.com/itm/406117029864,https://i.ebayimg.com/images/g/LMYAAeSwi8loloUe/s-l500.webp,128 GB,Excellent,False,iPhone 13 Pro Max,,,,,,,,,,,,,True,,,,
2,Apple iPhone 13 Pro Max - 512GB - Gold (Unlocked) - Very Good Condition,$549.99,2025-08-08,https://www.ebay.com/itm/306435092376,https://i.ebayimg.com/images/g/RFUAAeSwtLtoikBZ/s-l500.webp,512 GB,Very Good,False,iPhone 13 Pro Max,,,,,,,,,,,,,True,,,,
2,"Apple iPhone 13 Pro Max 256GB 6.7"", Graphite",$499.99,2025-08-08,https://www.ebay.com/itm/365780573198,https://i.ebayimg.com/images/g/wJYAAeSw3wFoksSM/s-l500.webp,256 GB,Unknown,False,iPhone 13 Pro Max,,,,,,,,,,,,,True,,,,
2,Apple iPhone 13 Pro Max- 128GB - Factory Unlocked - Very Good Condition,$480.00,2025-08-07,https://www.ebay.com/itm/115970811845,https://i.ebayimg.com/images/g/2CMAAOSwSxFlTWBf/s-l500.webp,128 GB,Very Good,False,iPhone 13 Pro Max,,,,,,,,,,,,,True,,,,
2,iPhone 13 Pro Max - Factory Unlocked - 256GB - Gray - Good,$465.00,2025-08-07,https://www.ebay.com/itm/276255256825,https://i.ebayimg.com/images/g/ZqkAAOSwCAFiWgC8/s-l500.webp,256 GB,Good,False,iPhone 13 Pro Max,,,,,,,,,,,,,True,,,,
2,iPhone 13 Pro Max - Factory Unlocked - 256GB - Blue - Good,$465.00,2025-08-07,https://www.ebay.com/itm/285638055622,https://i.ebayimg.com/images/g/CyAAAeSwnVpoemvr/s-l500.webp,256 GB,Good,False,iPhone 13 Pro Max,,,,,,,,,,,,,True,,,,
2,Apple iPhone 13 Pro Max 256GB (Unlocked) - Gold,$454.95,2025-08-04,https://www.ebay.com/itm/146752092312,https://i.ebayimg.com/images/g/B~AAAeSw4CBokS32/s-l500.webp,256 GB,Unknown,False,iPhone 13 Pro Max,,,,,,,,,,,,,True,,,,
2,Apple iPhone 13 Pro Max  1TB- Fully Unlocked - VERY GOOD Condition,$550.99,2025-08-04,https://www.ebay.com/itm/226619662480,https://i.ebayimg.com/images/g/ndUAAOSwBYRnIVS9/s-l500.webp,Unknown,Unknown,False,iPhone 13 Pro Max,,,,,,,,,,,,,True,,,,
2,Apple iPhone 13 Pro Max - 1 TB - Silver - Unlocked - Good Refurbished,$510.99,2025-08-04,https://www.ebay.com/itm/127274192834,https://i.ebayimg.com/images/g/A-gAAOSwJvxhQhsT/s-l500.webp,Unknown,Good,False,iPhone 13 Pro Max,,,,,,,,,,,,,True,,,,
2,Apple iPhone 13 Pro Max 128GB Unlocked 5G (GSM + CDMA) - Excellent,$623.95,2025-08-02,https://www.ebay.com/itm/376209536378,https://i.ebayimg.com/images/g/5RoAAOSwo6doESbc/s-l500.webp,128 GB,Excellent,False,iPhone 13 Pro Max,,,,,,,,,,,,,True,,,,
2,Apple iPhone 13 Pro Max 128GB (Unlocked) - Alpine Green,$439.98,2025-08-01,https://www.ebay.com/itm/146745112509,https://i.ebayimg.com/images/g/QmIAAeSwgWRojP37/s-l500.webp,128 GB,Unknown,False,iPhone 13 Pro Max,,,,,,,,,,,,,True,,,,
2,Apple iPhone 13 Pro Max (6.7-in) Smartphone (A2484) Unlocked - 512GB / Blue,$594.99,2025-07-30,https://www.ebay.com/itm/146741447126,https://i.ebayimg.com/images/g/6wIAAeSwpt1oi3CB/s-l500.webp,512 GB,Unknown,False,iPhone 13 Pro Max,,,,,,,,,,,,,True,,,,
2,Apple iPhone 13 Pro Max 128GB 256GB 512GB 1TB (T-Mobile) All Colors,$414.97,2025-07-30,https://www.ebay.com/itm/225871737829,https://i.ebayimg.com/images/g/ikcAAOSwNJ5keged/s-l500.webp,128 GB,Unknown,False,iPhone 13 Pro Max,,,,,,,,,,,,,True,,,,
2,Apple iPhone 13 Pro Max (5G) - 1TB Blue *UNLOCKED* [A2484] Excellent Refurb,$606.99,2025-07-26,https://www.ebay.com/itm/145591959795,https://i.ebayimg.com/images/g/bzoAAOSw6X1lly5M/s-l500.webp,Unknown,Excellent,False,iPhone 13 Pro Max,,,,,,,,,,,,,True,,,,
2,Apple iPhone 13 Pro Max Graphite 256GB Unlocked - Good w/ Burn In/Chipping,$399.99,2025-07-25,https://www.ebay.com/itm/277229943387,https://i.ebayimg.com/images/g/qEYAAeSw9rJoWXuD/s-l500.webp,256 GB,Good,False,iPhone 13 Pro Max,,,,,,,,,,,,,True,,,,
2,Apple iPhone 13 Pro Max - 256 GB - Gold - Unlocked - Good Refurbished,$459.00,2025-07-25,https://www.ebay.com/itm/127019752462,https://i.ebayimg.com/images/g/eCIAAOSwpc9jmpYw/s-l500.webp,256 GB,Good,False,iPhone 13 Pro Max,,,,,,,,,,,,,True,,,,
1,Apple iPhone 14 Pro Max 128GB 256GB 512GB 1TB (Unlocked) All Colors,$479.97,2025-10-22,https://www.ebay.com/itm/225871733072,https://i.ebayimg.com/images/g/NawAAOSwj4dkghOz/s-l500.webp,128 GB,Unknown,False,iPhone 14 Pro Max,,,,,,,,,,,,,,True,,,
1,Apple iPhone 14 Pro Max Purple 256GB Good - Refurbished  - Unlocked,$520.99,2025-10-22,https://www.ebay.com/itm/127257210000,https://i.ebayimg.com/images/g/YB8AAeSwRe1o-O1s/s-l500.webp,256 GB,Good,False,iPhone 14 Pro Max,,,,,,,,,,,,,,True,,,
1,Apple iPhone 14 Pro Max 256GB Fully Unlocked  Smartphone - Excellent,$554.99,2025-10-22,https://www.ebay.com/itm/226348179535,https://i.ebayimg.com/images/g/ZekAAOSwjJlm407s/s-l500.webp,256 GB,Excellent,False,iPhone 14 Pro Max,,,,,,,,,,,,,,True,,,
1,"Apple iPhone 14 Pro Max 128GB Unlocked 6.7"" - (Black) A2651 w/1 Year Warranty",$454.00,2025-10-22,https://www.ebay.com/itm/146766599114,https://i.ebayimg.com/images/g/1PAAAeSwBxlomi0E/s-l500.webp,128 GB,Unknown,False,iPhone 14 Pro Max,,,,,,,,,,,,,,True,,,
1,Apple iPhone 14 Pro Max 1TB Unlocked AT&T T-Mobile Verizon Excellent Condition,$605.95,2025-10-22,https://www.ebay.com/itm/296005750940,https://i.ebayimg.com/images/g/7uYAAOSwHwplOHIM/s-l500.webp,Unknown,Excellent,False,iPhone 14 Pro Max,,,,,,,,,,,,,,True,,,
1,"Apple iPhone 14 Pro Max 128GB Unlocked 6.7"" - (Deep Purple) A2651 w/Warranty",$453.00,2025-10-22,https://www.ebay.com/itm/355974857857,https://i.ebayimg.com/images/g/j8wAAOSwPnpmxjjE/s-l500.webp,128 GB,Unknown,False,iPhone 14 Pro Max,,,,,,,,,,,,,,True,,,
1,Apple iPhone 14 Pro Max 256GB Unlocked AT&T T-Mobile Verizon Excellent Condition,$554.95,2025-10-22,https://www.ebay.com/itm/304896789813,https://i.ebayimg.com/images/g/KugAAOSw-9dlEbDx/s-l500.webp,256 GB,Excellent,False,iPhone 14 Pro Max,,,,,,,,,,,,,,True,,,
1,Apple iPhone 14 Pro Max 256GB Unlocked AT&T T-Mobile Verizon Very Good Condition,$526.95,2025-10-22,https://www.ebay.com/itm/295638914780,https://i.ebayimg.com/images/g/Y9cAAOSwwC5lEbEJ/s-l500.webp,256 GB,Very Good,False,iPhone 14 Pro Max,,,,,,,,,,,,,,True,,,
1,Apple iPhone 14 Pro Max 256GB Network Unlocked Excellent Condition,$601.99,2025-10-22,https://www.ebay.com/itm/355063742942,https://i.ebayimg.com/images/g/DloAAeSwnXpou3OQ/s-l500.webp,256 GB,Excellent,False,iPhone 14 Pro Max,,,,,,,,,,,,,,True,,,
1,"Apple iPhone 14 Pro Max 512GB Unlocked 6.7"" - (Black) A2651 w/1 Year Warranty",$519.00,2025-10-22,https://www.ebay.com/itm/356488199137,https://i.ebayimg.com/images/g/1AAAAOSwfF5njrNd/s-l500.webp,512 GB,Unknown,False,iPhone 14 Pro Max,,,,,,,,,,,,,,True,,,
1,Apple iPhone 14 Pro Max 512GB Unlocked AT&T T-Mobile Verizon Good Condition,$503.95,2025-10-22,https://www.ebay.com/itm/295638915357,https://i.ebayimg.com/images/g/AroAAOSwf7RlEhj8/s-l500.webp,512 GB,Good,False,iPhone 14 Pro Max,,,,,,,,,,,,,,True,,,
1,Apple iPhone 14 Pro Max 128GB Unlocked AT&T T-Mobile Verizon Very Good Condition,$487.95,2025-10-22,https://www.ebay.com/itm/295638914070,https://i.ebayimg.com/images/g/JHEAAOSwTs9lEbDa/s-l500.webp,128 GB,Very Good,False,iPhone 14 Pro Max,,,,,,,,,,,,,,True,,,
1,Apple iPhone 14 Pro Max Silver 256GB Very Good - Refurbished  - Unlocked,$540.99,2025-10-22,https://www.ebay.com/itm/127244140235,https://i.ebayimg.com/images/g/4IkAAeSw1oRo-WwH/s-l500.webp,256 GB,Very Good,False,iPhone 14 Pro Max,,,,,,,,,,,,,,True,,,
1,Apple iPhone 14 Pro Max 1TB Unlocked AT&T T-Mobile Verizon Very Good Condition,$578.95,2025-10-22,https://www.ebay.com/itm/295996235898,https://i.ebayimg.com/images/g/qIQAAOSwXYllMb0y/s-l500.webp,Unknown,Very Good,False,iPhone 14 Pro Max,,,,,,,,,,,,,,True,,,
1,Apple iPhone 14 Pro Max Gold 256GB Good - Refurbished  - Unlocked,$520.99,2025-10-22,https://www.ebay.com/itm/127392504279,https://i.ebayimg.com/images/g/ISUAAeSwXpRo-OPC/s-l500.webp,256 GB,Good,False,iPhone 14 Pro Max,,,,,,,,,,,,,,True,,,
1,Apple iPhone 14 Pro Max Black 256GB Good - Refurbished  - Unlocked,$520.99,2025-10-22,https://www.ebay.com/itm/127257210118,https://i.ebayimg.com/images/g/~y0AAeSwZato-X5K/s-l500.webp,256 GB,Good,False,iPhone 14 Pro Max,,,,,,,,,,,,,,True,,,
1,Apple iPhone 14 Pro Max Black 256GB Very Good - Refurbished  - Unlocked,$540.99,2025-10-22,https://www.ebay.com/itm/127408493951,https://i.ebayimg.com/images/g/1lwAAeSwMd9o-VtT/s-l500.webp,256 GB,Very Good,False,iPhone 14 Pro Max,,,,,,,,,,,,,,True,,,
1,Apple iPhone 14 Pro Max 512GB Unlocked Very Good Condition,$551.90,2025-10-22,https://www.ebay.com/itm/356344723615,https://i.ebayimg.com/images/g/Lo8AAOSwmr1nUghf/s-l500.webp,512 GB,Very Good,False,iPhone 14 Pro Max,,,,,,,,,,,,,,True,,,
1,Apple iPhone 14 Pro Max 256GB Unlocked Very Good Condition,$528.18,2025-10-22,https://www.ebay.com/itm/355896538160,https://i.ebayimg.com/images/g/b9AAAOSwPRZnWi3t/s-l500.webp,256 GB,Very Good,False,iPhone 14 Pro Max,,,,,,,,,,,,,,True,,,
1,Apple iPhone 14 Pro Max 128GB Unlocked Very Good Condition - All Colors,$499.99,2025-10-22,https://www.ebay.com/itm/276217872260,https://i.ebayimg.com/images/g/m30AAOSwKUxlcz1I/s-l500.webp,128 GB,Very Good,False,iPhone 14 Pro Max,,,,,,,,,,,,,,True,,,
1,Apple iPhone 14 Pro Max Silver 128GB Very Good - Refurbished  - Unlocked,$514.99,2025-10-22,https://www.ebay.com/itm/127227256612,https://i.ebayimg.com/images/g/ELgAAeSwNiBo-U02/s-l500.webp,128 GB,Very Good,False,iPhone 14 Pro Max,,,,,,,,,,,,,,True,,,
1,Apple iPhone 14 Pro Max 256GB Unlocked AT&T T-Mobile Verizon Good Condition,$494.95,2025-10-22,https://www.ebay.com/itm/295692562931,https://i.ebayimg.com/images/g/D9IAAOSwyXdlEbGA/s-l500.webp,256 GB,Good,False,iPhone 14 Pro Max,,,,,,,,,,,,,,True,,,
1,Apple iPhone 14 Pro Max 512GB Unlocked AT&T T-Mobile Verizon Very Good Condition,$540.95,2025-10-22,https://www.ebay.com/itm/304896790309,https://i.ebayimg.com/images/g/bbkAAOSwb3RlEg-1/s-l500.webp,512 GB,Very Good,False,iPhone 14 Pro Max,,,,,,,,,,,,,,True,,,
1,"Apple iPhone 14 Pro Max 128GB Unlocked 6.7"" (Black) A2651 - w/1 Year Warranty",$490.00,2025-10-22,https://www.ebay.com/itm/146722316019,https://i.ebayimg.com/images/g/HxIAAeSwfk9ofnMn/s-l500.webp,128 GB,Unknown,False,iPhone 14 Pro Max,,,,,,,,,,,,,,True,,,
1,Apple iPhone 14 Pro Max 128GB 256GB Fully Unlocked - Excellent Condition,$550.99,2025-10-21,https://www.ebay.com/itm/177407867249,https://i.ebayimg.com/images/g/xYUAAeSwJFpoxIZ2/s-l500.webp,128 GB,Excellent,False,iPhone 14 Pro Max,,,,,,,,,,,,,,True,,,
1,"Apple iPhone 14 Pro Max 256GB Unlocked 6.7"" - (Black) A2651 w/1 Year Warranty",$490.00,2025-10-21,https://www.ebay.com/itm/146780271613,https://i.ebayimg.com/images/g/EsMAAeSwAE9on5HF/s-l500.webp,256 GB,Unknown,False,iPhone 14 Pro Max,,,,,,,,,,,,,,True,,,
1,Apple iPhone 14 Pro Max 512GB (Unlocked) - Deep Purple - Very Good Condition,$579.98,2025-10-21,https://www.ebay.com/itm/365936178445,https://i.ebayimg.com/images/g/IHgAAeSwVE9o-QJI/s-l500.webp,512 GB,Very Good,False,iPhone 14 Pro Max,,,,,,,,,,,,,,True,,,
1,Apple iPhone 14 Pro Max Gold 256GB Very Good - Refurbished  - Unlocked,$540.99,2025-10-21,https://www.ebay.com/itm/127411071648,https://i.ebayimg.com/images/g/Yl4AAeSwJQJo9tfJ/s-l500.webp,256 GB,Very Good,False,iPhone 14 Pro Max,,,,,,,,,,,,,,True,,,
1,Apple iPhone 14 Pro Max A2651 512GB Unlocked Good Condition,$533.22,2025-10-21,https://www.ebay.com/itm/388150829894,https://i.ebayimg.com/images/g/AYEAAeSwOTdn5En7/s-l500.webp,512 GB,Good,False,iPhone 14 Pro Max,,,,,,,,,,,,,,True,,,
1,Apple iPhone 14 Pro Max 128GB Duel eSIM - XFINITY ONLY - Excellent Condition,$529.99,2024-12-30,https://www.ebay.com/itm/156535227977,https://i.ebayimg.com/images/g/IN8AAOSwQ-xm2d4r/s-l500.webp,128 GB,Excellent,False,iPhone 14 Pro Max,,,,,,,,,,,,,,True,,,
1,Apple iPhone 14 Pro Max 128GB - SPECTRUM LOCKED - Excellent Condition,$529.99,2025-03-18,https://www.ebay.com/itm/156535213673,https://i.ebayimg.com/images/g/IN8AAOSwQ-xm2d4r/s-l500.webp,128 GB,Excellent,False,iPhone 14 Pro Max,,,,,,,,,,,,,,True,,,
1,Apple iPhone 14 Pro Max Smartphone A2651 256GB Unlocked Very Good,$544.99,2025-10-21,https://www.ebay.com/itm/225706049573,https://i.ebayimg.com/images/g/HjYAAOSwt7JmKVGP/s-l500.webp,256 GB,Very Good,False,iPhone 14 Pro Max,,,,,,,,,,,,,,True,,,
1,Apple iPhone 14 Pro Max Silver 128GB Excellent - Refurbished  - Unlocked,$534.99,2025-10-21,https://www.ebay.com/itm/127227256646,https://i.ebayimg.com/images/g/KWYAAeSwQ5do-ClC/s-l500.webp,128 GB,Excellent,False,iPhone 14 Pro Max,,,,,,,,,,,,,,True,,,
1,Apple iPhone 14 Pro Max 1TB Fully Unlocked - Good,$559.99,2025-10-21,https://www.ebay.com/itm/226820693206,https://i.ebayimg.com/images/g/rGgAAOSwr9toUeMg/s-l500.webp,Unknown,Good,False,iPhone 14 Pro Max,,,,,,,,,,,,,,True,,,
1,Apple iPhone 14 PRO MAX  128GB - Fully Unlocked - EXCELLENT Condition,$539.99,2025-10-21,https://www.ebay.com/itm/226619657029,https://i.ebayimg.com/images/g/7BwAAOSwwA5nv22~/s-l500.webp,128 GB,Unknown,False,iPhone 14 Pro Max,,,,,,,,,,,,,,True,,,
1,"Apple iPhone 14 Pro Max 128GB Unlocked 6.7"" (Deep Purple) A2651 - w/Warranty",$475.00,2025-10-21,https://www.ebay.com/itm/376421803501,https://i.ebayimg.com/images/g/F5IAAeSwe85ofnUm/s-l500.webp,128 GB,Unknown,False,iPhone 14 Pro Max,,,,,,,,,,,,,,True,,,
1,Apple iPhone 14 Pro Max - 1 TB -  (Unlocked) - A2651 - All Colors - Excellent,$629.00,2025-10-21,https://www.ebay.com/itm/365466153814,https://i.ebayimg.com/images/g/DrcAAOSw3Lpn0D7B/s-l500.webp,Unknown,Excellent,False,iPhone 14 Pro Max,,,,,,,,,,,,,,True,,,
1,Apple iPhone 14 Pro Max Silver 256GB Good - Refurbished  - Unlocked,$520.99,2025-10-21,https://www.ebay.com/itm/127187183206,https://i.ebayimg.com/images/g/H0kAAeSwCxho9xMZ/s-l500.webp,256 GB,Good,False,iPhone 14 Pro Max,,,,,,,,,,,,,,True,,,
1,Apple iPhone 14 Pro Max 128GB Unlocked AT&T T-Mobile Verizon Excellent Condition,$501.95,2025-10-20,https://www.ebay.com/itm/304896789674,https://i.ebayimg.com/images/g/kbcAAOSwQRZlEbDB/s-l500.webp,128 GB,Excellent,False,iPhone 14 Pro Max,,,,,,,,,,,,,,True,,,
1,"Apple iPhone 14 Pro Max (256GB, 6GB) 6.7"", Apple A16 Bionic Chipset, iOS 16,",$649.99,2025-09-20,https://www.ebay.com/itm/157017669138,https://i.ebayimg.com/images/g/viEAAeSwOqJoMIyx/s-l500.webp,256 GB,Unknown,False,iPhone 14 Pro Max,,,,,,,,,,,,,,True,,,
1,Apple iPhone 14 Pro Max 512GB Unlocked Excellent Condition,$608.16,2025-10-20,https://www.ebay.com/itm/356387474764,https://i.ebayimg.com/images/g/udEAAOSwjdJnY2Dk/s-l500.webp,512 GB,Excellent,False,iPhone 14 Pro Max,,,,,,,,,,,,,,True,,,
1,Apple iPhone 14 Pro Max Silver 256GB Excellent - Refurbished  - Unlocked,$560.99,2025-10-20,https://www.ebay.com/itm/127420725759,https://i.ebayimg.com/images/g/TxMAAeSw04lo9S0u/s-l500.webp,256 GB,Excellent,False,iPhone 14 Pro Max,,,,,,,,,,,,,,True,,,
1,Apple iPhone 14 Pro Max 128GB Network Unlocked Excellent Condition,$589.91,2025-10-20,https://www.ebay.com/itm/356261055659,https://i.ebayimg.com/images/g/kL4AAOSwUcVnNn2z/s-l500.webp,128 GB,Excellent,False,iPhone 14 Pro Max,,,,,,,,,,,,,,True,,,
1,Apple iPhone 14 Pro Max 128GB Unlocked 90%+ Battery (Purple) A2651 w/Warranty,$499.00,2025-10-19,https://www.ebay.com/itm/376484691735,https://i.ebayimg.com/images/g/K2MAAeSwvXVon5fp/s-l500.webp,128 GB,Unknown,False,iPhone 14 Pro Max,,,,,,,,,,,,,,True,,,
1,Apple iPhone 14 Pro Max 256 GB Space Black Unlocked (All Carriers) Very Good,$549.99,2025-10-19,https://www.ebay.com/itm/286643774945,https://i.ebayimg.com/images/g/1GMAAOSwbwhmyMj~/s-l500.webp,256 GB,Very Good,False,iPhone 14 Pro Max,,,,,,,,,,,,,,True,,,
1,Apple iPhone 14 Pro Max 256GB Unlocked - Excellent,$569.95,2025-10-19,https://www.ebay.com/itm/386938357149,https://i.ebayimg.com/images/g/oSkAAOSwy4dkXPnn/s-l500.webp,256 GB,Excellent,False,iPhone 14 Pro Max,,,,,,,,,,,,,,True,,,
1,Apple iPhone 14 Pro Max 128GB Unlocked - Very Good,$529.99,2025-04-16,https://www.ebay.com/itm/256485352045,https://i.ebayimg.com/images/g/yAEAAeSwYqtoXESr/s-l500.webp,128 GB,Very Good,False,iPhone 14 Pro Max,,,,,,,,,,,,,,True,,,
1,Apple iPhone 14 Pro Max 128GB Unlocked Good Condition - All Colors,$479.99,2025-10-19,https://www.ebay.com/itm/276217881639,https://i.ebayimg.com/images/g/hU8AAOSwnfNlcz6o/s-l500.webp,128 GB,Good,False,iPhone 14 Pro Max,,,,,,,,,,,,,,True,,,
1,Apple iPhone 14 Pro Max 512GB Fully Unlocked Smartphone - Excellent,$629.99,2025-10-19,https://www.ebay.com/itm/226335334596,https://i.ebayimg.com/images/g/-J8AAOSwIWRm2i4t/s-l500.webp,512 GB,Excellent,False,iPhone 14 Pro Max,,,,,,,,,,,,,,True,,,
1,Apple iPhone 14 Pro Max Purple 256GB Very Good - Refurbished  - Unlocked,$540.99,2025-10-19,https://www.ebay.com/itm/127392504324,https://i.ebayimg.com/images/g/1wAAAeSwAi5o9tvy/s-l500.webp,256 GB,Very Good,False,iPhone 14 Pro Max,,,,,,,,,,,,,,True,,,
1,Apple iPhone 14 Pro Max 1TB Unlocked AT&T T-Mobile Verizon Good Condition,$526.95,2025-10-19,https://www.ebay.com/itm/296011042174,https://i.ebayimg.com/images/g/uJcAAOSwQkdl7cja/s-l500.webp,Unknown,Good,False,iPhone 14 Pro Max,,,,,,,,,,,,,,True,,,
1,Apple iPhone 14 Pro Max 512GB Unlocked - Excellent,$609.95,2025-10-18,https://www.ebay.com/itm/387022871966,https://i.ebayimg.com/images/g/oSkAAOSwy4dkXPnn/s-l500.webp,512 GB,Excellent,False,iPhone 14 Pro Max,,,,,,,,,,,,,,True,,,
1,"Apple iPhone 14 Pro Max, 128GB, 6.7"" Unlocked Purple US E-Sim Version Excellent",$520.00,2025-10-18,https://www.ebay.com/itm/406241973790,https://i.ebayimg.com/images/g/GiUAAeSwfdNo1dQr/s-l500.webp,128 GB,Excellent,False,iPhone 14 Pro Max,,,,,,,,,,,,,,True,,,
1,iPhone 14 Pro Max - Factory Unlocked - 128GB - Black - Excellent,$535.00,2025-10-18,https://www.ebay.com/itm/275550774521,https://i.ebayimg.com/images/g/sQYAAOSw1cpjfVUm/s-l500.webp,128 GB,Excellent,False,iPhone 14 Pro Max,,,,,,,,,,,,,,True,,,
1,iPhone 14 Pro Max - Factory Unlocked - 128GB - Purple - Excellent,$535.00,2025-10-18,https://www.ebay.com/itm/275550762506,https://i.ebayimg.com/images/g/4KcAAOSw9rJjSd9W/s-l500.webp,128 GB,Excellent,False,iPhone 14 Pro Max,,,,,,,,,,,,,,True,,,
1,iPhone 14 Pro Max - Factory Unlocked - 1TB - Black - Good,$629.00,2025-10-18,https://www.ebay.com/itm/276098203339,https://i.ebayimg.com/images/g/sQYAAOSw1cpjfVUm/s-l500.webp,Unknown,Good,False,iPhone 14 Pro Max,,,,,,,,,,,,,,True,,,
1,Apple iPhone 14 Pro Max 1TB Unlocked - Excellent,$655.95,2025-10-18,https://www.ebay.com/itm/364884552814,https://i.ebayimg.com/images/g/VpAAAOSwq1pkW5r7/s-l500.webp,Unknown,Excellent,False,iPhone 14 Pro Max,,,,,,,,,,,,,,True,,,
1,Apple iPhone 14 Pro Max 512GB Unlocked AT&T T-Mobile Verizon Excellent Condition,$577.95,2025-10-18,https://www.ebay.com/itm/304896790244,https://i.ebayimg.com/images/g/STcAAOSwyZhlEhip/s-l500.webp,512 GB,Excellent,False,iPhone 14 Pro Max,,,,,,,,,,,,,,True,,,
1,iPhone 14 Pro Max - Factory Unlocked - 128GB - Silver - Good,$465.00,2025-10-17,https://www.ebay.com/itm/285390889914,https://i.ebayimg.com/images/g/uWkAAOSwA7hjiSOq/s-l500.webp,128 GB,Good,False,iPhone 14 Pro Max,,,,,,,,,,,,,,True,,,
1,Apple iPhone 14 Pro Max - 128GB 256GB 512GB 1TB - All Colors - Good Condition,$465.00,2025-10-17,https://www.ebay.com/itm/285828804042,https://i.ebayimg.com/images/g/dcIAAOSwQQ9mKYOb/s-l500.webp,128 GB,Good,False,iPhone 14 Pro Max,,,,,,,,,,,,,,True,,,
1,iPhone 14 Pro Max - Factory Unlocked - 128GB - Black - Good,$465.00,2025-10-17,https://www.ebay.com/itm/285159693194,https://i.ebayimg.com/images/g/sQYAAOSw1cpjfVUm/s-l500.webp,128 GB,Good,False,iPhone 14 Pro Max,,,,,,,,,,,,,,True,,,
1,iPhone 14 Pro Max - Factory Unlocked - 128GB - Purple - Good,$465.00,2025-10-17,https://www.ebay.com/itm/285209268102,https://i.ebayimg.com/images/g/~IcAAOSwzzNkJGYB/s-l500.webp,128 GB,Good,False,iPhone 14 Pro Max,,,,,,,,,,,,,,True,,,
1,"Apple iPhone 14 Pro Max, 128GB, 6.7"" - Unlocked - Black - Excellent",$520.00,2025-10-17,https://www.ebay.com/itm/406241973792,https://i.ebayimg.com/images/g/Ek8AAeSwfcZo1dR3/s-l500.webp,128 GB,Excellent,False,iPhone 14 Pro Max,,,,,,,,,,,,,,True,,,
1,"Apple iPhone 14 Pro Max 256GB Unlocked 6.7"" - (Deep Purple) A2651 w/Warranty",$487.00,2025-10-17,https://www.ebay.com/itm/146822590886,https://i.ebayimg.com/images/g/SE8AAeSwrElowHMR/s-l500.webp,256 GB,Unknown,False,iPhone 14 Pro Max,,,,,,,,,,,,,,True,,,
1,Apple iPhone 14 Pro Max Silver 128GB Good - Refurbished  - Unlocked,$484.99,2025-10-17,https://www.ebay.com/itm/127411060035,https://i.ebayimg.com/images/g/CO8AAeSwdg9o8nD5/s-l500.webp,128 GB,Good,False,iPhone 14 Pro Max,,,,,,,,,,,,,,True,,,
1,Apple iPhone 14 Pro Max A2561 128GB Silver - Unlocked - Good,$469.50,2025-10-17,https://www.ebay.com/itm/357758224119,https://i.ebayimg.com/images/g/axIAAeSwoTZo8EEq/s-l500.webp,128 GB,Good,False,iPhone 14 Pro Max,,,,,,,,,,,,,,True,,,
1,iPhone 14 Pro Max - Factory Unlocked - 512GB - Purple - Good,$565.00,2025-10-16,https://www.ebay.com/itm/275843408718,https://i.ebayimg.com/images/g/KE4AAOSwI9RjYtee/s-l500.webp,512 GB,Good,False,iPhone 14 Pro Max,,,,,,,,,,,,,,True,,,
1,Apple iPhone 14 Pro Max Smartphone A2651 128GB Unlocked Very Good,$516.00,2025-10-16,https://www.ebay.com/itm/225705120453,https://i.ebayimg.com/images/g/toIAAOSwxrpmK-gU/s-l500.webp,128 GB,Very Good,False,iPhone 14 Pro Max,,,,,,,,,,,,,,True,,,
1,iPhone 14 Pro Max - Factory Unlocked - 256GB - Gold - Excellent,$585.00,2025-10-16,https://www.ebay.com/itm/275659511351,https://i.ebayimg.com/images/g/nwYAAOSwdUJjYswX/s-l500.webp,256 GB,Excellent,False,iPhone 14 Pro Max,,,,,,,,,,,,,,True,,,
1,Apple iPhone 14 Pro Max 1TB Fully Unlocked Smartphone - Excellent,$689.00,2025-10-16,https://www.ebay.com/itm/226335381015,https://i.ebayimg.com/images/g/UqEAAOSwqKBm2jPl/s-l500.webp,Unknown,Excellent,False,iPhone 14 Pro Max,,,,,,,,,,,,,,True,,,
1,Apple iPhone 14 Pro Max - 512 GB - Deep Purple Unlocked - Excellent Refurbished,$677.00,2025-03-16,https://www.ebay.com/itm/126995888848,https://i.ebayimg.com/images/g/v-MAAOSwETxj4pM1/s-l500.webp,512 GB,Excellent,False,iPhone 14 Pro Max,,,,,,,,,,,,,,True,,,
1,"Apple iPhone 14 Pro Max 128GB Unlocked 6.7"" - (Silver) A2651 w/1 Year Warranty",$503.28,2025-10-15,https://www.ebay.com/itm/146838642031,https://i.ebayimg.com/images/g/L7kAAeSwGetoyx1-/s-l500.webp,128 GB,Unknown,False,iPhone 14 Pro Max,,,,,,,,,,,,,,True,,,
1,Apple iPhone 14 Pro Max 128GB Unlocked - Very Good,$518.95,2025-10-15,https://www.ebay.com/itm/364631288081,https://i.ebayimg.com/images/g/VpAAAOSwq1pkW5r7/s-l500.webp,128 GB,Very Good,False,iPhone 14 Pro Max,,,,,,,,,,,,,,True,,,
1,"iPhone 14 Pro Max, 128GB, Unlocked, Silver, MQ8P3LL/A",$524.95,2025-04-15,https://www.ebay.com/itm/135704501103,https://i.ebayimg.com/images/g/UbcAAOSwAdBn~rbD/s-l500.webp,128 GB,Unknown,False,iPhone 14 Pro Max,,,,,,,,,,,,,,True,,,
1,Apple iPhone 14 Pro Max 512GB Unlocked - Very Good,$590.95,2025-10-15,https://www.ebay.com/itm/364849183656,https://i.ebayimg.com/images/g/oSkAAOSwy4dkXPnn/s-l500.webp,512 GB,Very Good,False,iPhone 14 Pro Max,,,,,,,,,,,,,,True,,,
1,Apple iPhone 14 Pro Max - 128 GB - Space Black - Unlocked - Good Refurbished,$471.90,2025-10-15,https://www.ebay.com/itm/127182594872,https://i.ebayimg.com/images/g/8QUAAOSw6oFkBxPk/s-l500.webp,128 GB,Good,False,iPhone 14 Pro Max,,,,,,,,,,,,,,True,,,
1,Apple iPhone 14 Pro Max - 128GB 256GB 512GB 1TB - All Colors - Excellent,$535.00,2025-10-15,https://www.ebay.com/itm/276438541395,https://i.ebayimg.com/images/g/H04AAOSw~I5mKYGg/s-l500.webp,128 GB,Excellent,False,iPhone 14 Pro Max,,,,,,,,,,,,,,True,,,
1,Apple iPhone 14 Pro Max - 256GB - Gold (Unlocked) Excellent,$584.95,2025-04-15,https://www.ebay.com/itm/127055407436,https://i.ebayimg.com/images/g/NpoAAOSwBpVn~ioo/s-l500.webp,256 GB,Excellent,False,iPhone 14 Pro Max,,,,,,,,,,,,,,True,,,
1,Apple iPhone 14 Pro Max Purple 128GB Very Good - Refurbished  - Unlocked,$514.99,2025-10-15,https://www.ebay.com/itm/127206933306,https://i.ebayimg.com/images/g/iGAAAeSwxdZo9tv3/s-l500.webp,128 GB,Very Good,False,iPhone 14 Pro Max,,,,,,,,,,,,,,True,,,
1,Apple iPhone 14 PRO MAX - 128GB -Fully Unlocked - VERY GOOD Condition,$531.99,2025-10-15,https://www.ebay.com/itm/326462800717,https://i.ebayimg.com/images/g/7BwAAOSwwA5nv22~/s-l500.webp,128 GB,Unknown,False,iPhone 14 Pro Max,,,,,,,,,,,,,,True,,,
1,Apple iPhone 14 Pro Max - 128GB 256GB 512GB 1TB - All Colors - Very Good,$510.00,2025-10-14,https://www.ebay.com/itm/276438548821,https://i.ebayimg.com/images/g/VQAAAOSwSBxmKYKO/s-l500.webp,128 GB,Very Good,False,iPhone 14 Pro Max,,,,,,,,,,,,,,True,,,
1,iPhone 14 Pro Max - Factory Unlocked - 128GB - Purple - Very Good,$510.00,2025-10-14,https://www.ebay.com/itm/275811537459,https://i.ebayimg.com/images/g/4KcAAOSw9rJjSd9W/s-l500.webp,128 GB,Very Good,False,iPhone 14 Pro Max,,,,,,,,,,,,,,True,,,
1,Apple iPhone 14 Pro Max - 256 GB - Deep Purple (Unlocked) Good Condition,$489.99,2025-10-14,https://www.ebay.com/itm/286853744560,https://i.ebayimg.com/images/g/TgwAAeSwavdo3qhy/s-l500.webp,256 GB,Good,False,iPhone 14 Pro Max,,,,,,,,,,,,,,True,,,
1,Apple iPhone 14 Pro Max Gold 256GB Excellent - Refurbished  - Unlocked,$550.99,2025-10-14,https://www.ebay.com/itm/127424680780,https://i.ebayimg.com/images/g/Qo0AAeSwoXRo7atI/s-l500.webp,256 GB,Excellent,False,iPhone 14 Pro Max,,,,,,,,,,,,,,True,,,
1,Apple iPhone 14 Pro Max UNLOCKED 128GB 256GB 512GB All Colors A2633 ~ Excellent!,$586.00,2025-10-13,https://www.ebay.com/itm/227023376694,https://i.ebayimg.com/images/g/V8EAAOSwdchlw~V~/s-l500.webp,128 GB,Excellent,False,iPhone 14 Pro Max,,,,,,,,,,,,,,True,,,
1,Apple iPhone 14 Pro Max 128GB Unlocked Good Condition,$530.96,2025-10-13,https://www.ebay.com/itm/356348519692,https://i.ebayimg.com/images/g/eTQAAOSwn8tnU5AY/s-l500.webp,128 GB,Good,False,iPhone 14 Pro Max,,,,,,,,,,,,,,True,,,
1,iPhone 14 Pro Max - Unlocked - 128GB - Gold - Very Good,$509.00,2025-10-13,https://www.ebay.com/itm/276228847681,https://i.ebayimg.com/images/g/WIYAAOSwJENkLwmb/s-l500.webp,128 GB,Very Good,False,iPhone 14 Pro Max,,,,,,,,,,,,,,True,,,
1,Apple iPhone 14 Pro Max 128GB Deep Purple (Unlocked / A2651) MQ8R3LL/A,$474.05,2025-10-13,https://www.ebay.com/itm/127375514760,https://i.ebayimg.com/images/g/7DoAAeSwgyhoyX9x/s-l500.webp,128 GB,Unknown,False,iPhone 14 Pro Max,,,,,,,,,,,,,,True,,,
1,Apple iPhone 14 Pro Max 1TB Fully Unlocked Smartphone - Very Good Condition,$679.00,2025-10-13,https://www.ebay.com/itm/226708186074,https://i.ebayimg.com/images/g/GIIAAeSwatRoASY4/s-l500.webp,Unknown,Very Good,False,iPhone 14 Pro Max,,,,,,,,,,,,,,True,,,
1,"iPhone 14 Pro Max, 256GB, Unlocked, Deep Purple, MQ8W3LL/A",$529.95,2025-10-12,https://www.ebay.com/itm/116817982299,https://i.ebayimg.com/images/g/0-8AAeSwln9o5qLF/s-l500.webp,256 GB,Unknown,False,iPhone 14 Pro Max,,,,,,,,,,,,,,True,,,
1,"iPhone 14 Pro Max, 1TB, Unlocked, Gold, MQ943LL/A",$674.95,2025-03-13,https://www.ebay.com/itm/135615883327,https://i.ebayimg.com/images/g/wrAAAOSwzeVn0Kmp/s-l500.webp,Unknown,Unknown,False,iPhone 14 Pro Max,,,,,,,,,,,,,,True,,,
1,"iPhone 14 Pro Max, 128GB, Unlocked, Deep Purple, MQ8R3LL/A",$524.95,2025-03-19,https://www.ebay.com/itm/135615871968,https://i.ebayimg.com/images/g/9kwAAOSwnENn0Ki2/s-l500.webp,128 GB,Unknown,False,iPhone 14 Pro Max,,,,,,,,,,,,,,True,,,
1,Apple iPhone 14 Pro Max 128GB Unlocked - Excellent,$537.95,2025-10-12,https://www.ebay.com/itm/364894562716,https://i.ebayimg.com/images/g/VpAAAOSwq1pkW5r7/s-l500.webp,128 GB,Excellent,False,iPhone 14 Pro Max,,,,,,,,,,,,,,True,,,
1,Apple iPhone 14 Pro Max Purple 128GB Excellent - Refurbished  - Unlocked,$534.99,2025-10-12,https://www.ebay.com/itm/127363616388,https://i.ebayimg.com/images/g/TSwAAeSwKU5o-XqH/s-l500.webp,128 GB,Excellent,False,iPhone 14 Pro Max,,,,,,,,,,,,,,True,,,
1,Apple iPhone 14 Pro Max 256GB Unlocked Very Good Condition - All Colors,$639.99,2025-10-11,https://www.ebay.com/itm/285598123369,https://i.ebayimg.com/images/g/duYAAOSwig1lcz8I/s-l500.webp,256 GB,Very Good,False,iPhone 14 Pro Max,,,,,,,,,,,,,,True,,,
1,Apple iPhone 14 Pro Max 128GB Fully Unlocked Smartphone - Excellent,$526.00,2025-10-11,https://www.ebay.com/itm/226335170499,https://i.ebayimg.com/images/g/XeIAAOSwQMVm2g4l/s-l500.webp,128 GB,Excellent,False,iPhone 14 Pro Max,,,,,,,,,,,,,,True,,,
1,iPhone 14 Pro Max - Factory Unlocked - 128GB - Silver - Very Good,$509.00,2025-10-11,https://www.ebay.com/itm/275643584205,https://i.ebayimg.com/images/g/uWkAAOSwA7hjiSOq/s-l500.webp,128 GB,Very Good,False,iPhone 14 Pro Max,,,,,,,,,,,,,,True,,,
1,Apple iPhone 14 Pro Max Purple 256GB Excellent - Refurbished  - Unlocked,$550.99,2025-10-10,https://www.ebay.com/itm/127407307005,https://i.ebayimg.com/images/g/4rIAAeSwLwxo6V8U/s-l500.webp,256 GB,Excellent,False,iPhone 14 Pro Max,,,,,,,,,,,,,,True,,,
1,Apple iPhone 14 Pro Max 512GB Unlocked Very Good Condition - All Colors,$669.99,2025-10-10,https://www.ebay.com/itm/296097674434,https://i.ebayimg.com/images/g/1bMAAOSwe6Nlcz~r/s-l500.webp,512 GB,Very Good,False,iPhone 14 Pro Max,,,,,,,,,,,,,,True,,,
1,"Apple iPhone 14 Pro Max 128GB Unlocked 6.7"" (Deep Purple) - A2651 w/Warranty",$524.00,2025-10-10,https://www.ebay.com/itm/357666268015,https://i.ebayimg.com/images/g/fPkAAeSwSaFo1abl/s-l500.webp,128 GB,Unknown,False,iPhone 14 Pro Max,,,,,,,,,,,,,,True,,,
1,Apple iPhone 14 Pro Max 128GB Unlocked AT&T T-Mobile Verizon Good Condition,$466.95,2025-10-10,https://www.ebay.com/itm/295859768986,https://i.ebayimg.com/images/g/YAcAAOSwivdltodr/s-l500.webp,128 GB,Good,False,iPhone 14 Pro Max,,,,,,,,,,,,,,True,,,
1,Apple iPhone 14 Pro Max Purple 128GB Good - Refurbished  - Unlocked,$484.99,2025-10-10,https://www.ebay.com/itm/127406887953,https://i.ebayimg.com/images/g/xrwAAeSwV-xo6Sma/s-l500.webp,128 GB,Good,False,iPhone 14 Pro Max,,,,,,,,,,,,,,True,,,
1,Apple iPhone 14 Pro Max 128GB Unlocked Excellent Condition - All Colors,$559.99,2025-10-10,https://www.ebay.com/itm/276217871434,https://i.ebayimg.com/images/g/HXYAAOSwRbVlcz0n/s-l500.webp,128 GB,Excellent,False,iPhone 14 Pro Max,,,,,,,,,,,,,,True,,,
1,Apple iPhone 14 Pro Max 128GB Purple Fully Unlocked MQ8R3LL/A • Excellent Cond.,$499.00,2025-10-10,https://www.ebay.com/itm/306540672004,https://i.ebayimg.com/images/g/lswAAeSwG4ho5~AC/s-l500.webp,128 GB,Excellent,False,iPhone 14 Pro Max,,,,,,,,,,,,,,True,,,
1,"Apple iPhone 14 Pro Max 512GB Unlocked 6.7"" - (Deep Purple) A2651 w/Warranty",$558.08,2025-10-09,https://www.ebay.com/itm/357482006127,https://i.ebayimg.com/images/g/likAAeSwPpdoo5rs/s-l500.webp,512 GB,Unknown,False,iPhone 14 Pro Max,,,,,,,,,,,,,,True,,,
1,Apple iPhone 14 Pro Max - 256 GB - Space Gray (Unlocked) A2651- Very Good,$579.00,2025-03-17,https://www.ebay.com/itm/267150941427,https://i.ebayimg.com/images/g/9IkAAOSwxyhnqReR/s-l500.webp,256 GB,Very Good,False,iPhone 14 Pro Max,,,,,,,,,,,,,,True,,,
1,Apple iPhone 14 Pro Max - 128 GB - Space Black (Unlocked) Good Condition,$449.99,2025-10-09,https://www.ebay.com/itm/286697922246,https://i.ebayimg.com/images/g/f~gAAeSwByhobsUn/s-l500.webp,128 GB,Good,False,iPhone 14 Pro Max,,,,,,,,,,,,,,True,,,
1,Apple iPhone 14 Pro Max 128GB Unlocked - Good,$499.95,2025-10-09,https://www.ebay.com/itm/364812857857,https://i.ebayimg.com/images/g/VpAAAOSwq1pkW5r7/s-l500.webp,128 GB,Good,False,iPhone 14 Pro Max,,,,,,,,,,,,,,True,,,
1,Apple iPhone 14 Pro Max 1TB Deep Purple (Unlocked) - Very Good,$738.99,2025-01-29,https://www.ebay.com/itm/167242936165,https://i.ebayimg.com/images/g/ZMMAAOSw2Epnf-Ce/s-l500.webp,Unknown,Very Good,False,iPhone 14 Pro Max,,,,,,,,,,,,,,True,,,
1,Apple iPhone 14 Pro Max - 128 GB - Silver  - Unlocked - Good Refurbished,$523.00,2025-10-08,https://www.ebay.com/itm/127234248544,https://i.ebayimg.com/images/g/8SUAAOSwLmRj4pNY/s-l500.webp,128 GB,Good,False,iPhone 14 Pro Max,,,,,,,,,,,,,,True,,,
1,Apple  iPhone 14 Pro Max 5G 512GB Factory Unlocked CDMA + GSM - EXCELLENT,$639.48,2025-10-08,https://www.ebay.com/itm/135625659254,https://i.ebayimg.com/images/g/tR8AAOSw7l5n1bGn/s-l500.webp,512 GB,Unknown,False,iPhone 14 Pro Max,,,,,,,,,,,,,,True,,,
1,Apple iPhone 14 Pro Max 256GB Unlocked Excellent Condition - All Colors,$649.99,2025-10-08,https://www.ebay.com/itm/296097664928,https://i.ebayimg.com/images/g/764AAOSwcTxlcz8w/s-l500.webp,256 GB,Excellent,False,iPhone 14 Pro Max,,,,,,,,,,,,,,True,,,
1,Apple iPhone 14 Pro Max - 128 GB - Deep Purple (Unlocked) Good Condition,$449.99,2025-10-08,https://www.ebay.com/itm/286853745298,https://i.ebayimg.com/images/g/q0oAAeSw4V9o3qhz/s-l500.webp,128 GB,Good,False,iPhone 14 Pro Max,,,,,,,,,,,,,,True,,,
1,iPhone 14 Pro Max 128GB GSM / CDMA Unlocked - Space Black - Good,$639.99,2024-07-01,https://www.ebay.com/itm/394984869997,https://i.ebayimg.com/images/g/96cAAOSwnERlSrDp/s-l500.webp,128 GB,Good,False,iPhone 14 Pro Max,,,,,,,,,,,,,,True,,,
1,Apple iPhone 14 Pro Max 256GB GSM / CDMA Unlocked Smartphone - Gold - Very Good,$709.99,2024-06-04,https://www.ebay.com/itm/256285381159,https://i.ebayimg.com/images/g/u8gAAOSw6KtlSpl4/s-l500.webp,256 GB,Very Good,False,iPhone 14 Pro Max,,,,,,,,,,,,,,True,,,
1,iPhone 14 Pro Max - Factory Unlocked - 128GB - Purple - Very Good,$515.00,2025-08-11,https://www.ebay.com/itm/276370326058,https://i.ebayimg.com/images/g/4KcAAOSw9rJjSd9W/s-l500.webp,128 GB,Very Good,False,iPhone 14 Pro Max,,,,,,,,,,,,,,True,,,
1,Apple iPhone 14 Pro Max Black 256GB Excellent - Refurbished  - Unlocked,$560.99,2025-10-06,https://www.ebay.com/itm/127197808951,https://i.ebayimg.com/images/g/0ycAAeSwS1xo-P94/s-l500.webp,256 GB,Excellent,False,iPhone 14 Pro Max,,,,,,,,,,,,,,True,,,
1,Apple iPhone 14 Pro Max 128GB Network Unlocked / E-sim / Very Good Condition,$479.00,2025-10-05,https://www.ebay.com/itm/156786473355,https://i.ebayimg.com/images/g/UJEAAOSwZsBn0LsP/s-l500.webp,128 GB,Very Good,False,iPhone 14 Pro Max,,,,,,,,,,,,,,True,,,
1,Apple iPhone 14 Pro Max 128GB Duel eSIM - US CELLULAR ONLY - Very Good Condition,$499.99,2024-12-20,https://www.ebay.com/itm/186671873236,https://i.ebayimg.com/images/g/IN8AAOSwQ-xm2d4r/s-l500.webp,128 GB,Very Good,False,iPhone 14 Pro Max,,,,,,,,,,,,,,True,,,
1,Apple iPhone 14 Pro Max - 256 GB - Gold (Unlocked) Good Condition,$489.99,2025-10-05,https://www.ebay.com/itm/286853742960,https://i.ebayimg.com/images/g/XpUAAeSwESto3qfs/s-l500.webp,256 GB,Good,False,iPhone 14 Pro Max,,,,,,,,,,,,,,True,,,
1,Apple iPhone 14 Pro Max 128GB 256GB 512GB 1TB Unlocked Smartphone - Good,$549.99,2025-10-04,https://www.ebay.com/itm/156795762716,https://i.ebayimg.com/images/g/z-MAAOSw9EFnxfae/s-l500.webp,128 GB,Good,False,iPhone 14 Pro Max,,,,,,,,,,,,,,True,,,
1,Apple  iPhone 14 Pro Max 5G 1TB Factory Unlocked CDMA + GSM - EXCELLENT,$679.48,2025-10-04,https://www.ebay.com/itm/135625677839,https://i.ebayimg.com/images/g/tR8AAOSw7l5n1bGn/s-l500.webp,Unknown,Unknown,False,iPhone 14 Pro Max,,,,,,,,,,,,,,True,,,
1,Apple iPhone 14 Pro Max 1TB Unlocked Excellent Condition - All Colors,$749.99,2025-10-03,https://www.ebay.com/itm/276217888744,https://i.ebayimg.com/images/g/-JMAAOSwZ69lc0As/s-l500.webp,Unknown,Excellent,False,iPhone 14 Pro Max,,,,,,,,,,,,,,True,,,
1,Apple iPhone 14 Pro Max 256GB Unlocked Good Condition - All Colors,$529.99,2025-10-02,https://www.ebay.com/itm/285598123720,https://i.ebayimg.com/images/g/GOoAAOSwmYhlcz8h/s-l500.webp,256 GB,Good,False,iPhone 14 Pro Max,,,,,,,,,,,,,,True,,,
1,Apple iPhone 14 Pro Max - 128GB - Unlocked- Excellent Refurbished (Physical Sim),$625.00,2025-03-29,https://www.ebay.com/itm/156331703606,https://i.ebayimg.com/images/g/b5wAAOSwW5VndGTV/s-l500.webp,128 GB,Excellent,False,iPhone 14 Pro Max,,,,,,,,,,,,,,True,,,
1,Apple iPhone 14 Pro Max A2651 Unlocked 256GB Silver Very Good,$624.99,2024-12-14,https://www.ebay.com/itm/176497018639,https://i.ebayimg.com/images/g/HvAAAOSwZMhmqF7j/s-l500.webp,256 GB,Very Good,False,iPhone 14 Pro Max,,,,,,,,,,,,,,True,,,
1,iPhone 14 Pro Max - Factory Unlocked - 256GB - Purple - Very Good,$554.00,2025-09-29,https://www.ebay.com/itm/275657273396,https://i.ebayimg.com/images/g/KE4AAOSwI9RjYtee/s-l500.webp,256 GB,Very Good,False,iPhone 14 Pro Max,,,,,,,,,,,,,,True,,,
1,"Apple iPhone 14 Pro Max 256GB Unlocked 6.7"" - (Silver) A2651 w/1 Year Warranty",$550.38,2025-09-29,https://www.ebay.com/itm/357636497522,https://i.ebayimg.com/images/g/PJEAAeSwxFNozB8C/s-l500.webp,256 GB,Unknown,False,iPhone 14 Pro Max,,,,,,,,,,,,,,True,,,
1,Apple iPhone 14 Pro Max 256GB Unlocked - Very Good,$551.95,2025-09-28,https://www.ebay.com/itm/404683624752,https://i.ebayimg.com/images/g/oSkAAOSwy4dkXPnn/s-l500.webp,256 GB,Very Good,False,iPhone 14 Pro Max,,,,,,,,,,,,,,True,,,
1,"Apple iPhone 14 Pro Max 1024GB Unlocked 6.7"" - (Black) A2651 w/1 Year Warranty",$574.31,2025-09-28,https://www.ebay.com/itm/376474757239,https://i.ebayimg.com/images/g/uZ4AAeSwglNoml~J/s-l500.webp,1024 GB,Unknown,False,iPhone 14 Pro Max,,,,,,,,,,,,,,True,,,
1,Apple iPhone 14 Pro Max 1TB Unlocked Good Condition - All Colors,$619.99,2025-09-28,https://www.ebay.com/itm/276217889552,https://i.ebayimg.com/images/g/drMAAOSwa19lcz-I/s-l500.webp,Unknown,Good,False,iPhone 14 Pro Max,,,,,,,,,,,,,,True,,,
1,Apple iPhone 14 Pro Max Silver 256GB Excellent - Refurbished  - Unlocked,$611.99,2025-08-24,https://www.ebay.com/itm/127277791842,https://i.ebayimg.com/images/g/N9oAAeSwK2dopmtD/s-l500.webp,256 GB,Excellent,False,iPhone 14 Pro Max,,,,,,,,,,,,,,True,,,
1,iPhone 14 Pro Max - Factory Unlocked - 256GB - Purple - Good,$514.00,2025-09-26,https://www.ebay.com/itm/275809442928,https://i.ebayimg.com/images/g/4KcAAOSw9rJjSd9W/s-l500.webp,256 GB,Good,False,iPhone 14 Pro Max,,,,,,,,,,,,,,True,,,
1,Apple iPhone 14 Pro Max 256GB Black (Unlocked) - Very Good,$641.99,2024-07-29,https://www.ebay.com/itm/166887264159,https://i.ebayimg.com/images/g/UUEAAOSw1SNmo0U~/s-l500.webp,256 GB,Very Good,False,iPhone 14 Pro Max,,,,,,,,,,,,,,True,,,
1,"Apple iPhone 14 Pro Max 256GB Unlocked 6.7"" (Deep Purple) A2651 - w/Warranty",$538.00,2025-09-24,https://www.ebay.com/itm/376484791338,https://i.ebayimg.com/images/g/EoIAAeSwEYxon6g9/s-l500.webp,256 GB,Unknown,False,iPhone 14 Pro Max,,,,,,,,,,,,,,True,,,
1,Apple  iPhone 14 Pro Max 5G 256GB Factory Unlocked CDMA + GSM - EXCELLENT,$624.48,2025-09-23,https://www.ebay.com/itm/135625628027,https://i.ebayimg.com/images/g/tR8AAOSw7l5n1bGn/s-l500.webp,256 GB,Unknown,False,iPhone 14 Pro Max,,,,,,,,,,,,,,True,,,
1,Apple iPhone 14 Pro Max 1TB Deep Purple (Unlocked) - Excellent,$823.99,2024-11-29,https://www.ebay.com/itm/156538849132,https://i.ebayimg.com/images/g/vW0AAOSw3g1nQbmY/s-l500.webp,Unknown,Excellent,False,iPhone 14 Pro Max,,,,,,,,,,,,,,True,,,
1,"2020 Apple iPhone 14 Pro Max 128GB Unlocked 6.7"" - (Gold) w/1 Year Warranty",$500.18,2025-09-22,https://www.ebay.com/itm/376557359624,https://i.ebayimg.com/images/g/mIMAAeSwN~loyxux/s-l500.webp,128 GB,Unknown,False,iPhone 14 Pro Max,,,,,,,,,,,,,,True,,,
1,Apple iPhone 14 Pro Max 128GB Network Unlocked / E-sim / Excellent Condition,$529.00,2025-09-22,https://www.ebay.com/itm/167370549663,https://i.ebayimg.com/images/g/UJEAAOSwZsBn0LsP/s-l500.webp,128 GB,Excellent,False,iPhone 14 Pro Max,,,,,,,,,,,,,,True,,,
1,Apple iPhone 14 Pro Max 5G Unlocked (A2651) - Excellent Condition,$639.99,2025-09-22,https://www.ebay.com/itm/185871495181,https://i.ebayimg.com/images/g/U8gAAOSw1slmu9SY/s-l500.webp,Unknown,Excellent,False,iPhone 14 Pro Max,,,,,,,,,,,,,,True,,,
1,Apple iPhone 14 Pro Max - 256 GB - Space Black (Unlocked) Good Condition,$519.99,2025-09-21,https://www.ebay.com/itm/286697919980,https://i.ebayimg.com/images/g/3x4AAeSwJflobsSH/s-l500.webp,256 GB,Good,False,iPhone 14 Pro Max,,,,,,,,,,,,,,True,,,
1,Apple iPhone 14 Pro Max A2651 256GB Unlocked Good Condition,$606.09,2025-09-20,https://www.ebay.com/itm/387907209872,https://i.ebayimg.com/images/g/XmwAAeSwiDhnp2iq/s-l500.webp,256 GB,Good,False,iPhone 14 Pro Max,,,,,,,,,,,,,,True,,,
1,Apple iPhone 14 Pro Max Purple 256GB Very Good - Refurbished  - Unlocked,$591.99,2025-08-03,https://www.ebay.com/itm/127257209885,https://i.ebayimg.com/images/g/~OMAAeSwj3xol5Jk/s-l500.webp,256 GB,Very Good,False,iPhone 14 Pro Max,,,,,,,,,,,,,,True,,,
1,Apple iPhone 14 Pro Max Black 256GB Very Good - Refurbished  - Unlocked,$591.99,2025-08-13,https://www.ebay.com/itm/127195098314,https://i.ebayimg.com/images/g/AFkAAeSwp-Nom8Rj/s-l500.webp,256 GB,Very Good,False,iPhone 14 Pro Max,,,,,,,,,,,,,,True,,,
1,Apple iPhone 14 Pro Max Gold 256GB Good - Refurbished  - Unlocked,$571.99,2025-08-21,https://www.ebay.com/itm/127195091154,https://i.ebayimg.com/images/g/iRQAAeSwzeJopnBP/s-l500.webp,256 GB,Good,False,iPhone 14 Pro Max,,,,,,,,,,,,,,True,,,
1,"Apple iPhone 14 Pro Max 256GB Unlocked 6.7"" (Black) - A2651 w/1 Year Warranty",$592.39,2025-09-17,https://www.ebay.com/itm/357622505408,https://i.ebayimg.com/images/g/qwwAAeSwWQVoyFv6/s-l500.webp,256 GB,Unknown,False,iPhone 14 Pro Max,,,,,,,,,,,,,,True,,,
1,Apple iPhone 14 Pro Max 512GB Unlocked Good Condition - All Colors,$579.99,2025-09-15,https://www.ebay.com/itm/276217886958,https://i.ebayimg.com/images/g/8acAAOSwxa1lcz8j/s-l500.webp,512 GB,Good,False,iPhone 14 Pro Max,,,,,,,,,,,,,,True,,,
1,Apple iPhone 14 Pro Max 256GB Silver A2651 Unlocked US Model MQ8U3LL/A • Good,$579.00,2025-09-14,https://www.ebay.com/itm/127359268386,https://i.ebayimg.com/images/g/9XwAAeSwqRVoqGtg/s-l500.webp,256 GB,Good,False,iPhone 14 Pro Max,,,,,,,,,,,,,,True,,,
1,Apple iPhone 14 Pro Max A2651 128GB Unlocked Good Condition,$999.01,2025-09-14,https://www.ebay.com/itm/387907203847,https://i.ebayimg.com/images/g/2QwAAeSwCppnp2d5/s-l500.webp,128 GB,Good,False,iPhone 14 Pro Max,,,,,,,,,,,,,,True,,,
1,Apple iPhone 14 Pro Max - 512 GB - Deep Purple - Unlocked - Excellent Condition,$659.00,2025-09-12,https://www.ebay.com/itm/335991402181,https://i.ebayimg.com/images/g/W84AAOSwMG5oPXPx/s-l500.webp,512 GB,Excellent,False,iPhone 14 Pro Max,,,,,,,,,,,,,,True,,,
1,Apple iPhone 14 Pro Max 128GB 256GB GSM / CDMA Unlocked Smartphone - Good,$530.24,2025-09-12,https://www.ebay.com/itm/355881219046,https://i.ebayimg.com/images/g/RgoAAOSwXHRmmYVE/s-l500.webp,128 GB,Good,False,iPhone 14 Pro Max,,,,,,,,,,,,,,True,,,
1,Apple iPhone 14 Pro Max - 512GB - Purple (Unlocked) B-Stock,$619.98,2025-09-11,https://www.ebay.com/itm/157204093267,https://i.ebayimg.com/images/g/2UAAAeSw1dFoh6MG/s-l500.webp,512 GB,Unknown,False,iPhone 14 Pro Max,,,,,,,,,,,,,,True,,,
1,Apple iPhone 14 Pro Max 1TB Unlocked Very Good Condition - All Colors,$679.99,2025-09-10,https://www.ebay.com/itm/276217889127,https://i.ebayimg.com/images/g/chUAAOSwoUJlcz~b/s-l500.webp,Unknown,Very Good,False,iPhone 14 Pro Max,,,,,,,,,,,,,,True,,,
1,Apple iPhone 14 Pro Max - 1TB - Deep Purple (Unlocked) - Good Condition,$639.99,2025-09-10,https://www.ebay.com/itm/306481627525,https://i.ebayimg.com/images/g/MgEAAeSw4-FottAx/s-l500.webp,Unknown,Good,False,iPhone 14 Pro Max,,,,,,,,,,,,,,True,,,
1,Apple iPhone 14 Pro Max A2651 128GB Deep Purple Unlocked Good Condition,$497.99,2025-09-09,https://www.ebay.com/itm/388632700970,https://i.ebayimg.com/images/g/fisAAeSw~upoXGQw/s-l500.webp,128 GB,Good,False,iPhone 14 Pro Max,,,,,,,,,,,,,,True,,,
1,Apple iPhone 14 Pro Max - 1 TB -  (Unlocked) - A2651 - All Colors - Good,$569.00,2025-09-09,https://www.ebay.com/itm/365454246417,https://i.ebayimg.com/images/g/DrcAAOSw3Lpn0D7B/s-l500.webp,Unknown,Good,False,iPhone 14 Pro Max,,,,,,,,,,,,,,True,,,
1,Apple iPhone 14 Pro Max UNLOCKED 128GB 256GB 512GB All Colors A2633 ~ Very Good!,$544.99,2025-09-08,https://www.ebay.com/itm/326505551377,https://i.ebayimg.com/images/g/V8EAAOSwdchlw~V~/s-l500.webp,128 GB,Very Good,False,iPhone 14 Pro Max,,,,,,,,,,,,,,True,,,
1,Apple iPhone 14 Pro Max A2651 128GB Unlocked Excellent Condition,$561.35,2025-09-06,https://www.ebay.com/itm/388195311029,https://i.ebayimg.com/images/g/KsYAAeSwRVln7wee/s-l500.webp,128 GB,Excellent,False,iPhone 14 Pro Max,,,,,,,,,,,,,,True,,,
1,Apple iPhone 14 Pro Max - 512GB - Purple (Unlocked) C-Stock,$589.98,2025-09-02,https://www.ebay.com/itm/157204095302,https://i.ebayimg.com/images/g/2UAAAeSw1dFoh6MG/s-l500.webp,512 GB,Unknown,False,iPhone 14 Pro Max,,,,,,,,,,,,,,True,,,
1,Apple iPhone 14 Pro Max - 1TB - Gold (Unlocked) - Good Condition,$639.99,2025-09-01,https://www.ebay.com/itm/306397194011,https://i.ebayimg.com/images/g/pf0AAeSwk6xocRsm/s-l500.webp,Unknown,Good,False,iPhone 14 Pro Max,,,,,,,,,,,,,,True,,,
1,Apple iPhone 14 Pro Max 256GB Unlocked - Good,$532.95,2025-08-31,https://www.ebay.com/itm/405015262637,https://i.ebayimg.com/images/g/oSkAAOSwy4dkXPnn/s-l500.webp,256 GB,Good,False,iPhone 14 Pro Max,,,,,,,,,,,,,,True,,,
1,Apple iPhone 14 Pro Max - 128 GB - Deep Purple - Unlocked - Good Refurbished,$527.99,2025-08-29,https://www.ebay.com/itm/127201867867,https://i.ebayimg.com/images/g/9w8AAOSw4TZj4pNW/s-l500.webp,128 GB,Good,False,iPhone 14 Pro Max,,,,,,,,,,,,,,True,,,
1,Apple iPhone 14 PRO MAX - 256GB - Fully Unlocked - VERY GOOD Condition,$597.99,2025-08-28,https://www.ebay.com/itm/326516022425,https://i.ebayimg.com/images/g/7BwAAOSwwA5nv22~/s-l500.webp,256 GB,Unknown,False,iPhone 14 Pro Max,,,,,,,,,,,,,,True,,,
1,Apple iPhone 14 Pro Max - 128GB - ALL COLORS (Factory Unlocked)- Good Refurb,$499.99,2025-08-28,https://www.ebay.com/itm/116373816529,https://i.ebayimg.com/images/g/wD4AAOSwyptmCyWE/s-l500.webp,128 GB,Good,False,iPhone 14 Pro Max,,,,,,,,,,,,,,True,,,
1,"iPhone 14 Pro Max, 256GB, Unlocked, Deep Purple, MQ8W3LL/A",$559.95,2025-08-27,https://www.ebay.com/itm/136366357439,https://i.ebayimg.com/images/g/ebcAAeSwuzNorJg~/s-l500.webp,256 GB,Unknown,False,iPhone 14 Pro Max,,,,,,,,,,,,,,True,,,
1,"iPhone 14 Pro Max, 128GB, Unlocked, Gold, MQ8Q3LL/A",$539.95,2025-08-27,https://www.ebay.com/itm/116750178729,https://i.ebayimg.com/images/g/93MAAeSwufporJSA/s-l500.webp,128 GB,Unknown,False,iPhone 14 Pro Max,,,,,,,,,,,,,,True,,,
1,Apple iPhone 14 Pro Max 512GB Unlocked - Good,$571.95,2025-08-24,https://www.ebay.com/itm/405512719168,https://i.ebayimg.com/images/g/oSkAAOSwy4dkXPnn/s-l500.webp,512 GB,Good,False,iPhone 14 Pro Max,,,,,,,,,,,,,,True,,,
1,Apple iPhone 14 Pro Max (6.7-inch) Smartphone (A2651) Unlocked - 256GB/Black,$599.95,2025-08-18,https://www.ebay.com/itm/146780233146,https://i.ebayimg.com/images/g/dEkAAeSwxT1o3mru/s-l500.webp,256 GB,Unknown,False,iPhone 14 Pro Max,,,,,,,,,,,,,,True,,,
1,Apple iPhone 14 Pro Max A2651 512GB Unlocked Excellent Condition,$664.98,2025-08-18,https://www.ebay.com/itm/388195029441,https://i.ebayimg.com/images/g/AqMAAeSwJQ9n7vAd/s-l500.webp,512 GB,Excellent,False,iPhone 14 Pro Max,,,,,,,,,,,,,,True,,,
1,Apple iPhone 14 Pro Max 512GB Unlocked Excellent Condition - All Colors,$679.99,2025-08-15,https://www.ebay.com/itm/296097674973,https://i.ebayimg.com/images/g/ZxMAAOSwdrBlcz~s/s-l500.webp,512 GB,Excellent,False,iPhone 14 Pro Max,,,,,,,,,,,,,,True,,,
1,iPhone 14 Pro Max - 128GB - Space Black (Unlocked) - Very Good Condition - A2651,$548.00,2025-08-14,https://www.ebay.com/itm/297537389424,https://i.ebayimg.com/images/g/veoAAeSwGHhom4BD/s-l500.webp,128 GB,Very Good,False,iPhone 14 Pro Max,,,,,,,,,,,,,,True,,,
1,Apple iphone 14 PRO MAX A2651 Factory Unlocked 128GB gold color,$734.99,2025-08-14,https://www.ebay.com/itm/267222518163,https://i.ebayimg.com/images/g/OZ0AAOSw~htnD~L~/s-l500.webp,128 GB,Unknown,False,iPhone 14 Pro Max,,,,,,,,,,,,,,True,,,
1,"Apple iPhone 14 Pro Max 6.7"" Smartphone Unlocked 256 GB Flash iOS - Deep Purple",$465.99,2025-08-14,https://www.ebay.com/itm/157244833368,https://i.ebayimg.com/images/g/GDgAAeSwrLxonkja/s-l500.webp,256 GB,Unknown,False,iPhone 14 Pro Max,,,,,,,,,,,,,,True,,,
1,Unlocked Apple iPhone 14 Pro Max - 256GB - Space Black - MQ8T3LL/A,$549.99,2025-08-14,https://www.ebay.com/itm/205671818130,https://i.ebayimg.com/images/g/o8EAAeSw5PFonguN/s-l500.webp,256 GB,Unknown,False,iPhone 14 Pro Max,,,,,,,,,,,,,,True,,,
1,iPhone 14 Pro Max - Factory Unlocked - 128GB - Silver - Excellent,$535.00,2025-08-13,https://www.ebay.com/itm/275661608092,https://i.ebayimg.com/images/g/uWkAAOSwA7hjiSOq/s-l500.webp,128 GB,Excellent,False,iPhone 14 Pro Max,,,,,,,,,,,,,,True,,,
1,Apple iPhone 14 Pro Max 128GB/256GB A2651 Unlocked Smartphone Excellent,$529.99,2025-08-13,https://www.ebay.com/itm/266251802375,https://i.ebayimg.com/images/g/4y8AAeSwOTBoAne7/s-l500.webp,128 GB,Excellent,False,iPhone 14 Pro Max,,,,,,,,,,,,,,True,,,
1,Apple iPhone 14 Pro Max 128GB Unlocked 5G (GSM + CDMA) - Excellent,$736.95,2025-08-12,https://www.ebay.com/itm/375321026813,https://i.ebayimg.com/images/g/uksAAOSwpDxoCqt-/s-l500.webp,128 GB,Excellent,False,iPhone 14 Pro Max,,,,,,,,,,,,,,True,,,
1,Apple iPhone 14 Pro Max - 1 TB - Space Black - Unlocked - Excellent Refurbished,$679.00,2025-08-11,https://www.ebay.com/itm/126995878867,https://i.ebayimg.com/images/g/ixcAAOSw0wRj4pMr/s-l500.webp,Unknown,Excellent,False,iPhone 14 Pro Max,,,,,,,,,,,,,,True,,,
1,iPhone 14 Pro Max - 128GB - Unlocked - Very Good Condition - A2651 - All Colors,$540.00,2025-08-11,https://www.ebay.com/itm/297505484668,https://i.ebayimg.com/images/g/1SAAAeSwoAdoicjl/s-l500.webp,128 GB,Very Good,False,iPhone 14 Pro Max,,,,,,,,,,,,,,True,,,
1,iPhone 14 Pro Max - Unlocked - 256GB - Gold - Very Good,$555.00,2025-08-09,https://www.ebay.com/itm/275976974148,https://i.ebayimg.com/images/g/nwYAAOSwdUJjYswX/s-l500.webp,256 GB,Very Good,False,iPhone 14 Pro Max,,,,,,,,,,,,,,True,,,
1,Apple iphone 14 PRO MAX Factory Unlocked 256GB GSM CDMA,$759.99,2025-08-09,https://www.ebay.com/itm/365541706486,https://i.ebayimg.com/images/g/ykkAAOSwA11k0~fF/s-l500.webp,256 GB,Unknown,False,iPhone 14 Pro Max,,,,,,,,,,,,,,True,,,
1,Apple iPhone 14 Pro Max 128GB Duel eSIM - XFINITY ONLY - Very Good Condition,$499.99,2025-08-09,https://www.ebay.com/itm/186799168915,https://i.ebayimg.com/images/g/IN8AAOSwQ-xm2d4r/s-l500.webp,128 GB,Very Good,False,iPhone 14 Pro Max,,,,,,,,,,,,,,True,,,
1,Apple iPhone 14 Pro Max 1TB Fully Unlocked - Excellent,$648.99,2025-08-07,https://www.ebay.com/itm/226821935560,https://i.ebayimg.com/images/g/rGgAAOSwr9toUeMg/s-l500.webp,Unknown,Excellent,False,iPhone 14 Pro Max,,,,,,,,,,,,,,True,,,
1,Apple iPhone 14 Pro Max - 512 GB - Deep Purple - Unlocked - Very Good Condition,$672.63,2025-08-06,https://www.ebay.com/itm/335899699769,https://i.ebayimg.com/images/g/2BkAAOSw3~RntaOJ/s-l500.webp,512 GB,Very Good,False,iPhone 14 Pro Max,,,,,,,,,,,,,,True,,,
1,Apple iPhone 14 PRO MAX - 1TB - Fully Unlocked - VERY GOOD Condition,$606.99,2025-08-04,https://www.ebay.com/itm/326644885849,https://i.ebayimg.com/images/g/7BwAAOSwwA5nv22~/s-l500.webp,Unknown,Unknown,False,iPhone 14 Pro Max,,,,,,,,,,,,,,True,,,
1,Apple iPhone 14 Pro Max - 128 GB - ALL COLORS (Unlocked)- Very Good Refurb,$509.99,2025-08-04,https://www.ebay.com/itm/116373814535,https://i.ebayimg.com/images/g/wD4AAOSwyptmCyWE/s-l500.webp,128 GB,Very Good,False,iPhone 14 Pro Max,,,,,,,,,,,,,,True,,,
1,iPhone 14 Pro Max - Factory Unlocked - 256GB - Silver - Very Good,$555.00,2025-08-04,https://www.ebay.com/itm/275843349578,https://i.ebayimg.com/images/g/uWkAAOSwA7hjiSOq/s-l500.webp,256 GB,Very Good,False,iPhone 14 Pro Max,,,,,,,,,,,,,,True,,,
1,iPhone 14 Pro Max - Factory Unlocked - 128GB - Black - Very Good,$519.00,2025-08-03,https://www.ebay.com/itm/275615101715,https://i.ebayimg.com/images/g/sQYAAOSw1cpjfVUm/s-l500.webp,128 GB,Very Good,False,iPhone 14 Pro Max,,,,,,,,,,,,,,True,,,
1,Apple iPhone 14 Pro Max - 128GB - Factory Unlocked - Very Good Condition,$559.99,2025-08-03,https://www.ebay.com/itm/146005268986,https://i.ebayimg.com/images/g/~~gAAOSwCSJm2b-H/s-l500.webp,128 GB,Very Good,False,iPhone 14 Pro Max,,,,,,,,,,,,,,True,,,
1,Apple iPhone 14 Pro Max (6.7-inch) Smartphone (A2651) Unlocked - 128GB/Gold,$589.99,2025-08-02,https://www.ebay.com/itm/136255133685,https://i.ebayimg.com/images/g/LhEAAeSwXXho5lPG/s-l500.webp,128 GB,Unknown,False,iPhone 14 Pro Max,,,,,,,,,,,,,,True,,,
1,Apple iPhone 14 Pro Max (6.7-inch) Smartphone (A2651) Unlocked - 256GB/Gold,$599.99,2025-08-01,https://www.ebay.com/itm/146745260071,https://i.ebayimg.com/images/g/AWsAAeSw9G1ojQ-V/s-l500.webp,256 GB,Unknown,False,iPhone 14 Pro Max,,,,,,,,,,,,,,True,,,
1,Apple iPhone 14 Pro Max - 256 GB - Gold- Unlocked - Good Refurbished,$603.99,2025-08-01,https://www.ebay.com/itm/127274134518,https://i.ebayimg.com/images/g/L0gAAOSwOANkjIBk/s-l500.webp,256 GB,Good,False,iPhone 14 Pro Max,,,,,,,,,,,,,,True,,,
1,Apple iPhone 14 Pro Max 48MP Super Retina XDR display A16 Bionic chip,$489.95,2025-07-29,https://www.ebay.com/itm/126911207574,https://i.ebayimg.com/images/g/0tAAAOSw3P9ndEsW/s-l500.webp,Unknown,Unknown,False,iPhone 14 Pro Max,,,,,,,,,,,,,,True,,,
1,Unlocked Apple iPhone 14 Pro Max - 128GB - Deep Purple - MQ8R3LL/A,$529.99,2025-07-29,https://www.ebay.com/itm/205391087826,https://i.ebayimg.com/images/g/lRQAAOSw7W1n7AHf/s-l500.webp,128 GB,Unknown,False,iPhone 14 Pro Max,,,,,,,,,,,,,,True,,,
1,Apple iPhone 14 Pro Max 256GB GSM Unlocked AT&T T-Mobile Very Good Condition,$574.95,2025-07-28,https://www.ebay.com/itm/306147128999,https://i.ebayimg.com/images/g/o3oAAOSwPS9nwdBh/s-l500.webp,256 GB,Very Good,False,iPhone 14 Pro Max,,,,,,,,,,,,,,True,,,
1,Apple iPhone 14 Pro Max - 1TB - Gold (Unlocked) - Very Good Condition,$689.99,2025-07-27,https://www.ebay.com/itm/305859182858,https://i.ebayimg.com/images/g/EfoAAOSwcSNnFjX-/s-l500.webp,Unknown,Very Good,False,iPhone 14 Pro Max,,,,,,,,,,,,,,True,,,
1,Apple iPhone 15 Pro Max 1TB Unlocked AT&T T-Mobile Verizon Excellent Condition,$754.95,2025-10-22,https://www.ebay.com/itm/296153652189,https://i.ebayimg.com/images/g/gyQAAOSwg2NlnBkF/s-l500.webp,Unknown,Excellent,False,iPhone 15 Pro Max,,,,,,,,,,,,,,,True,,
1,Apple iPhone 15 Pro Max A2849 512GB Unlocked Very Good Condition,$652.99,2025-10-22,https://www.ebay.com/itm/357482464547,https://i.ebayimg.com/images/g/nrcAAeSwO~No4-Fe/s-l500.webp,512 GB,Very Good,False,iPhone 15 Pro Max,,,,,,,,,,,,,,,True,,
1,Apple iPhone 15 Pro Max A2849 256GB Unlocked Excellent Condition,$691.99,2025-10-22,https://www.ebay.com/itm/356895100574,https://i.ebayimg.com/images/g/5p8AAeSwZHVou3Tt/s-l500.webp,256 GB,Excellent,False,iPhone 15 Pro Max,,,,,,,,,,,,,,,True,,
1,Apple iPhone 15 Pro Max A2849 256GB Unlocked Very Good,$624.99,2025-10-22,https://www.ebay.com/itm/356227859677,https://i.ebayimg.com/images/g/YX8AAOSwuilm4fHk/s-l500.webp,256 GB,Very Good,False,iPhone 15 Pro Max,,,,,,,,,,,,,,,True,,
1,Apple iPhone 15 Pro Max - 256 GB 512 GB - Unlocked - 90%+ Battery Excellent,$702.05,2025-10-22,https://www.ebay.com/itm/336179330092,https://i.ebayimg.com/images/g/z~AAAeSwMOxox8nz/s-l500.webp,256 GB,Excellent,False,iPhone 15 Pro Max,,,,,,,,,,,,,,,True,,
1,Apple iPhone 15 Pro Max A2849 512GB Unlocked Excellent Condition,$727.99,2025-10-22,https://www.ebay.com/itm/357482540114,https://i.ebayimg.com/images/g/vU4AAeSw2JpowxCV/s-l500.webp,512 GB,Excellent,False,iPhone 15 Pro Max,,,,,,,,,,,,,,,True,,
1,Apple iPhone 15 Pro Max A2849 1TB Natural Unlocked Very Good Condition,$757.22,2025-10-22,https://www.ebay.com/itm/357492955429,https://i.ebayimg.com/images/g/v90AAeSw9TJowxBy/s-l500.webp,Unknown,Very Good,False,iPhone 15 Pro Max,,,,,,,,,,,,,,,True,,
1,Apple iPhone 15 Pro Max 1TB Unlocked AT&T T-Mobile Verizon Very Good Condition,$686.95,2025-10-22,https://www.ebay.com/itm/305340357295,https://i.ebayimg.com/images/g/9wcAAOSw0zlllx~9/s-l500.webp,Unknown,Very Good,False,iPhone 15 Pro Max,,,,,,,,,,,,,,,True,,
1,Apple iPhone 15 Pro Max 256GB Unlocked AT&T T-Mobile Verizon Very Good Condition,$652.95,2025-10-22,https://www.ebay.com/itm/305358724241,https://i.ebayimg.com/images/g/LGsAAOSwRQBlp-is/s-l500.webp,256 GB,Very Good,False,iPhone 15 Pro Max,,,,,,,,,,,,,,,True,,
1,Apple iPhone 15 Pro Max - 256GB 512GB 1TB - All Colors - Excellent Condition,$714.00,2025-10-22,https://www.ebay.com/itm/285827517638,https://i.ebayimg.com/images/g/mhgAAOSwJ11mKC80/s-l500.webp,256 GB,Excellent,False,iPhone 15 Pro Max,,,,,,,,,,,,,,,True,,
1,Apple iPhone 15 Pro Max 256GB Unlocked Good Condition - All Colors,$659.99,2025-10-22,https://www.ebay.com/itm/276217995756,https://i.ebayimg.com/images/g/~hYAAOSwiMJlc1PB/s-l500.webp,256 GB,Good,False,iPhone 15 Pro Max,,,,,,,,,,,,,,,True,,
1,Apple iPhone 15 Pro Max 512GB Unlocked AT&T T-Mobile Verizon Excellent Condition,$713.95,2025-10-22,https://www.ebay.com/itm/296146566883,https://i.ebayimg.com/images/g/QpQAAOSwV-pllyAJ/s-l500.webp,512 GB,Excellent,False,iPhone 15 Pro Max,,,,,,,,,,,,,,,True,,
1,Apple iPhone 15 Pro Max 256GB Unlocked - Excellent,$698.95,2025-10-21,https://www.ebay.com/itm/387296016435,https://i.ebayimg.com/images/g/mtAAAOSwe3FmetfY/s-l500.webp,256 GB,Excellent,False,iPhone 15 Pro Max,,,,,,,,,,,,,,,True,,
1,Apple iPhone 15 Pro Max 256GB Unlocked Excellent Condition - All Colors,$719.99,2025-10-21,https://www.ebay.com/itm/296097787049,https://i.ebayimg.com/images/g/z3YAAOSwiKxlc1Nb/s-l500.webp,256 GB,Excellent,False,iPhone 15 Pro Max,,,,,,,,,,,,,,,True,,
1,Apple iPhone 15 Pro Max 256GB Unlocked AT&T T-Mobile Verizon Excellent Condition,$675.95,2025-10-21,https://www.ebay.com/itm/296155905100,https://i.ebayimg.com/images/g/dAYAAOSw8gJlnZc0/s-l500.webp,256 GB,Excellent,False,iPhone 15 Pro Max,,,,,,,,,,,,,,,True,,
1,Apple iPhone 15 Pro Max 1TB Unlocked AT&T T-Mobile Verizon Good Condition,$672.95,2025-10-21,https://www.ebay.com/itm/305350882094,https://i.ebayimg.com/images/g/CUAAAOSwr3lloFou/s-l500.webp,Unknown,Good,False,iPhone 15 Pro Max,,,,,,,,,,,,,,,True,,
1,Apple iPhone 15 Pro Max - 512GB - Black Titanium - Unlocked - Excellent,$765.00,2025-10-21,https://www.ebay.com/itm/285647921293,https://i.ebayimg.com/images/g/-pgAAOSwEwFlSlZ~/s-l500.webp,512 GB,Excellent,False,iPhone 15 Pro Max,,,,,,,,,,,,,,,True,,
1,Apple iPhone 15 Pro Max 512GB Unlocked AT&T T-Mobile Verizon Very Good Condition,$685.95,2025-10-21,https://www.ebay.com/itm/305340357682,https://i.ebayimg.com/images/g/TqUAAOSwVcRllyAC/s-l500.webp,512 GB,Very Good,False,iPhone 15 Pro Max,,,,,,,,,,,,,,,True,,
1,Apple iPhone 15 Pro Max 256GB Unlocked Very Good Condition - All Colors,$689.99,2025-10-21,https://www.ebay.com/itm/296097789027,https://i.ebayimg.com/images/g/438AAOSwGIVlc1MG/s-l500.webp,256 GB,Very Good,False,iPhone 15 Pro Max,,,,,,,,,,,,,,,True,,
1,Apple iPhone 15 Pro Max 512GB Unlocked Excellent Condition - All Colors,$769.99,2025-10-21,https://www.ebay.com/itm/296097790536,https://i.ebayimg.com/images/g/AP8AAOSwyzFlc1Q2/s-l500.webp,512 GB,Excellent,False,iPhone 15 Pro Max,,,,,,,,,,,,,,,True,,
1,"Apple iPhone 15 Pro Max 6.7"" Unlocked 256GB - (Blue Titanium) A2849 w/Warranty",$639.00,2025-10-21,https://www.ebay.com/itm/376284911182,https://i.ebayimg.com/images/g/L1cAAOSwOWJoNjma/s-l500.webp,256 GB,Unknown,False,iPhone 15 Pro Max,,,,,,,,,,,,,,,True,,
1,Apple iPhone 15 Pro Max - Unlocked - 256GB - Natural Titanium - Good,$665.00,2025-10-21,https://www.ebay.com/itm/276407353478,https://i.ebayimg.com/images/g/gO8AAOSwbWZlZhlg/s-l500.webp,256 GB,Good,False,iPhone 15 Pro Max,,,,,,,,,,,,,,,True,,
1,"Apple iPhone 15 Pro Max, 512GB, Titanium - Unlocked - E sim version - Excellent",$704.99,2025-10-21,https://www.ebay.com/itm/186346123031,https://i.ebayimg.com/images/g/qdgAAOSwVxJl9Jyq/s-l500.webp,512 GB,Excellent,False,iPhone 15 Pro Max,,,,,,,,,,,,,,,True,,
1,Apple iPhone 15 Pro Max 512GB Unlocked AT&T T-Mobile Verizon Good Condition,$648.95,2025-10-20,https://www.ebay.com/itm/305399726355,https://i.ebayimg.com/images/g/mocAAOSwM45maxY6/s-l500.webp,512 GB,Good,False,iPhone 15 Pro Max,,,,,,,,,,,,,,,True,,
1,Apple 90%+ iPhone 15 Pro Max 256GB Unlocked A2849 (Blue Titanium) w/Warranty,$678.00,2025-10-20,https://www.ebay.com/itm/146653083639,https://i.ebayimg.com/images/g/JnwAAOSwLbZoUECj/s-l500.webp,256 GB,Unknown,False,iPhone 15 Pro Max,,,,,,,,,,,,,,,True,,
1,Apple iPhone 15 Pro Max - 256GB - Black Titanium - Unlocked - Excellent,$745.00,2025-10-20,https://www.ebay.com/itm/285616830052,https://i.ebayimg.com/images/g/-pgAAOSwEwFlSlZ~/s-l500.webp,256 GB,Excellent,False,iPhone 15 Pro Max,,,,,,,,,,,,,,,True,,
1,Apple iPhone 15 Pro Max A2849 1TB Unlocked Excellent Condition,$820.73,2025-10-19,https://www.ebay.com/itm/357341419650,https://i.ebayimg.com/images/g/wdwAAeSw-z5owxDh/s-l500.webp,Unknown,Excellent,False,iPhone 15 Pro Max,,,,,,,,,,,,,,,True,,
1,Apple iPhone 15 Pro Max - 1TB - Blue Titanium (Unlocked) - Good Condition,$839.99,2025-04-17,https://www.ebay.com/itm/306189383614,https://i.ebayimg.com/images/g/6kIAAOSwXX5n1CwZ/s-l500.webp,Unknown,Good,False,iPhone 15 Pro Max,,,,,,,,,,,,,,,True,,
1,"Apple iPhone 15 Pro Max 6.7"" Unlocked 256GB (Blue Titanium) A2849 - w/Warranty",$663.00,2025-10-19,https://www.ebay.com/itm/146563753838,https://i.ebayimg.com/images/g/x8AAAOSwMSNoGScj/s-l500.webp,256 GB,Unknown,False,iPhone 15 Pro Max,,,,,,,,,,,,,,,True,,
1,Apple iPhone 15 Pro Max 256GB 512GB 1TB Unlocked Smartphone - Very Good,$739.99,2025-10-18,https://www.ebay.com/itm/156835116708,https://i.ebayimg.com/images/g/HZYAAOSwFrBnyJ6x/s-l500.webp,256 GB,Very Good,False,iPhone 15 Pro Max,,,,,,,,,,,,,,,True,,
1,"Apple iPhone 15 Pro Max, 1TB, Blue Titanium - Unlocked - B-Grade Refurbished",$790.86,2025-03-29,https://www.ebay.com/itm/356587156294,https://i.ebayimg.com/images/g/UNkAAOSw3k5ntPLu/s-l500.webp,Unknown,Unknown,False,iPhone 15 Pro Max,,,,,,,,,,,,,,,True,,
1,Apple iPhone 15 Pro Max 256GB Unlocked AT&T T-Mobile Verizon Good Condition,$643.95,2025-10-18,https://www.ebay.com/itm/296171042934,https://i.ebayimg.com/images/g/9fMAAOSwwM1lqAei/s-l500.webp,256 GB,Good,False,iPhone 15 Pro Max,,,,,,,,,,,,,,,True,,
1,Apple iPhone 15 Pro Max - 256GB - Blue Titanium - Unlocked - Very Good,$677.00,2025-10-18,https://www.ebay.com/itm/285676227597,https://i.ebayimg.com/images/g/5RYAAOSwMfhlVjZH/s-l500.webp,256 GB,Very Good,False,iPhone 15 Pro Max,,,,,,,,,,,,,,,True,,
1,Apple iPhone 15 Pro Max - Unlocked - 256GB - Natural Titanium - Very Good,$716.00,2025-10-16,https://www.ebay.com/itm/276278907104,https://i.ebayimg.com/images/g/gO8AAOSwbWZlZhlg/s-l500.webp,256 GB,Very Good,False,iPhone 15 Pro Max,,,,,,,,,,,,,,,True,,
1,Apple iPhone 15 Pro Max - Unlocked - 256GB - Natural Titanium - Excellent,$714.00,2025-10-15,https://www.ebay.com/itm/276228805725,https://i.ebayimg.com/images/g/gO8AAOSwbWZlZhlg/s-l500.webp,256 GB,Excellent,False,iPhone 15 Pro Max,,,,,,,,,,,,,,,True,,
1,Apple iPhone 15 Pro Max 512GB Unlocked - Excellent,$733.95,2025-10-14,https://www.ebay.com/itm/388885651816,https://i.ebayimg.com/images/g/mtAAAOSwe3FmetfY/s-l500.webp,512 GB,Excellent,False,iPhone 15 Pro Max,,,,,,,,,,,,,,,True,,
1,Apple iPhone 15 Pro Max 1TB Unlocked Very Good Condition - All Colors,$759.99,2025-10-14,https://www.ebay.com/itm/296097791493,https://i.ebayimg.com/images/g/6poAAOSwAP1lc1P3/s-l500.webp,Unknown,Very Good,False,iPhone 15 Pro Max,,,,,,,,,,,,,,,True,,
1,Apple iPhone 15 Pro Max - 256GB - Black Titanium - Unlocked - Very Good,$719.00,2025-10-14,https://www.ebay.com/itm/276239955025,https://i.ebayimg.com/images/g/-pgAAOSwEwFlSlZ~/s-l500.webp,256 GB,Very Good,False,iPhone 15 Pro Max,,,,,,,,,,,,,,,True,,
1,Apple iPhone 15 Pro Max 1TB Unlocked Excellent Condition - All Colors,$789.99,2025-10-13,https://www.ebay.com/itm/276217997337,https://i.ebayimg.com/images/g/KP4AAOSwUq1lc1QR/s-l500.webp,Unknown,Excellent,False,iPhone 15 Pro Max,,,,,,,,,,,,,,,True,,
1,Apple iPhone 15 Pro Max A2849 Unlocked 512GB Black Titanium Good,$639.99,2025-10-13,https://www.ebay.com/itm/186584532558,https://i.ebayimg.com/images/g/-A4AAOSwK4Fmnt9T/s-l500.webp,512 GB,Good,False,iPhone 15 Pro Max,,,,,,,,,,,,,,,True,,
1,Apple iPhone 15 Pro Max - 512GB - Blue Titanium (Unlocked) (eSIM only) Good,$754.95,2025-04-04,https://www.ebay.com/itm/126991702228,https://i.ebayimg.com/images/g/SD4AAOSwJIBn0uOE/s-l500.webp,512 GB,Good,False,iPhone 15 Pro Max,,,,,,,,,,,,,,,True,,
1,Apple iPhone 15 Pro Max 256GB Factory Unlocked ATT TMobile Verizon - Excellent,$698.48,2025-10-13,https://www.ebay.com/itm/116769540341,https://i.ebayimg.com/images/g/qOwAAeSwz-po1Gfe/s-l500.webp,256 GB,Excellent,False,iPhone 15 Pro Max,,,,,,,,,,,,,,,True,,
1,Apple iPhone 15 Pro Max A2849 Unlocked 256GB Black Titanium Good,$649.99,2025-10-12,https://www.ebay.com/itm/196517139678,https://i.ebayimg.com/images/g/7KoAAOSwJalmnt9L/s-l500.webp,256 GB,Good,False,iPhone 15 Pro Max,,,,,,,,,,,,,,,True,,
1,Apple 90%+ iPhone 15 Pro Max 256GB Unlocked A2849 (White Titanium) w/Warranty,$724.13,2025-10-11,https://www.ebay.com/itm/376343730823,https://i.ebayimg.com/images/g/r24AAOSwGnVoUEEl/s-l500.webp,256 GB,Unknown,False,iPhone 15 Pro Max,,,,,,,,,,,,,,,True,,
1,"Apple iPhone 15 Pro Max 1TB Fully Unlocked, Excellent",$819.00,2025-10-09,https://www.ebay.com/itm/226708367465,https://i.ebayimg.com/images/g/AGYAAOSw5WFnmnx0/s-l500.webp,Unknown,Excellent,False,iPhone 15 Pro Max,,,,,,,,,,,,,,,True,,
1,Apple iPhone 15 Pro Max 512GB Unlocked eSim Only Blue Titanium Excellent A2849,$829.95,2025-04-04,https://www.ebay.com/itm/146089071362,https://i.ebayimg.com/images/g/nX0AAOSw88BnBoDd/s-l500.webp,512 GB,Excellent,False,iPhone 15 Pro Max,,,,,,,,,,,,,,,True,,
1,Apple iPhone 15 Pro Max 512GB Unlocked Good Condition - All Colors,$689.99,2025-10-08,https://www.ebay.com/itm/285598246948,https://i.ebayimg.com/images/g/JXUAAOSwy2xlc1QN/s-l500.webp,512 GB,Good,False,iPhone 15 Pro Max,,,,,,,,,,,,,,,True,,
1,Apple iPhone 15 Pro Max - 256GB 512GB 1TB - All Colors - Very Good Condition,$677.00,2025-10-08,https://www.ebay.com/itm/285827536112,https://i.ebayimg.com/images/g/tDkAAOSwRipmKDSe/s-l500.webp,256 GB,Very Good,False,iPhone 15 Pro Max,,,,,,,,,,,,,,,True,,
1,"Apple iPhone 15 Pro Max, 512GB, - Unlocked - Black - Excellent",$750.00,2025-10-08,https://www.ebay.com/itm/406269876638,https://i.ebayimg.com/images/g/mgAAAeSwzydo5VmT/s-l500.webp,512 GB,Excellent,False,iPhone 15 Pro Max,,,,,,,,,,,,,,,True,,
1,"Apple iPhone 15 Pro Max 256GB Fully Unlocked, Excellent",$693.00,2025-10-08,https://www.ebay.com/itm/226572201773,https://i.ebayimg.com/images/g/AGYAAOSw5WFnmnx0/s-l500.webp,256 GB,Excellent,False,iPhone 15 Pro Max,,,,,,,,,,,,,,,True,,
1,Apple iPhone 15 Pro Max 6.7'' 256GB 512GB 1TB Unlocked All Colors - Excellent,$749.99,2025-10-08,https://www.ebay.com/itm/146868768736,https://i.ebayimg.com/images/g/hXQAAeSw9OJo3rIR/s-l500.webp,256 GB,Excellent,False,iPhone 15 Pro Max,,,,,,,,,,,,,,,True,,
1,Unlocked Apple iPhone 15 Pro Max - 256GB - Natural Titanium - MU683LL/A,$719.99,2025-10-07,https://www.ebay.com/itm/186909726662,https://i.ebayimg.com/images/g/e98AAeSwSoVo5WQr/s-l500.webp,256 GB,Unknown,False,iPhone 15 Pro Max,,,,,,,,,,,,,,,True,,
1,Apple iPhone 15 Pro Max 5G 512GB White  [Unlocked For Any Carrier Worldwide],$749.99,2025-10-07,https://www.ebay.com/itm/145952736828,https://i.ebayimg.com/images/g/g58AAOSwlP5mvXz8/s-l500.webp,512 GB,Unknown,False,iPhone 15 Pro Max,,,,,,,,,,,,,,,True,,
1,Apple iPhone 15 Pro Max Super Retina XDR display  6.7‑inch (diagonal) all‑screen,$659.95,2025-10-07,https://www.ebay.com/itm/126911207567,https://i.ebayimg.com/images/g/uDsAAOSw98xndD9k/s-l500.webp,Unknown,Unknown,False,iPhone 15 Pro Max,,,,,,,,,,,,,,,True,,
1,"Apple iPhone 15 Pro Max, 512GB White Titanium [Unlocked] Good Condition",$879.45,2025-03-13,https://www.ebay.com/itm/388047968891,https://i.ebayimg.com/images/g/E-4AAeSwN6dny10X/s-l500.webp,512 GB,Good,False,iPhone 15 Pro Max,,,,,,,,,,,,,,,True,,
1,APPLE IPHONE 15 PRO MAX 256GB 512GB 1TB (UNLOCKED) ✅PHYSICAL SIM ✅ ❖VERY GOOD❖,$949.95,2025-10-07,https://www.ebay.com/itm/226575778402,https://i.ebayimg.com/images/g/PaIAAOSw~~1nnWFH/s-l500.webp,256 GB,Unknown,False,iPhone 15 Pro Max,,,,,,,,,,,,,,,True,,
1,Apple iPhone 15 Pro Max - 512GB - Blue Titanium - Unlocked - Very Good,$755.00,2025-10-07,https://www.ebay.com/itm/285682690158,https://i.ebayimg.com/images/g/5RYAAOSwMfhlVjZH/s-l500.webp,512 GB,Very Good,False,iPhone 15 Pro Max,,,,,,,,,,,,,,,True,,
1,"Apple iPhone 15 Pro Max, 256/512GB, 1TB - Unlocked - Refurbished Excellent",$729.99,2025-10-07,https://www.ebay.com/itm/326721842811,https://i.ebayimg.com/images/g/XzgAAOSwBPJlrqmE/s-l500.webp,512 GB,Excellent,False,iPhone 15 Pro Max,,,,,,,,,,,,,,,True,,
1,Apple iPhone 15 Pro Max 256GB-All Colors (Unlocked) A2849 ~ Excellent Condition!,$729.99,2025-10-06,https://www.ebay.com/itm/226611440118,https://i.ebayimg.com/images/g/C5gAAOSwn9Nnt1B0/s-l500.webp,256 GB,Excellent,False,iPhone 15 Pro Max,,,,,,,,,,,,,,,True,,
1,"Apple iPhone 15 Pro Max 512GB Fully Unlocked, Excellent",$769.00,2025-10-06,https://www.ebay.com/itm/226573889947,https://i.ebayimg.com/images/g/AGYAAOSw5WFnmnx0/s-l500.webp,512 GB,Excellent,False,iPhone 15 Pro Max,,,,,,,,,,,,,,,True,,
1,Apple iPhone 15 Pro Max - Unlocked - Very Good Condition (1Year Warranty),$713.99,2025-10-06,https://www.ebay.com/itm/156538764080,https://i.ebayimg.com/images/g/xRwAAOSwOC5lt~xI/s-l500.webp,Unknown,Very Good,False,iPhone 15 Pro Max,,,,,,,,,,,,,,,True,,
1,Apple iPhone 15 Pro Max Black Good - Refurbished  - Unlocked,$664.99,2025-10-05,https://www.ebay.com/itm/127408494064,https://i.ebayimg.com/images/g/73YAAeSwavdo4reW/s-l500.webp,Unknown,Good,False,iPhone 15 Pro Max,,,,,,,,,,,,,,,True,,
1,Apple iPhone 15 Pro Max Black Very Good - Refurbished  - Unlocked,$684.99,2025-10-05,https://www.ebay.com/itm/127408494054,https://i.ebayimg.com/images/g/6l4AAeSwhk9o4rg7/s-l500.webp,Unknown,Very Good,False,iPhone 15 Pro Max,,,,,,,,,,,,,,,True,,
1,Apple iPhone 15 Pro Max 512GB Unlocked Very Good Condition - All Colors,$719.99,2025-10-05,https://www.ebay.com/itm/296097790409,https://i.ebayimg.com/images/g/bCkAAOSw2Mxlc1QW/s-l500.webp,512 GB,Very Good,False,iPhone 15 Pro Max,,,,,,,,,,,,,,,True,,
1,Apple iPhone 15 Pro Max 512GB Natural Titanium (Unlocked) (eSIM only) Excellent,$839.95,2025-03-17,https://www.ebay.com/itm/405268106126,https://i.ebayimg.com/images/g/bn4AAOSwNIZnAQgU/s-l500.webp,512 GB,Excellent,False,iPhone 15 Pro Max,,,,,,,,,,,,,,,True,,
1,Apple iPhone 15 Pro Max - 256GB 512GB 1TB - All Colors - Good Condition,$573.00,2025-10-05,https://www.ebay.com/itm/276437174355,https://i.ebayimg.com/images/g/-A0AAOSwxlFmKDY0/s-l500.webp,256 GB,Good,False,iPhone 15 Pro Max,,,,,,,,,,,,,,,True,,
1,Apple iPhone 15 Pro Max 256GB Blue Titanium (Unlocked) - Very Good,$719.99,2025-10-05,https://www.ebay.com/itm/157156296120,https://i.ebayimg.com/images/g/9h0AAeSw0W1obpph/s-l500.webp,256 GB,Very Good,False,iPhone 15 Pro Max,,,,,,,,,,,,,,,True,,
1,"Apple iPhone 15 Pro Max 256GB Fully Unlocked, Very Good",$683.00,2025-10-05,https://www.ebay.com/itm/226571854252,https://i.ebayimg.com/images/g/AGYAAOSw5WFnmnx0/s-l500.webp,256 GB,Very Good,False,iPhone 15 Pro Max,,,,,,,,,,,,,,,True,,
1,Apple iPhone 15 Pro Max - 1TB - Blue Titanium (Unlocked) - Very Good Condition,$779.99,2025-10-04,https://www.ebay.com/itm/305856410242,https://i.ebayimg.com/images/g/XwkAAOSwqLJnGJam/s-l500.webp,Unknown,Very Good,False,iPhone 15 Pro Max,,,,,,,,,,,,,,,True,,
1,Apple iPhone 15 Pro Max - 1TB - White Titanium (Unlocked) - Good Condition,$869.99,2025-03-09,https://www.ebay.com/itm/305953657234,https://i.ebayimg.com/images/g/u5QAAOSwh-xnQ0dG/s-l500.webp,Unknown,Good,False,iPhone 15 Pro Max,,,,,,,,,,,,,,,True,,
1,Apple iPhone 15 Pro Max - 512GB - Natural Titanium - Unlocked - Very Good,$758.00,2025-10-03,https://www.ebay.com/itm/276250437843,https://i.ebayimg.com/images/g/bYEAAOSw7MlliyL5/s-l500.webp,512 GB,Very Good,False,iPhone 15 Pro Max,,,,,,,,,,,,,,,True,,
1,Apple iPhone 15 Pro Max (Unlocked) 1TB Black White Blue Titanium - Very Good,$855.99,2025-10-03,https://www.ebay.com/itm/156959617151,https://i.ebayimg.com/images/g/0X8AAOSw~vVoGSoP/s-l500.webp,Unknown,Very Good,False,iPhone 15 Pro Max,,,,,,,,,,,,,,,True,,
1,Apple iPhone 15 Pro Max 1TB Unlocked eSim Only A2849 Blue Titanium Excellent,$809.95,2025-10-02,https://www.ebay.com/itm/146858397389,https://i.ebayimg.com/images/g/CN8AAOSwk5tnFG~3/s-l500.webp,Unknown,Excellent,False,iPhone 15 Pro Max,,,,,,,,,,,,,,,True,,
1,Apple iPhone 15 Pro Max 5G 128GB 256GB 512GB 1TB Fully Unlocked Grade B+,$689.99,2025-10-02,https://www.ebay.com/itm/277131687534,https://i.ebayimg.com/images/g/aBQAAOSwAJll8amj/s-l500.webp,128 GB,Unknown,False,iPhone 15 Pro Max,,,,,,,,,,,,,,,True,,
1,Apple iPhone 15 Pro Max 512GB White Titanium (Unlocked / A2849) MU6C3LL/A,$799.00,2025-10-02,https://www.ebay.com/itm/376589554879,https://i.ebayimg.com/images/g/p6sAAeSwCYho3Tu8/s-l500.webp,512 GB,Unknown,False,iPhone 15 Pro Max,,,,,,,,,,,,,,,True,,
1,Apple iPhone 15 Pro Max 256GB 512GB 1TB Unlocked Smartphone - All Colors - Good,$699.99,2025-10-01,https://www.ebay.com/itm/156765496066,https://i.ebayimg.com/images/g/HZYAAOSwFrBnyJ6x/s-l500.webp,256 GB,Good,False,iPhone 15 Pro Max,,,,,,,,,,,,,,,True,,
1,"Apple iPhone 15 Pro Max 6.7"" Unlocked 256GB - (Black Titanium) A2849 w/Warranty",$663.00,2025-09-30,https://www.ebay.com/itm/357041934546,https://i.ebayimg.com/images/g/wykAAOSw8kRoQhob/s-l500.webp,256 GB,Unknown,False,iPhone 15 Pro Max,,,,,,,,,,,,,,,True,,
1,Apple iPhone 15 Pro Max 256GB Black Titanium - (Unlocked) MU663LL/A Phone,$799.00,2025-03-17,https://www.ebay.com/itm/386534727415,https://i.ebayimg.com/images/g/0h0AAOSw9N1lgwxS/s-l500.webp,256 GB,Unknown,False,iPhone 15 Pro Max,,,,,,,,,,,,,,,True,,
1,Apple iPhone 15 Pro Max - 1TB - White Titanium (Unlocked) - Good Condition,$849.99,2025-03-14,https://www.ebay.com/itm/305874650669,https://i.ebayimg.com/images/g/OK0AAOSwct9nGy0-/s-l500.webp,Unknown,Good,False,iPhone 15 Pro Max,,,,,,,,,,,,,,,True,,
1,Apple 90%+ iPhone 15 Pro Max 256GB Unlocked A2849 (Black Titanium) w/Warranty,$680.00,2025-09-30,https://www.ebay.com/itm/146653078866,https://i.ebayimg.com/images/g/9UQAAOSwOtxoUD~k/s-l500.webp,256 GB,Unknown,False,iPhone 15 Pro Max,,,,,,,,,,,,,,,True,,
1,Unlocked Apple iPhone 15 Pro Max 512GB 1-Year Warranty Smartphone Very Good,$828.99,2025-03-10,https://www.ebay.com/itm/356513642438,https://i.ebayimg.com/images/g/d2wAAOSwASpnmU6l/s-l500.webp,512 GB,Very Good,False,iPhone 15 Pro Max,,,,,,,,,,,,,,,True,,
1,Unlocked Apple iPhone 15 Pro Max - 512GB - Natural Titanium - MU6D3LL/A,$824.99,2025-03-28,https://www.ebay.com/itm/187087733253,https://i.ebayimg.com/images/g/jIoAAOSwGdtn5q3x/s-l500.webp,512 GB,Unknown,False,iPhone 15 Pro Max,,,,,,,,,,,,,,,True,,
1,Unlocked Apple iPhone 15 Pro Max – 256GB – Black Titanium / MU663LL/A,$739.99,2025-03-28,https://www.ebay.com/itm/205383799684,https://i.ebayimg.com/images/g/aasAAOSw6t5n5p3i/s-l500.webp,256 GB,Unknown,False,iPhone 15 Pro Max,,,,,,,,,,,,,,,True,,
1,Apple iPhone 15 Pro Max 1TB Unlocked Good Condition - All Colors,$729.99,2025-09-28,https://www.ebay.com/itm/276217997555,https://i.ebayimg.com/images/g/Pi0AAOSwklVlc1Qn/s-l500.webp,Unknown,Good,False,iPhone 15 Pro Max,,,,,,,,,,,,,,,True,,
1,"Apple iPhone 15 Pro Max 1TB Fully Unlocked, Very Good",$809.00,2025-09-27,https://www.ebay.com/itm/226725533746,https://i.ebayimg.com/images/g/AGYAAOSw5WFnmnx0/s-l500.webp,Unknown,Very Good,False,iPhone 15 Pro Max,,,,,,,,,,,,,,,True,,
1,Apple iPhone 15 Pro Max - 1TB - Black Titanium (Unlocked) - Good Condition,$859.99,2025-03-31,https://www.ebay.com/itm/306204896562,https://i.ebayimg.com/images/g/vQMAAOSwQ2Bn3~ZL/s-l500.webp,Unknown,Good,False,iPhone 15 Pro Max,,,,,,,,,,,,,,,True,,
1,Apple iPhone 15 Pro Max 256GB - Blue Titanium (Unlocked) (eSIM only) Excellent,$729.95,2025-09-26,https://www.ebay.com/itm/146070617241,https://i.ebayimg.com/images/g/pM4AAOSw~JZm-9ml/s-l500.webp,256 GB,Excellent,False,iPhone 15 Pro Max,,,,,,,,,,,,,,,True,,
1,Apple iPhone 15 Pro Max A2849 Unlocked 256GB White Titanium Good,$664.99,2025-09-24,https://www.ebay.com/itm/196520591308,https://i.ebayimg.com/images/g/KQoAAOSwm45moTdE/s-l500.webp,256 GB,Good,False,iPhone 15 Pro Max,,,,,,,,,,,,,,,True,,
1,Apple iPhone 15 Pro Max 5G 128GB 256GB 512GB Fully Unlocked *NO FACE ID* Grade B,$539.99,2025-09-21,https://www.ebay.com/itm/286798817292,https://i.ebayimg.com/images/g/aBQAAOSwAJll8amj/s-l500.webp,128 GB,Unknown,False,iPhone 15 Pro Max,,,,,,,,,,,,,,,True,,
1,Apple iPhone 15 Pro Max 1TB Blue Titanium (Unlocked) - Very Good,$855.99,2025-09-21,https://www.ebay.com/itm/167476387692,https://i.ebayimg.com/images/g/KXQAAOSwo8FoC04O/s-l500.webp,Unknown,Very Good,False,iPhone 15 Pro Max,,,,,,,,,,,,,,,True,,
1,Apple iPhone 15 Pro Max 1TB Titanium - Excellent Refurbished (eSIM Model),$973.04,2025-09-20,https://www.ebay.com/itm/388774287829,https://i.ebayimg.com/images/g/CCEAAeSwWMpoyPLs/s-l500.webp,Unknown,Excellent,False,iPhone 15 Pro Max,,,,,,,,,,,,,,,True,,
1,Apple iPhone 15 Pro Max - 512GB - Excellent Condition- Unlocked-A2849-All Colors,$820.00,2025-09-18,https://www.ebay.com/itm/297507578787,https://i.ebayimg.com/images/g/7QcAAeSwUndoizUZ/s-l500.webp,512 GB,Excellent,False,iPhone 15 Pro Max,,,,,,,,,,,,,,,True,,
1,Apple iPhone 15 Pro Max 256GB 512GB 1TB (Unlocked) Black Blue Natural White,$749.97,2025-09-17,https://www.ebay.com/itm/225915528324,https://i.ebayimg.com/images/g/MZMAAOSw1N5leipm/s-l500.webp,256 GB,Unknown,False,iPhone 15 Pro Max,,,,,,,,,,,,,,,True,,
1,Apple iPhone 15 Pro Max A2849 256GB Unlocked Good Condition,$668.79,2025-09-16,https://www.ebay.com/itm/388124451153,https://i.ebayimg.com/images/g/oQYAAeSw3gRn3act/s-l500.webp,256 GB,Good,False,iPhone 15 Pro Max,,,,,,,,,,,,,,,True,,
1,Apple iPhone 15 Pro Max 512GB Unlocked Good Condition - Black,"$1,758.00",2025-09-15,https://www.ebay.com/itm/286730696411,https://i.ebayimg.com/images/g/ChsAAeSwD6dog-tb/s-l500.webp,512 GB,Good,False,iPhone 15 Pro Max,,,,,,,,,,,,,,,True,,
1,"Apple iPhone 15 Pro Max 512GB Fully Unlocked, Very Good",$759.00,2025-09-15,https://www.ebay.com/itm/226573892865,https://i.ebayimg.com/images/g/AGYAAOSw5WFnmnx0/s-l500.webp,512 GB,Very Good,False,iPhone 15 Pro Max,,,,,,,,,,,,,,,True,,
1,Apple iPhone 15 Pro Max Blue Good - Refurbished  - Unlocked,$698.99,2025-08-12,https://www.ebay.com/itm/127239298441,https://i.ebayimg.com/images/g/dEYAAeSw0d1omXKj/s-l500.webp,Unknown,Good,False,iPhone 15 Pro Max,,,,,,,,,,,,,,,True,,
1,Apple iPhone 15 Pro Max Blue Very Good - Refurbished  - Unlocked,$718.99,2025-08-11,https://www.ebay.com/itm/127239298290,https://i.ebayimg.com/images/g/p90AAeSwf~tol5MC/s-l500.webp,Unknown,Very Good,False,iPhone 15 Pro Max,,,,,,,,,,,,,,,True,,
1,Apple iPhone 15 Pro Max Blue Excellent - Refurbished  - Unlocked,$748.99,2025-07-30,https://www.ebay.com/itm/127239298133,https://i.ebayimg.com/images/g/zpAAAeSw0sFoh56l/s-l500.webp,Unknown,Excellent,False,iPhone 15 Pro Max,,,,,,,,,,,,,,,True,,
1,Apple iPhone 15 Pro Max Black Very Good - Refurbished  - Unlocked,$728.99,2025-08-04,https://www.ebay.com/itm/127239297880,https://i.ebayimg.com/images/g/GmIAAeSwt5pojOEO/s-l500.webp,Unknown,Very Good,False,iPhone 15 Pro Max,,,,,,,,,,,,,,,True,,
1,Apple iPhone 15 Pro Max Black Good - Refurbished  - Unlocked,$698.99,2025-08-12,https://www.ebay.com/itm/127239297990,https://i.ebayimg.com/images/g/9LcAAeSwmUFomxhY/s-l500.webp,Unknown,Good,False,iPhone 15 Pro Max,,,,,,,,,,,,,,,True,,
1,Apple iPhone 15 Pro Max Black Excellent - Refurbished  - Unlocked,$748.99,2025-07-27,https://www.ebay.com/itm/127239297782,https://i.ebayimg.com/images/g/4F8AAeSw8y1ohR09/s-l500.webp,Unknown,Excellent,False,iPhone 15 Pro Max,,,,,,,,,,,,,,,True,,
1,Unlocked Apple iPhone 15 Pro Max - 256GB - Natural Titanium - MU683LL/A,$706.99,2025-09-11,https://www.ebay.com/itm/177402893100,https://i.ebayimg.com/images/g/Z0gAAeSw5kVowZoe/s-l500.webp,256 GB,Unknown,False,iPhone 15 Pro Max,,,,,,,,,,,,,,,True,,
1,Apple iPhone 15 Pro Max Unlocked 1TB Black White Blue Natural Titanium Excellent,$914.99,2025-09-09,https://www.ebay.com/itm/157078585136,https://i.ebayimg.com/images/g/KxYAAOSwNR9oRxj4/s-l500.webp,Unknown,Excellent,False,iPhone 15 Pro Max,,,,,,,,,,,,,,,True,,
1,Apple iPhone 15 Pro Max 512GB Unlocked eSim Only Blue Titanium A2849 Good,$714.95,2025-09-08,https://www.ebay.com/itm/406112774405,https://i.ebayimg.com/images/g/MDwAAeSw~NdolKdu/s-l500.webp,512 GB,Good,False,iPhone 15 Pro Max,,,,,,,,,,,,,,,True,,
1,"Apple iPhone 15 Pro Max 1TB Unlocked 6.7"" LTPO 48MP NFC eSIM 5G Blue Titanium",$779.99,2025-09-06,https://www.ebay.com/itm/205658532935,https://i.ebayimg.com/images/g/UJIAAOSwpCBmMl0q/s-l500.webp,Unknown,Unknown,False,iPhone 15 Pro Max,,,,,,,,,,,,,,,True,,
1,Apple iPhone 15 Pro Max (Unlocked) 1TB Black White Blue Natural Titanium - Good,$888.99,2025-09-06,https://www.ebay.com/itm/156959705579,https://i.ebayimg.com/images/g/yrwAAOSwNphoGTMZ/s-l500.webp,Unknown,Good,False,iPhone 15 Pro Max,,,,,,,,,,,,,,,True,,
1,Apple iPhone 15 Pro Max 512GB Blue Titanium Unlocked - Excellent - PHYSICAL SIM,"$1,186.25",2025-09-06,https://www.ebay.com/itm/336135568497,https://i.ebayimg.com/images/g/7ksAAeSwsfZopY7b/s-l500.webp,512 GB,Excellent,False,iPhone 15 Pro Max,,,,,,,,,,,,,,,True,,
1,"Apple iPhone 15 Pro Max 256GB Unlocked 6.7"" LTPO 48MP NFC eSIM 5G Blue Titanium",$699.99,2025-09-05,https://www.ebay.com/itm/205707049924,https://i.ebayimg.com/images/g/UJIAAOSwpCBmMl0q/s-l500.webp,256 GB,Unknown,False,iPhone 15 Pro Max,,,,,,,,,,,,,,,True,,
1,Apple iPhone 15 Pro Max 256GB-All Colors (Unlocked) A2849 ~ Very Good Condition!,$704.90,2025-09-05,https://www.ebay.com/itm/226611449400,https://i.ebayimg.com/images/g/C5gAAOSwn9Nnt1B0/s-l500.webp,256 GB,Very Good,False,iPhone 15 Pro Max,,,,,,,,,,,,,,,True,,
1,Apple iPhone 15 Pro Max (Unlocked) 512GB Titanium All Colors - Excellent,$829.99,2025-09-04,https://www.ebay.com/itm/167408876677,https://i.ebayimg.com/images/g/q7IAAOSwmU5n5a8N/s-l500.webp,512 GB,Excellent,False,iPhone 15 Pro Max,,,,,,,,,,,,,,,True,,
1,"iPhone 15 Pro Max, 256GB, Unlocked, Black Titanium, MU663LL/A",$749.95,2025-09-04,https://www.ebay.com/itm/197656655116,https://i.ebayimg.com/images/g/OfcAAeSwMBposg3H/s-l500.webp,256 GB,Unknown,False,iPhone 15 Pro Max,,,,,,,,,,,,,,,True,,
1,Apple iPhone 15 Pro Max A2849 1TB Unlocked Excellent Condition,$920.77,2025-09-03,https://www.ebay.com/itm/388199622486,https://i.ebayimg.com/images/g/7sMAAeSwagRn7~wS/s-l500.webp,Unknown,Excellent,False,iPhone 15 Pro Max,,,,,,,,,,,,,,,True,,
1,Apple iPhone 15 Pro Max A2849 256GB Unlocked Excellent Condition,$708.41,2025-09-01,https://www.ebay.com/itm/388195050620,https://i.ebayimg.com/images/g/~LcAAeSw0Fhn7vFr/s-l500.webp,256 GB,Excellent,False,iPhone 15 Pro Max,,,,,,,,,,,,,,,True,,
1,"Apple iPhone 15 Pro MAX 6.7"" Verizon AT&T T-Mobile GSM Unlocked 5G Very Good",$769.95,2025-09-01,https://www.ebay.com/itm/405017100403,https://i.ebayimg.com/images/g/zBwAAOSwyshmX0yN/s-l500.webp,Unknown,Very Good,False,iPhone 15 Pro Max,,,,,,,,,,,,,,,True,,
1,Apple iPhone 15 Pro Max - 256 GB - White Titanium (U.S. Cellular) Excellent,$679.99,2025-09-01,https://www.ebay.com/itm/286779497412,https://i.ebayimg.com/images/g/togAAeSwlBZoqJ4L/s-l500.webp,256 GB,Excellent,False,iPhone 15 Pro Max,,,,,,,,,,,,,,,True,,
1,Apple iPhone 15 Pro Max - 1TB - Black Titanium - Unlocked - Excellent,$887.00,2025-08-30,https://www.ebay.com/itm/285616838622,https://i.ebayimg.com/images/g/fZUAAOSwoXZlgxyB/s-l500.webp,Unknown,Excellent,False,iPhone 15 Pro Max,,,,,,,,,,,,,,,True,,
1,Apple iPhone 15 Pro Max - 256 GB - Black Titanium (U.S. Cellular) Excellent,$679.99,2025-08-30,https://www.ebay.com/itm/286779499936,https://i.ebayimg.com/images/g/UBIAAeSwn7ZoqJ-2/s-l500.webp,256 GB,Excellent,False,iPhone 15 Pro Max,,,,,,,,,,,,,,,True,,
1,Apple iPhone 15 Pro Max - 256 GB - Natural Titanium (U.S. Cellular) Excellent,$679.99,2025-08-29,https://www.ebay.com/itm/286779498165,https://i.ebayimg.com/images/g/aWYAAeSw~DtoqJ8m/s-l500.webp,256 GB,Excellent,False,iPhone 15 Pro Max,,,,,,,,,,,,,,,True,,
1,Apple iPhone 15 Pro Max - 256 GB - Blue Titanium (U.S. Cellular) Excellent,$679.99,2025-08-29,https://www.ebay.com/itm/286779498772,https://i.ebayimg.com/images/g/Wa8AAeSwyfhoqJ92/s-l500.webp,256 GB,Excellent,False,iPhone 15 Pro Max,,,,,,,,,,,,,,,True,,
1,Apple iPhone 15 Pro Max A2849 256GB Unlocked Very Good Fast 2 Days Delivery,$699.95,2025-08-25,https://www.ebay.com/itm/357497579938,https://i.ebayimg.com/images/g/hcYAAeSwCOZodt99/s-l500.webp,256 GB,Very Good,False,iPhone 15 Pro Max,,,,,,,,,,,,,,,True,,
1,Apple iPhone 15 Pro Max 512GB Black Titanium (Unlocked) - Excellent,$829.99,2025-08-25,https://www.ebay.com/itm/167586611913,https://i.ebayimg.com/images/g/cGsAAOSwP2toTSH5/s-l500.webp,512 GB,Excellent,False,iPhone 15 Pro Max,,,,,,,,,,,,,,,True,,
1,Apple iPhone 15 Pro Max A2849 Unlocked 512GB White Titanium Good,$634.99,2025-08-25,https://www.ebay.com/itm/196578925148,https://i.ebayimg.com/images/g/LwwAAOSw779myVC6/s-l500.webp,512 GB,Good,False,iPhone 15 Pro Max,,,,,,,,,,,,,,,True,,
1,Apple iPhone 15 Pro Max 256GB Black Titanium Unlocked - Very Good - PHYSICAL SIM,"$1,123.75",2025-08-25,https://www.ebay.com/itm/336135554137,https://i.ebayimg.com/images/g/mnUAAeSwFoFopYuO/s-l500.webp,256 GB,Very Good,False,iPhone 15 Pro Max,,,,,,,,,,,,,,,True,,
1,Apple iPhone 15 Pro Max 256GB Fully Unlocked (2023),$704.97,2025-08-25,https://www.ebay.com/itm/116488919945,https://i.ebayimg.com/images/g/mqUAAOSwCylnuJiS/s-l500.webp,256 GB,Unknown,False,iPhone 15 Pro Max,,,,,,,,,,,,,,,True,,
1,"Apple iPhone 15 Pro Max A2849 6.7"" 512GB Black Titanium - Unlocked",$874.99,2025-08-22,https://www.ebay.com/itm/157172377620,https://i.ebayimg.com/images/g/PtgAAeSwCaZoliNE/s-l500.webp,512 GB,Unknown,False,iPhone 15 Pro Max,,,,,,,,,,,,,,,True,,
1,Apple iPhone 15 Pro Max - 256GB - Blue Titanium - Unlocked - Excellent,$725.00,2025-08-21,https://www.ebay.com/itm/285644644929,https://i.ebayimg.com/images/g/XHQAAOSwANZnEofN/s-l500.webp,256 GB,Excellent,False,iPhone 15 Pro Max,,,,,,,,,,,,,,,True,,
1,"Apple iPhone 15 Pro Max A2849 6.7"" 512GB Black Titanium - Unlocked",$909.99,2025-08-21,https://www.ebay.com/itm/156962094373,https://i.ebayimg.com/images/g/upMAAeSwDr9ophKa/s-l500.webp,512 GB,Unknown,False,iPhone 15 Pro Max,,,,,,,,,,,,,,,True,,
1,iPhone 15 Pro Max - 256GB - Blue Titanium- Unlocked- A2849 - Excellent Condition,$765.00,2025-08-20,https://www.ebay.com/itm/297553874007,https://i.ebayimg.com/images/g/Jk8AAeSwkM5opaK2/s-l500.webp,256 GB,Excellent,False,iPhone 15 Pro Max,,,,,,,,,,,,,,,True,,
1,iPhone 15 Pro Max - 512GB - Black Titanium (Unlocked)-A2849- Very Good Condition,$743.00,2025-08-18,https://www.ebay.com/itm/297535168513,https://i.ebayimg.com/images/g/DdsAAeSwNxJomrcq/s-l500.webp,512 GB,Very Good,False,iPhone 15 Pro Max,,,,,,,,,,,,,,,True,,
1,Apple iPhone 15 Pro Max A2849 1TB Unlocked Very Good Condition,$812.45,2025-08-16,https://www.ebay.com/itm/357341428253,https://i.ebayimg.com/images/g/e0MAAeSwcjBogVxS/s-l500.webp,Unknown,Very Good,False,iPhone 15 Pro Max,,,,,,,,,,,,,,,True,,
1,Apple iPhone 15 Pro Max A2849 512GB Unlocked Excellent Condition,$816.80,2025-08-18,https://www.ebay.com/itm/357341443043,https://i.ebayimg.com/images/g/WUUAAeSw9zlogVyM/s-l500.webp,512 GB,Excellent,False,iPhone 15 Pro Max,,,,,,,,,,,,,,,True,,
1,Apple iPhone 15 Pro Max A2849 512GB Unlocked Very Good Condition,$724.79,2025-08-18,https://www.ebay.com/itm/357341454994,https://i.ebayimg.com/images/g/NF8AAeSwKUNogVym/s-l500.webp,512 GB,Very Good,False,iPhone 15 Pro Max,,,,,,,,,,,,,,,True,,
1,"Apple iPhone 15 Pro Max 1TB 6.7"" Fully Unlocked (Any Carrier) Good 98% battery",$789.99,2025-08-16,https://www.ebay.com/itm/326671978662,https://i.ebayimg.com/images/g/zFoAAOSwWNJmmBqd/s-l500.webp,Unknown,Good,False,iPhone 15 Pro Max,,,,,,,,,,,,,,,True,,
1,"Apple iPhone 15 Pro Max 256GB Unlocked 6.7"" (Blue Titanium) - A2849 w/Warranty",$713.32,2025-08-15,https://www.ebay.com/itm/376414410990,https://i.ebayimg.com/images/g/EXQAAeSwJU9oemNa/s-l500.webp,256 GB,Unknown,False,iPhone 15 Pro Max,,,,,,,,,,,,,,,True,,
1,"Apple iPhone 15 Pro Max 256GB Fully Unlocked, 90% and Above Battery, Excellent",$773.00,2025-08-11,https://www.ebay.com/itm/226278888736,https://i.ebayimg.com/images/g/gm0AAOSwRl1msShy/s-l500.webp,256 GB,Excellent,False,iPhone 15 Pro Max,,,,,,,,,,,,,,,True,,
1,Apple iPhone 15 Pro Max 256GB Unlocked eSim Only A2849 Blue Titanium Good,$669.95,2025-08-11,https://www.ebay.com/itm/127302743609,https://i.ebayimg.com/images/g/u9YAAOSwrlBnAVnx/s-l500.webp,256 GB,Good,False,iPhone 15 Pro Max,,,,,,,,,,,,,,,True,,
1,"Apple iPhone 15 Pro Max 256GB Unlocked 6.7"" 48MP WiFi 6E 5G eSIM Black Titanium",$689.99,2025-08-10,https://www.ebay.com/itm/326722130813,https://i.ebayimg.com/images/g/WZsAAOSwZlVmUOBs/s-l500.webp,256 GB,Unknown,False,iPhone 15 Pro Max,,,,,,,,,,,,,,,True,,
1,Apple iPhone 15 Pro Max 256GB A2849 5G Unlocked - Very Good,$699.99,2025-08-09,https://www.ebay.com/itm/276359290290,https://i.ebayimg.com/images/g/07gAAOSwS~Bl4PuX/s-l500.webp,256 GB,Very Good,False,iPhone 15 Pro Max,,,,,,,,,,,,,,,True,,
1,Apple iPhone 15 Pro Max 512GB Unlocked eSim Only Natural Titanium Very Good,$749.95,2025-08-08,https://www.ebay.com/itm/126901483773,https://i.ebayimg.com/images/g/6r0AAOSwtF9nlF2O/s-l500.webp,512 GB,Very Good,False,iPhone 15 Pro Max,,,,,,,,,,,,,,,True,,
1,Apple iPhone 15 Pro Max (6.7-inch) (A2849) Unlocked - 256GB/Blue - Bad Face ID*,$534.99,2025-08-08,https://www.ebay.com/itm/146760539098,https://i.ebayimg.com/images/g/9KkAAeSwiNNolgqc/s-l500.webp,256 GB,Unknown,False,iPhone 15 Pro Max,,,,,,,,,,,,,,,True,,
1,Apple iPhone 15 Pro Max A2849 1TB Unlocked Good Condition,$792.69,2025-08-06,https://www.ebay.com/itm/388416666748,https://i.ebayimg.com/images/g/g-IAAeSwxS9oJP4b/s-l500.webp,Unknown,Good,False,iPhone 15 Pro Max,,,,,,,,,,,,,,,True,,
1,Apple iPhone 15 Pro Max - 256GB - White Titanium - Unlocked - Excellent,$724.00,2025-08-04,https://www.ebay.com/itm/285644914761,https://i.ebayimg.com/images/g/fv8AAOSwHWBlnFXr/s-l500.webp,256 GB,Excellent,False,iPhone 15 Pro Max,,,,,,,,,,,,,,,True,,
1,Apple iPhone 15 Pro Max 256GB Blue Titanium (Unlocked / A2849) MU693LL/A,$759.00,2025-08-04,https://www.ebay.com/itm/127239120668,https://i.ebayimg.com/images/g/82UAAeSwTu9oeQ6c/s-l500.webp,256 GB,Unknown,False,iPhone 15 Pro Max,,,,,,,,,,,,,,,True,,
1,Apple iPhone 15 Pro Max - 512GB - White Titanium - Unlocked - Excellent,$790.00,2025-08-04,https://www.ebay.com/itm/276366869914,https://i.ebayimg.com/images/g/gVAAAOSwi99l50F1/s-l500.webp,512 GB,Excellent,False,iPhone 15 Pro Max,,,,,,,,,,,,,,,True,,
1,Apple iPhone 15 Pro Max 256GB Unlocked Good Condition - Black,"$1,253.00",2025-07-30,https://www.ebay.com/itm/286730690912,https://i.ebayimg.com/images/g/ChsAAeSwD6dog-tb/s-l500.webp,256 GB,Good,False,iPhone 15 Pro Max,,,,,,,,,,,,,,,True,,
1,Apple iPhone 15 Pro Max (6.7-inch) Smartphone (A2849) Unlocked - 256GB/Blue,$729.99,2025-07-29,https://www.ebay.com/itm/167648759992,https://i.ebayimg.com/images/g/-o8AAeSwazlogOiQ/s-l500.webp,256 GB,Unknown,False,iPhone 15 Pro Max,,,,,,,,,,,,,,,True,,
1,Apple iPhone 15 Pro Max (6.7-in) (A2849) Unlocked - 256GB / Natural Titanium,$809.99,2025-07-28,https://www.ebay.com/itm/167591692072,https://i.ebayimg.com/images/g/x4YAAeSw4g1oUDrd/s-l500.webp,256 GB,Unknown,False,iPhone 15 Pro Max,,,,,,,,,,,,,,,True,,
1,Apple iPhone 15 Pro Max Blue Titanium 512GB Unlocked - Good Condition w/ Chip,$699.99,2025-07-27,https://www.ebay.com/itm/297437541490,https://i.ebayimg.com/images/g/6pUAAeSw-XNoXaLR/s-l500.webp,512 GB,Good,False,iPhone 15 Pro Max,,,,,,,,,,,,,,,True,,
1,Apple iPhone 15 Pro Max Blue Titanium 512GB Unlocked - Good Cond w/ Engraving,$709.99,2025-07-26,https://www.ebay.com/itm/286695685332,https://i.ebayimg.com/images/g/bcsAAeSwUJBobRlA/s-l500.webp,512 GB,Good,False,iPhone 15 Pro Max,,,,,,,,,,,,,,,True,,
1,Apple iPhone 15 Pro Max (6.7-inch) (A2849) Unlocked - 256GB/Blue - Bad Face ID*,$549.95,2025-07-25,https://www.ebay.com/itm/146728614606,https://i.ebayimg.com/images/g/mWQAAeSw-m9ogoyR/s-l500.webp,256 GB,Unknown,False,iPhone 15 Pro Max,,,,,,,,,,,,,,,True,,
1,Apple iPhone 16 Pro Max 256GB Unlocked Good Condition - All Colors,$849.99,2025-10-22,https://www.ebay.com/itm/296858720503,https://i.ebayimg.com/images/g/SSYAAOSwzLlnUJUL/s-l500.webp,256 GB,Good,False,iPhone 16 Pro Max,,,,,,,,,,,,,,,,True,
1,"Apple iPhone 16 Pro Max, 256gb, Titanium - Unlocked - E sim version - Excellent",$891.99,2025-10-22,https://www.ebay.com/itm/156837463811,https://i.ebayimg.com/images/g/n54AAOSwNsVnm5Hg/s-l500.webp,256 GB,Excellent,False,iPhone 16 Pro Max,,,,,,,,,,,,,,,,True,
1,Apple iPhone 16 Pro Max 256GB Unlocked Excellent Condition,$898.99,2025-10-22,https://www.ebay.com/itm/356605681295,https://i.ebayimg.com/images/g/kwQAAeSwO~No498d/s-l500.webp,256 GB,Excellent,False,iPhone 16 Pro Max,,,,,,,,,,,,,,,,True,
1,Apple iPhone 16 Pro Max - Unlocked - White Titanium - 256GB - Excellent,$905.00,2025-10-22,https://www.ebay.com/itm/286152835653,https://i.ebayimg.com/images/g/7XYAAOSwPXNnLmrs/s-l500.webp,256 GB,Excellent,False,iPhone 16 Pro Max,,,,,,,,,,,,,,,,True,
1,Apple iPhone 16 Pro Max - Unlocked - Desert Titanium - 512GB - Very Good,$959.00,2025-10-22,https://www.ebay.com/itm/286528297033,https://i.ebayimg.com/images/g/3jAAAOSwc3JnMoJb/s-l500.webp,512 GB,Very Good,False,iPhone 16 Pro Max,,,,,,,,,,,,,,,,True,
1,Apple iPhone 16 Pro Max 256GB Unlocked Excellent Condition - All Colors,$914.99,2025-10-22,https://www.ebay.com/itm/276815519726,https://i.ebayimg.com/images/g/b8AAAOSw7NNnhTrT/s-l500.webp,256 GB,Excellent,False,iPhone 16 Pro Max,,,,,,,,,,,,,,,,True,
1,Apple iPhone 16 Pro Max  256GB  Natural Titanium Unlocked Physical Sim Very Good,$924.99,2025-10-22,https://www.ebay.com/itm/157398336469,https://i.ebayimg.com/images/g/0s0AAeSwwt5o8ofh/s-l500.webp,256 GB,Very Good,False,iPhone 16 Pro Max,,,,,,,,,,,,,,,,True,
1,Apple iPhone 16 Pro Max 1TB Unlocked Good Condition - All Colors,$969.99,2025-10-22,https://www.ebay.com/itm/286199037838,https://i.ebayimg.com/images/g/ovAAAOSwebtnUJTU/s-l500.webp,Unknown,Good,False,iPhone 16 Pro Max,,,,,,,,,,,,,,,,True,
1,Apple iPhone 16 Pro Max - Unlocked - Black Titanium - 256GB - Excellent,$905.00,2025-10-22,https://www.ebay.com/itm/286150606496,https://i.ebayimg.com/images/g/UaAAAOSw3rhm-t85/s-l500.webp,256 GB,Excellent,False,iPhone 16 Pro Max,,,,,,,,,,,,,,,,True,
1,Apple iPhone 16 Pro Max - Unlocked - Natural Titanium - 256GB - Excellent,$905.00,2025-10-22,https://www.ebay.com/itm/276836675140,https://i.ebayimg.com/images/g/TZIAAOSwZQBm-t5t/s-l500.webp,256 GB,Excellent,False,iPhone 16 Pro Max,,,,,,,,,,,,,,,,True,
1,Apple iPhone 16 Pro Max 256GB Unlocked Very Good Condition,$884.99,2025-10-22,https://www.ebay.com/itm/356605653571,https://i.ebayimg.com/images/g/8vgAAeSwZxJo493a/s-l500.webp,256 GB,Very Good,False,iPhone 16 Pro Max,,,,,,,,,,,,,,,,True,
1,Apple iPhone 16 Pro Max A3084 - Unlocked - Very Good,$829.99,2025-10-22,https://www.ebay.com/itm/257167903499,https://i.ebayimg.com/images/g/d-8AAeSwESto97la/s-l500.webp,Unknown,Very Good,False,iPhone 16 Pro Max,,,,,,,,,,,,,,,,True,
1,Apple iPhone 16 Pro Max 256GB Unlocked AT&T T-Mobile Verizon Excellent Condition,$883.95,2025-10-22,https://www.ebay.com/itm/306070698509,https://i.ebayimg.com/images/g/Ti0AAOSwBXpnmQBK/s-l500.webp,256 GB,Excellent,False,iPhone 16 Pro Max,,,,,,,,,,,,,,,,True,
1,Apple iPhone 16 Pro Max 512GB Unlocked AT&T T-Mobile Verizon Good Condition,$904.95,2025-10-21,https://www.ebay.com/itm/306025930431,https://i.ebayimg.com/images/g/RFwAAOSw5lRnfYKt/s-l500.webp,512 GB,Good,False,iPhone 16 Pro Max,,,,,,,,,,,,,,,,True,
1,Apple iPhone 16 Pro Max 512GB Unlocked Very Good Condition - All Colors,$919.99,2025-10-21,https://www.ebay.com/itm/286305604633,https://i.ebayimg.com/images/g/9VoAAOSw~DNnpRs3/s-l500.webp,512 GB,Very Good,False,iPhone 16 Pro Max,,,,,,,,,,,,,,,,True,
1,Apple iPhone 16 Pro Max 1TB Unlocked Excellent Condition - All Colors,"$1,109.99",2025-10-21,https://www.ebay.com/itm/276767095432,https://i.ebayimg.com/images/g/VW4AAOSwAFZnUJUt/s-l500.webp,Unknown,Excellent,False,iPhone 16 Pro Max,,,,,,,,,,,,,,,,True,
1,Apple iPhone 16 Pro Max A3084 Unlocked 512GB Natural Titanium - Very Good,"$1,049.00",2025-10-21,https://www.ebay.com/itm/226794605191,https://i.ebayimg.com/images/g/Hs0AAeSw2Dto78uK/s-l500.webp,512 GB,Very Good,False,iPhone 16 Pro Max,,,,,,,,,,,,,,,,True,
1,Apple iPhone 16 Pro Max 256GB Desert Titanium Unlocked - 90%+ Battery Very Good,$889.00,2025-10-21,https://www.ebay.com/itm/336223984768,https://i.ebayimg.com/images/g/sboAAeSwHzxo5243/s-l500.webp,256 GB,Very Good,False,iPhone 16 Pro Max,,,,,,,,,,,,,,,,True,
1,"iPhone 16 Pro Max, 1TB, Unlocked, Black Titanium, MYWC3LL/A, 100% Battery!",$949.95,2025-10-21,https://www.ebay.com/itm/116837183122,https://i.ebayimg.com/images/g/Y2kAAeSwKe1o9prl/s-l500.webp,Unknown,Unknown,False,iPhone 16 Pro Max,,,,,,,,,,,,,,,,True,
1,Apple iPhone 16 Pro Max 256GB Unlocked AT&T T-Mobile Verizon Very Good Condition,$867.95,2025-10-21,https://www.ebay.com/itm/296971535458,https://i.ebayimg.com/images/g/fCsAAOSwM0FnmQAc/s-l500.webp,256 GB,Very Good,False,iPhone 16 Pro Max,,,,,,,,,,,,,,,,True,
1,Apple iPhone 16 Pro Max 1TB Unlocked AT&T T-Mobile Verizon Excellent Condition,"$1,078.95",2025-10-21,https://www.ebay.com/itm/296948676593,https://i.ebayimg.com/images/g/nxMAAOSw0oZnimjs/s-l500.webp,Unknown,Excellent,False,iPhone 16 Pro Max,,,,,,,,,,,,,,,,True,
1,Apple iPhone 16 Pro Max 256GB Unlocked eSim Natural Titanium A3084 Excellent,$869.95,2025-10-21,https://www.ebay.com/itm/127388013623,https://i.ebayimg.com/images/g/t84AAOSwfXVn5maR/s-l500.webp,256 GB,Excellent,False,iPhone 16 Pro Max,,,,,,,,,,,,,,,,True,
1,Apple iPhone 16 Pro Max 512GB Unlocked AT&T T-Mobile Verizon Very Good Condition,$927.95,2025-10-21,https://www.ebay.com/itm/296936730469,https://i.ebayimg.com/images/g/-QgAAOSw7UdngVs1/s-l500.webp,512 GB,Very Good,False,iPhone 16 Pro Max,,,,,,,,,,,,,,,,True,
1,Apple iPhone 16 Pro Max 1TB Unlocked AT&T T-Mobile Verizon Very Good Condition,$988.95,2025-10-21,https://www.ebay.com/itm/306053212652,https://i.ebayimg.com/images/g/10cAAOSw7eZnjmfz/s-l500.webp,Unknown,Very Good,False,iPhone 16 Pro Max,,,,,,,,,,,,,,,,True,
1,Apple iPhone 16 Pro Max 512GB Unlocked Very Good Condition,"$1,062.99",2025-10-20,https://www.ebay.com/itm/357558441418,https://i.ebayimg.com/images/g/YAMAAeSwmBRo4-Ju/s-l500.webp,512 GB,Very Good,False,iPhone 16 Pro Max,,,,,,,,,,,,,,,,True,
1,Apple iPhone 16 Pro Max - Unlocked - White Titanium - 256GB - Very Good,$885.00,2025-10-20,https://www.ebay.com/itm/276887167735,https://i.ebayimg.com/images/g/7XYAAOSwPXNnLmrs/s-l500.webp,256 GB,Very Good,False,iPhone 16 Pro Max,,,,,,,,,,,,,,,,True,
1,Apple iPhone 16 Pro Max 512GB Unlocked AT&T T-Mobile Verizon Excellent Condition,$998.95,2025-10-20,https://www.ebay.com/itm/306025930253,https://i.ebayimg.com/images/g/ipYAAOSwn4RnfYKS/s-l500.webp,512 GB,Excellent,False,iPhone 16 Pro Max,,,,,,,,,,,,,,,,True,
1,Apple iPhone 16 Pro Max 512GB Unlocked Excellent Condition - All Colors,"$1,029.99",2025-10-20,https://www.ebay.com/itm/276767095671,https://i.ebayimg.com/images/g/ZmwAAOSwYxhnUJVJ/s-l500.webp,512 GB,Excellent,False,iPhone 16 Pro Max,,,,,,,,,,,,,,,,True,
1,Apple iPhone 16 Pro Max 1TB Desert Titanium (Unlocked / A3084) AC+ Theft & Loss,"$1,151.10",2025-10-19,https://www.ebay.com/itm/146884075209,https://i.ebayimg.com/images/g/ZXUAAeSwCPpo58hZ/s-l500.webp,Unknown,Unknown,False,iPhone 16 Pro Max,,,,,,,,,,,,,,,,True,
1,"Apple iPhone 16 Pro Max, 1TB, Black Titanium - Unlocked - Excellent","$1,100.00",2025-10-18,https://www.ebay.com/itm/406253377347,https://i.ebayimg.com/images/g/fqgAAeSwAzto3AmB/s-l500.webp,Unknown,Excellent,False,iPhone 16 Pro Max,,,,,,,,,,,,,,,,True,
1,Apple iPhone 16 Pro Max 512GB Unlocked eSim Natural Titanium A3084 Very Good,$914.99,2025-10-17,https://www.ebay.com/itm/146879585756,https://i.ebayimg.com/images/g/5SQAAeSw02Fo3Np~/s-l500.webp,512 GB,Very Good,False,iPhone 16 Pro Max,,,,,,,,,,,,,,,,True,
1,Apple iPhone 16 Pro Max 512GB Black Titanium - Unlocked,$889.99,2025-10-17,https://www.ebay.com/itm/127394395361,https://i.ebayimg.com/images/g/jYwAAeSwMlNo1YT4/s-l500.webp,512 GB,Unknown,False,iPhone 16 Pro Max,,,,,,,,,,,,,,,,True,
1,Apple iPhone 16 Pro Max A3084 Unlocked 256GB Desert Titanium - Very Good,"$1,199.00",2025-10-17,https://www.ebay.com/itm/226786195534,https://i.ebayimg.com/images/g/i1YAAeSw6lZo78sL/s-l500.webp,256 GB,Very Good,False,iPhone 16 Pro Max,,,,,,,,,,,,,,,,True,
1,Apple iPhone 16 Pro Max 512GB Natural Titanium (Unlocked / A3084) MYWA3LL/A,$949.05,2025-10-16,https://www.ebay.com/itm/146899930572,https://i.ebayimg.com/images/g/AMMAAeSwj9No8RLj/s-l500.webp,512 GB,Unknown,False,iPhone 16 Pro Max,,,,,,,,,,,,,,,,True,
1,Apple iPhone 16 Pro Max 512GB Unlocked Good Condition - All Colors,$879.99,2025-10-16,https://www.ebay.com/itm/296960486978,https://i.ebayimg.com/images/g/q24AAOSwuRlnkrQZ/s-l500.webp,512 GB,Good,False,iPhone 16 Pro Max,,,,,,,,,,,,,,,,True,
1,Apple iPhone 16 Pro Max 256GB/512GB/1TB Unlocked- Refurbished Excellent,$939.99,2025-10-16,https://www.ebay.com/itm/326721812323,https://i.ebayimg.com/images/g/bAIAAOSwY9NnXCd~/s-l500.webp,256 GB,Excellent,False,iPhone 16 Pro Max,,,,,,,,,,,,,,,,True,
1,Apple iPhone 16 Pro Max 256GB Factory Unlocked ATT TMobile Verizon - Excellent,$929.48,2025-10-16,https://www.ebay.com/itm/127383806023,https://i.ebayimg.com/images/g/wGAAAeSwRkRoztgO/s-l500.webp,256 GB,Excellent,False,iPhone 16 Pro Max,,,,,,,,,,,,,,,,True,
1,Apple iPhone 16 Pro Max - Unlocked - Desert Titanium - 256GB - Very Good,$885.00,2025-10-16,https://www.ebay.com/itm/276727163150,https://i.ebayimg.com/images/g/3jAAAOSwc3JnMoJb/s-l500.webp,256 GB,Very Good,False,iPhone 16 Pro Max,,,,,,,,,,,,,,,,True,
1,Apple iPhone 16 Pro Max 256GB Unlocked Excellent Condition,$948.00,2025-10-16,https://www.ebay.com/itm/226983043363,https://i.ebayimg.com/images/g/jXcAAeSwbLBowzpC/s-l500.webp,256 GB,Excellent,False,iPhone 16 Pro Max,,,,,,,,,,,,,,,,True,
1,Apple iPhone 16 Pro Max - Unlocked - Black Titanium - 512GB - Very Good,$959.00,2025-10-15,https://www.ebay.com/itm/276842296206,https://i.ebayimg.com/images/g/UaAAAOSw3rhm-t85/s-l500.webp,512 GB,Very Good,False,iPhone 16 Pro Max,,,,,,,,,,,,,,,,True,
1,Apple iPhone 16 Pro Max - Unlocked - Desert Titanium - 256GB - Excellent,$905.00,2025-10-15,https://www.ebay.com/itm/286308021512,https://i.ebayimg.com/images/g/3jAAAOSwc3JnMoJb/s-l500.webp,256 GB,Excellent,False,iPhone 16 Pro Max,,,,,,,,,,,,,,,,True,
1,Apple iPhone 16 Pro Max A3084 Unlocked 512GB Black Titanium - Good,$899.00,2025-10-14,https://www.ebay.com/itm/227002848750,https://i.ebayimg.com/images/g/nVQAAeSwV-xo7r7C/s-l500.webp,512 GB,Good,False,iPhone 16 Pro Max,,,,,,,,,,,,,,,,True,
1,Apple iPhone 16 Pro Max A3084 512GB Unlocked Excellent Condition,$991.99,2025-10-14,https://www.ebay.com/itm/357482182735,https://i.ebayimg.com/images/g/xWEAAeSw5RVowxBU/s-l500.webp,512 GB,Excellent,False,iPhone 16 Pro Max,,,,,,,,,,,,,,,,True,
1,Apple iPhone 16 Pro Max 256GB Unlocked Very Good Condition - All Colors,$879.99,2025-10-13,https://www.ebay.com/itm/296858720243,https://i.ebayimg.com/images/g/zhYAAOSwM7pnUJUF/s-l500.webp,256 GB,Very Good,False,iPhone 16 Pro Max,,,,,,,,,,,,,,,,True,
1,Apple iPhone 16 Pro Max - Unlocked - Black Titanium - 1TB - Excellent,"$1,159.00",2025-10-13,https://www.ebay.com/itm/286308008159,https://i.ebayimg.com/images/g/UaAAAOSw3rhm-t85/s-l500.webp,Unknown,Excellent,False,iPhone 16 Pro Max,,,,,,,,,,,,,,,,True,
1,Apple iPhone 16 Pro Max 512GB Unlocked eSim Only Black Titanium A3084 Excellent,$949.95,2025-10-13,https://www.ebay.com/itm/406273049455,https://i.ebayimg.com/images/g/s6sAAeSwSWlo5rkb/s-l500.webp,512 GB,Excellent,False,iPhone 16 Pro Max,,,,,,,,,,,,,,,,True,
1,Apple iPhone 16 Pro Max - Unlocked - Black Titanium - 256GB - Very Good,$885.00,2025-10-12,https://www.ebay.com/itm/286368007685,https://i.ebayimg.com/images/g/UaAAAOSw3rhm-t85/s-l500.webp,256 GB,Very Good,False,iPhone 16 Pro Max,,,,,,,,,,,,,,,,True,
1,Apple iPhone 16 Pro Max - 1TB - Black Titanium (Unlocked) (eSIM Only) Very Good,$979.95,2025-10-12,https://www.ebay.com/itm/146862503860,https://i.ebayimg.com/images/g/mqEAAOSwi7VoHJ5f/s-l500.webp,Unknown,Very Good,False,iPhone 16 Pro Max,,,,,,,,,,,,,,,,True,
1,Apple iPhone 16 Pro Max - 256GB Black Titanium (Unlocked) A3296 - Good Condition,$889.99,2025-10-11,https://www.ebay.com/itm/306528059714,https://i.ebayimg.com/images/g/2pYAAOSw2epnQMyd/s-l500.webp,256 GB,Good,False,iPhone 16 Pro Max,,,,,,,,,,,,,,,,True,
1,Apple iPhone 16 Pro Max 1TB Unlocked eSim Only Natural Titanium A3084 Very Good,$974.95,2025-10-11,https://www.ebay.com/itm/127405879048,https://i.ebayimg.com/images/g/te0AAeSwF-xo3Oea/s-l500.webp,Unknown,Very Good,False,iPhone 16 Pro Max,,,,,,,,,,,,,,,,True,
1,Apple iPhone 16 Pro Max - Unlocked - Natural Titanium 256GB - Very Good,$885.00,2025-10-11,https://www.ebay.com/itm/276941511982,https://i.ebayimg.com/images/g/TZIAAOSwZQBm-t5t/s-l500.webp,256 GB,Very Good,False,iPhone 16 Pro Max,,,,,,,,,,,,,,,,True,
1,Apple iPhone 16 Pro Max - Unlocked - White Titanium - 512GB - Good,$929.00,2025-10-10,https://www.ebay.com/itm/286826613989,https://i.ebayimg.com/images/g/7XYAAOSwPXNnLmrs/s-l500.webp,512 GB,Good,False,iPhone 16 Pro Max,,,,,,,,,,,,,,,,True,
1,"iPhone 16 Pro Max-256GB-A3084-Desert Titanium-Unlocked-""Very Good"" (B) Condition",$985.00,2025-07-25,https://www.ebay.com/itm/297484163866,https://i.ebayimg.com/images/g/Db8AAeSws5hocYys/s-l500.webp,256 GB,Very Good,False,iPhone 16 Pro Max,,,,,,,,,,,,,,,,True,
1,Apple iPhone 16 Pro Max 256GB Unlocked Very Good Condition,$930.00,2025-10-10,https://www.ebay.com/itm/226982841078,https://i.ebayimg.com/images/g/jXcAAeSwbLBowzpC/s-l500.webp,256 GB,Very Good,False,iPhone 16 Pro Max,,,,,,,,,,,,,,,,True,
1,Apple iPhone 16 Pro Max - 1TB - Black Titanium (Unlocked) (eSIM Only) Excellent,$984.95,2025-10-09,https://www.ebay.com/itm/127100039686,https://i.ebayimg.com/images/g/mqEAAOSwi7VoHJ5f/s-l500.webp,Unknown,Excellent,False,iPhone 16 Pro Max,,,,,,,,,,,,,,,,True,
1,Apple iPhone 16 Pro Max 1TB Unlocked eSim Only Natural Titanium A3084 Good,$974.99,2025-10-09,https://www.ebay.com/itm/146865980811,https://i.ebayimg.com/images/g/5SQAAeSw02Fo3Np~/s-l500.webp,Unknown,Good,False,iPhone 16 Pro Max,,,,,,,,,,,,,,,,True,
1,Apple iPhone 16 Pro Max A3084 Unlocked 512GB Desert Titanium - Very Good,"$1,299.00",2025-10-09,https://www.ebay.com/itm/226794605121,https://i.ebayimg.com/images/g/JmQAAeSwBjVo5X3p/s-l500.webp,512 GB,Very Good,False,iPhone 16 Pro Max,,,,,,,,,,,,,,,,True,
1,Apple iPhone 16 Pro Max 1TB Unlocked Very Good Condition - All Colors,"$1,069.99",2025-10-08,https://www.ebay.com/itm/276939098261,https://i.ebayimg.com/images/g/EqgAAeSwuIFn0HCv/s-l500.webp,Unknown,Very Good,False,iPhone 16 Pro Max,,,,,,,,,,,,,,,,True,
1,Apple iPhone 16 Pro Max - Unlocked - Natural Titanium - 256GB - Good,$862.00,2025-10-08,https://www.ebay.com/itm/286282741510,https://i.ebayimg.com/images/g/TZIAAOSwZQBm-t5t/s-l500.webp,256 GB,Good,False,iPhone 16 Pro Max,,,,,,,,,,,,,,,,True,
1,Apple iPhone 16 Pro Max 512GB A3084 Natural Titanium Unlocked US Model Very Good,$945.00,2025-10-08,https://www.ebay.com/itm/297353668553,https://i.ebayimg.com/images/g/zsEAAeSwzoVo-NgA/s-l500.webp,512 GB,Very Good,False,iPhone 16 Pro Max,,,,,,,,,,,,,,,,True,
1,Apple iPhone 16 Pro Max 256GB Natural Titanium Unlocked Excellent Condition,$909.99,2025-10-07,https://www.ebay.com/itm/276741750873,https://i.ebayimg.com/images/g/N5AAAOSwZvVnPjJ~/s-l500.webp,256 GB,Excellent,False,iPhone 16 Pro Max,,,,,,,,,,,,,,,,True,
1,Apple iPhone 16 Pro Max 512GB Black Titanium Unlocked Excellent Condition,"$1,059.99",2025-10-07,https://www.ebay.com/itm/276765760854,https://i.ebayimg.com/images/g/cSwAAOSwsqBnTzbT/s-l500.webp,512 GB,Excellent,False,iPhone 16 Pro Max,,,,,,,,,,,,,,,,True,
1,iPhone 16 Pro Max - 256GB - A3084 -White Titanium-Unlocked - Very Good Condition,$943.00,2025-10-07,https://www.ebay.com/itm/297639664394,https://i.ebayimg.com/images/g/YEkAAeSwFoZo1uSa/s-l500.webp,256 GB,Very Good,False,iPhone 16 Pro Max,,,,,,,,,,,,,,,,True,
1,Apple iPhone 16 Pro Max A3084 Unlocked 512GB White Titanium - Good,$899.00,2025-10-06,https://www.ebay.com/itm/227002848791,https://i.ebayimg.com/images/g/z3QAAeSw245o3ZZn/s-l500.webp,512 GB,Good,False,iPhone 16 Pro Max,,,,,,,,,,,,,,,,True,
1,Apple iPhone 16 Pro Max 1TB Natural Titanium (Unlocked / A3084) MYWF3LL/A,"$1,229.00",2025-10-05,https://www.ebay.com/itm/146868564321,https://i.ebayimg.com/images/g/5WIAAeSwrodo1-d3/s-l500.webp,Unknown,Unknown,False,iPhone 16 Pro Max,,,,,,,,,,,,,,,,True,
1,Apple iPhone 16 Pro Max 256GB Natural Titanium Unlocked US Model • Excellent,$869.00,2025-10-03,https://www.ebay.com/itm/127410623277,https://i.ebayimg.com/images/g/M1YAAeSwyGho3-bu/s-l500.webp,256 GB,Excellent,False,iPhone 16 Pro Max,,,,,,,,,,,,,,,,True,
1,Apple iPhone 16 Pro Max 1TB Natural Titanium (Unlocked / A3084) MYWF3LL/A,"$1,249.00",2025-10-03,https://www.ebay.com/itm/127397986294,https://i.ebayimg.com/images/g/5WIAAeSwrodo1-d3/s-l500.webp,Unknown,Unknown,False,iPhone 16 Pro Max,,,,,,,,,,,,,,,,True,
1,Apple iPhone 16 Pro Max A3084 Unlocked 256GB White Titanium -Good,$799.00,2025-10-03,https://www.ebay.com/itm/227002848829,https://i.ebayimg.com/images/g/46YAAeSw6kJo3Zdm/s-l500.webp,256 GB,Good,False,iPhone 16 Pro Max,,,,,,,,,,,,,,,,True,
1,Apple iPhone 16 Pro Max A3084 Unlocked 256GB Natural Titanium  Good,$799.00,2025-10-02,https://www.ebay.com/itm/227002848870,https://i.ebayimg.com/images/g/UGMAAeSwmENo3ZaN/s-l500.webp,256 GB,Good,False,iPhone 16 Pro Max,,,,,,,,,,,,,,,,True,
1,Apple iPhone 16 Pro Max - Unlocked - Black Titanium - 256GB - Good,$862.00,2025-10-02,https://www.ebay.com/itm/286385382397,https://i.ebayimg.com/images/g/UaAAAOSw3rhm-t85/s-l500.webp,256 GB,Good,False,iPhone 16 Pro Max,,,,,,,,,,,,,,,,True,
1,Apple iPhone 16 Pro Max 512GB White Titanium (Unlocked / A3084),"$1,079.00",2025-10-02,https://www.ebay.com/itm/127406423764,https://i.ebayimg.com/images/g/oM0AAeSwmENo3Tng/s-l500.webp,512 GB,Unknown,False,iPhone 16 Pro Max,,,,,,,,,,,,,,,,True,
1,"Apple iPhone 16 Pro Max (1TB, 8GB) 6.9"", iOS 18, 5G / 4G LTE AT&T Locked","$1,036.99",2025-05-23,https://www.ebay.com/itm/135673968716,https://i.ebayimg.com/images/g/wHwAAeSwAyFoxicW/s-l500.webp,Unknown,Unknown,False,iPhone 16 Pro Max,,,,,,,,,,,,,,,,True,
1,Apple iPhone 16 Pro Max 256GB Black Titanium Unlocked Excellent - 90%+ Battery,$989.99,2025-10-01,https://www.ebay.com/itm/286848068210,https://i.ebayimg.com/images/g/agkAAeSwTKNo3sAx/s-l500.webp,256 GB,Excellent,False,iPhone 16 Pro Max,,,,,,,,,,,,,,,,True,
1,Apple iPhone 16 Pro Max - Unlocked - Desert Titanium - 1TB - Excellent,"$1,159.00",2025-09-28,https://www.ebay.com/itm/276775736849,https://i.ebayimg.com/images/g/3jAAAOSwc3JnMoJb/s-l500.webp,Unknown,Excellent,False,iPhone 16 Pro Max,,,,,,,,,,,,,,,,True,
1,Apple iPhone 16 Pro Max - 256GB - Black Titanium (Unlocked)- Very Good Condition,$929.99,2025-09-28,https://www.ebay.com/itm/306503320595,https://i.ebayimg.com/images/g/2pYAAOSw2epnQMyd/s-l500.webp,256 GB,Very Good,False,iPhone 16 Pro Max,,,,,,,,,,,,,,,,True,
1,Apple iPhone 16 Pro Max 256GB Unlocked eSim Only Natural Titanium A3084 Good,$934.95,2025-03-28,https://www.ebay.com/itm/405703045187,https://i.ebayimg.com/images/g/t84AAOSwfXVn5maR/s-l500.webp,256 GB,Good,False,iPhone 16 Pro Max,,,,,,,,,,,,,,,,True,
1,Apple iPhone 16 Pro Max - Unlocked - Natural Titanium - 512GB - Excellent,"$1,009.00",2025-09-28,https://www.ebay.com/itm/276719194883,https://i.ebayimg.com/images/g/TZIAAOSwZQBm-t5t/s-l500.webp,512 GB,Excellent,False,iPhone 16 Pro Max,,,,,,,,,,,,,,,,True,
1,Apple iPhone 16 Pro Max 512GB Factory Unlocked ATT TMobile Verizon - Excellent,"$1,049.48",2025-09-27,https://www.ebay.com/itm/127398206754,https://i.ebayimg.com/images/g/wGAAAeSwRkRoztgO/s-l500.webp,512 GB,Excellent,False,iPhone 16 Pro Max,,,,,,,,,,,,,,,,True,
1,Apple iPhone 16 Pro Max - 256GB - White Titanium (Unlocked)- Very Good Condition,$939.99,2025-09-27,https://www.ebay.com/itm/306513321900,https://i.ebayimg.com/images/g/lVQAAeSw4o1ozC3w/s-l500.webp,256 GB,Very Good,False,iPhone 16 Pro Max,,,,,,,,,,,,,,,,True,
1,Apple iPhone 16 Pro Max - Unlocked - Black Titanium - 512GB - Excellent,"$1,009.00",2025-09-21,https://www.ebay.com/itm/276767242549,https://i.ebayimg.com/images/g/UaAAAOSw3rhm-t85/s-l500.webp,512 GB,Excellent,False,iPhone 16 Pro Max,,,,,,,,,,,,,,,,True,
1,Apple iPhone 16 Pro Max - Unlocked - White Titanium - 256GB - Good,$862.00,2025-09-17,https://www.ebay.com/itm/286251035186,https://i.ebayimg.com/images/g/7XYAAOSwPXNnLmrs/s-l500.webp,256 GB,Good,False,iPhone 16 Pro Max,,,,,,,,,,,,,,,,True,
1,Apple iPhone 16 Pro Max Black Titanium 256GB Unlocked - Very Good,$889.90,2025-09-16,https://www.ebay.com/itm/286773693334,https://i.ebayimg.com/images/g/MV8AAeSw9RFopHeM/s-l500.webp,256 GB,Very Good,False,iPhone 16 Pro Max,,,,,,,,,,,,,,,,True,
1,Apple iPhone 16 Pro Max - 1TB - Desert Titanium (Unlocked) - Good Condition,"$1,149.99",2025-09-16,https://www.ebay.com/itm/306444595655,https://i.ebayimg.com/images/g/rVYAAOSwyhZoCOh~/s-l500.webp,Unknown,Good,False,iPhone 16 Pro Max,,,,,,,,,,,,,,,,True,
2,Apple iPhone 16 Pro Max A3084 Unlocked 256GB White Titanium - Very Good,"$1,199.00",2025-09-13,https://www.ebay.com/itm/226786195341,https://i.ebayimg.com/images/g/-IMAAeSwsCpotzcX/s-l500.webp,256 GB,Very Good,False,iPhone 16 Pro Max,,,,,,,,,,,,,,,,True,
2,Apple iPhone 16 Pro Max 256GB Unlocked - Excellent,$909.95,2025-09-10,https://www.ebay.com/itm/365653724913,https://i.ebayimg.com/images/g/PbYAAOSwbzZoQuUc/s-l500.webp,256 GB,Excellent,False,iPhone 16 Pro Max,,,,,,,,,,,,,,,,True,
2,Apple iPhone 16 Pro Max 256GB Unlocked AT&T T-Mobile Verizon Good Condition,$843.95,2025-09-10,https://www.ebay.com/itm/297145720467,https://i.ebayimg.com/images/g/bEAAAOSwfx1n4cDl/s-l500.webp,256 GB,Good,False,iPhone 16 Pro Max,,,,,,,,,,,,,,,,True,
2,Apple iPhone 16 Pro Max 512GB Black Excellent Condition,"$1,169.72",2025-08-04,https://www.ebay.com/itm/357313012627,https://i.ebayimg.com/images/g/Jc4AAeSwG3Boe1pQ/s-l500.webp,512 GB,Excellent,False,iPhone 16 Pro Max,,,,,,,,,,,,,,,,True,
2,Apple iPhone 16 Pro Max A3084 Unlocked 512GB Black Titanium - Very Good,"$1,289.00",2025-09-05,https://www.ebay.com/itm/226794605044,https://i.ebayimg.com/images/g/9zQAAeSwzmBowJQq/s-l500.webp,512 GB,Very Good,False,iPhone 16 Pro Max,,,,,,,,,,,,,,,,True,
2,Apple iPhone 16 Pro Max 256GB 512GB 1TB Unlocked Smartphone - Good,"$1,044.99",2025-09-04,https://www.ebay.com/itm/157113621696,https://i.ebayimg.com/images/g/tzMAAOSwUIBoNhJR/s-l500.webp,256 GB,Good,False,iPhone 16 Pro Max,,,,,,,,,,,,,,,,True,
2,Apple iPhone 16 Pro Max Fully Unlocked 6.9in 256GB - Excellent,"$1,075.00",2025-09-03,https://www.ebay.com/itm/167477310877,https://i.ebayimg.com/images/g/jUAAAOSwfd9oOcQP/s-l500.webp,256 GB,Excellent,False,iPhone 16 Pro Max,,,,,,,,,,,,,,,,True,
2,Apple iPhone 16 Pro Max 256GB 512GB 1TB Unlocked Smartphone - Very Good,"$1,079.99",2025-09-03,https://www.ebay.com/itm/157291584655,https://i.ebayimg.com/images/g/tzMAAOSwUIBoNhJR/s-l500.webp,256 GB,Very Good,False,iPhone 16 Pro Max,,,,,,,,,,,,,,,,True,
2,Apple iPhone 16 Pro Max 512GB Natural Very Good Condition,"$1,068.36",2025-09-01,https://www.ebay.com/itm/357312954095,https://i.ebayimg.com/images/g/5qkAAeSwNJVofywU/s-l500.webp,512 GB,Very Good,False,iPhone 16 Pro Max,,,,,,,,,,,,,,,,True,
2,Apple iPhone 16 Pro Max 512GB Gold Very Good Condition,"$1,097.30",2025-08-23,https://www.ebay.com/itm/357312981938,https://i.ebayimg.com/images/g/zJkAAeSwPhNofyxR/s-l500.webp,512 GB,Very Good,False,iPhone 16 Pro Max,,,,,,,,,,,,,,,,True,
2,Apple iPhone 16 Pro Max 512GB Black Very Good Condition,"$1,068.36",2025-09-01,https://www.ebay.com/itm/357313006604,https://i.ebayimg.com/images/g/x6sAAeSwRg1ofyvL/s-l500.webp,512 GB,Very Good,False,iPhone 16 Pro Max,,,,,,,,,,,,,,,,True,
2,Apple iPhone 16 Pro Max - 512GB - Desert Titanium (Unlocked) (eSIM Only) Perfect,$999.95,2025-09-02,https://www.ebay.com/itm/146768832191,https://i.ebayimg.com/images/g/R7wAAeSwK51om3Cu/s-l500.webp,512 GB,Unknown,False,iPhone 16 Pro Max,,,,,,,,,,,,,,,,True,
2,Apple iPhone 16 Pro Max 256GB Black Titanium (Unlocked / A3084),$969.00,2025-09-01,https://www.ebay.com/itm/146804032969,https://i.ebayimg.com/images/g/4e0AAOSwO6FnUevF/s-l500.webp,256 GB,Unknown,False,iPhone 16 Pro Max,,,,,,,,,,,,,,,,True,
2,Apple iPhone 16 Pro Max A3084 Unlocked 256GB Desert Titanium Good,$917.99,2025-08-27,https://www.ebay.com/itm/196787057275,https://i.ebayimg.com/images/g/NEEAAOSwgoVnK~SM/s-l500.webp,256 GB,Good,False,iPhone 16 Pro Max,,,,,,,,,,,,,,,,True,
2,Apple iPhone 16 Pro Max A3084 Unlocked 512GB White Titanium - Very Good,"$1,299.00",2025-08-25,https://www.ebay.com/itm/226794605089,https://i.ebayimg.com/images/g/33gAAeSw2gRonhpt/s-l500.webp,512 GB,Very Good,False,iPhone 16 Pro Max,,,,,,,,,,,,,,,,True,
2,Apple iPhone 16 Pro Max - Unlocked - Desert Titanium - 256GB - Good,$862.00,2025-08-22,https://www.ebay.com/itm/286221184337,https://i.ebayimg.com/images/g/3jAAAOSwc3JnMoJb/s-l500.webp,256 GB,Good,False,iPhone 16 Pro Max,,,,,,,,,,,,,,,,True,
2,Apple iPhone 16 Pro Max – 256 GB – Desert Titanium – MYW53LL/A – Unlocked,$899.99,2025-08-18,https://www.ebay.com/itm/205678568036,https://i.ebayimg.com/images/g/ojgAAeSw9jdoozMH/s-l500.webp,256 GB,Unknown,False,iPhone 16 Pro Max,,,,,,,,,,,,,,,,True,
2,Apple iPhone 16 Pro Max A3084 Unlocked 256GB Natural Titanium - Very Good,"$1,199.00",2025-08-16,https://www.ebay.com/itm/226786195794,https://i.ebayimg.com/images/g/wj8AAeSwCQhotzYu/s-l500.webp,256 GB,Very Good,False,iPhone 16 Pro Max,,,,,,,,,,,,,,,,True,
2,Apple iPhone 16 Pro Max A3083 256 GB SSD Black Titanium - Unlocked,$999.99,2025-08-15,https://www.ebay.com/itm/157110184048,https://i.ebayimg.com/images/g/hyUAAeSwrF9omPos/s-l500.webp,256 GB,Unknown,False,iPhone 16 Pro Max,,,,,,,,,,,,,,,,True,
2,Unlocked Apple iPhone 16 Pro Max - 256GB - Black Titanium - MYW33LL/A,$929.99,2025-08-13,https://www.ebay.com/itm/186904939781,https://i.ebayimg.com/images/g/A58AAeSw7EFo75OE/s-l500.webp,256 GB,Unknown,False,iPhone 16 Pro Max,,,,,,,,,,,,,,,,True,
2,Apple iPhone 16 Pro Max A3296 512GB SSD Natural Titanium - Unlocked,"$1,175.99",2025-08-13,https://www.ebay.com/itm/157239199553,https://i.ebayimg.com/images/g/8vMAAeSwce5onKcd/s-l500.webp,512 GB,Unknown,False,iPhone 16 Pro Max,,,,,,,,,,,,,,,,True,
2,Apple iPhone 16 Pro Max 1TB -  Desert Titanium (Unlocked) (eSIM only) Excellent,"$1,179.95",2025-08-12,https://www.ebay.com/itm/127095935119,https://i.ebayimg.com/images/g/lbUAAOSwctNoGdWv/s-l500.webp,Unknown,Excellent,False,iPhone 16 Pro Max,,,,,,,,,,,,,,,,True,
2,Apple iPhone 16 Pro Max 256GB Unlocked eSim Only White Titanium A3084 Good,$944.99,2025-08-12,https://www.ebay.com/itm/127279992315,https://i.ebayimg.com/images/g/nJ8AAOSw499oH1Oq/s-l500.webp,256 GB,Good,False,iPhone 16 Pro Max,,,,,,,,,,,,,,,,True,
2,Apple iPhone 16 Pro Max 256GB Unlocked eSim Only White Titanium A3084 Excellent,$949.99,2025-08-08,https://www.ebay.com/itm/127282178426,https://i.ebayimg.com/images/g/nJ8AAOSw499oH1Oq/s-l500.webp,256 GB,Excellent,False,iPhone 16 Pro Max,,,,,,,,,,,,,,,,True,
2,Apple iPhone 16 Pro Max 256GB A3084 Desert Titanium Unlocked US Model Excellent,$999.00,2025-08-03,https://www.ebay.com/itm/306368224359,https://i.ebayimg.com/images/g/UZ4AAOSw9QloXADJ/s-l500.webp,256 GB,Excellent,False,iPhone 16 Pro Max,,,,,,,,,,,,,,,,True,
2,Apple iPhone 16 Pro Max 256GB Desert Titanium 5G Fully Unlocked US Model - Good,$979.00,2025-07-31,https://www.ebay.com/itm/306371300811,https://i.ebayimg.com/images/g/UZ4AAOSw9QloXADJ/s-l500.webp,256 GB,Good,False,iPhone 16 Pro Max,,,,,,,,,,,,,,,,True,
2,"Apple iPhone 16 Pro Max, 512GB, Titanium - Unlocked - E sim version - Excellent","$1,219.99",2025-07-30,https://www.ebay.com/itm/156663317902,https://i.ebayimg.com/images/g/n54AAOSwNsVnm5Hg/s-l500.webp,512 GB,Excellent,False,iPhone 16 Pro Max,,,,,,,,,,,,,,,,True,
1,Apple iPhone 17 Pro Max - Unlocked - 256GB - Silver - Excellent,"$1,129.00",2025-10-21,https://www.ebay.com/itm/286890800452,https://i.ebayimg.com/images/g/HcUAAeSw9sdo-AKt/s-l500.webp,256 GB,Excellent,False,iPhone 17 Pro Max,,,,,,,,,,,,,,,,,True
