Page,Title,Price,Sold Date,Link,Image Link,Storage,Condition,PartsOnly,Model,Galaxy_S22,Galaxy_S23,Galaxy_S24,Galaxy_S25,year,Month,Price_num,Galaxy_S22Plus,Galaxy_S23Plus,Galaxy_S24Plus,Galaxy_S25Plus,Galaxy_S22_Ultra,Galaxy_S23_Ultra,Galaxy_S24_Ultra,Galaxy_S25_Ultra
1,Samsung Galaxy S22 S901 128GB Unlocked - Excellent,$168.95,2025-10-29,https://www.ebay.com/itm/364498823740,https://i.ebayimg.com/images/g/IzAAAOSwNXFlFYby/s-l500.webp,128 GB,Excellent,False,Galaxy S22,True,,,,2025.0,10.0,168.95,,,,,,,,
1,Samsung Galaxy S22 S901 128GB Unlocked - Very Good,$159.95,2025-10-29,https://www.ebay.com/itm/404513869457,https://i.ebayimg.com/images/g/u-AAAOSw46tlFYbZ/s-l500.webp,128 GB,Very Good,False,Galaxy S22,True,,,,2025.0,10.0,159.95,,,,,,,,
1,Samsung Galaxy S22 5G S901U Unlocked (Any Carrier) SmartPhone Very Good,$158.99,2025-10-28,https://www.ebay.com/itm/225935482577,https://i.ebayimg.com/images/g/Xp4AAOSwJ4ZjBY2-/s-l500.webp,Unknown,Very Good,False,Galaxy S22,True,,,,2025.0,10.0,158.99,,,,,,,,
1,Samsung Galaxy S22 128GB 256GB S901U Unlocked Smartphone - Good,$144.99,2025-10-28,https://www.ebay.com/itm/157315789642,https://i.ebayimg.com/images/g/xiQAAeSwdaVo3UHP/s-l500.webp,128 GB,Good,False,Galaxy S22,True,,,,2025.0,10.0,144.99,,,,,,,,
1,Samsung Galaxy S22 SM-S901U Unlocked 128GB Phantom Black Good,$147.99,2025-10-28,https://www.ebay.com/itm/196518586989,https://i.ebayimg.com/images/g/urQAAOSw2QFmn95~/s-l500.webp,128 GB,Good,False,Galaxy S22,True,,,,2025.0,10.0,147.99,,,,,,,,
1,Samsung Galaxy S22 128GB S901U Unlocked - Excellent,$177.99,2025-10-28,https://www.ebay.com/itm/255750739980,https://i.ebayimg.com/images/g/eHQAAeSwa6VojEf9/s-l500.webp,128 GB,Excellent,False,Galaxy S22,True,,,,2025.0,10.0,177.99,,,,,,,,
1,Samsung Galaxy S22 S901 256GB Unlocked - Excellent,$194.95,2025-10-28,https://www.ebay.com/itm/365014088752,https://i.ebayimg.com/images/g/IzAAAOSwNXFlFYby/s-l500.webp,256 GB,Excellent,False,Galaxy S22,True,,,,2025.0,10.0,194.95,,,,,,,,
1,Samsung Galaxy S22 SM-S901U1 Unlocked 128GB Phantom Black Good,$145.99,2025-10-28,https://www.ebay.com/itm/196518614327,https://i.ebayimg.com/images/g/~LQAAOSwMaZmn-Tn/s-l500.webp,128 GB,Good,False,Galaxy S22,True,,,,2025.0,10.0,145.99,,,,,,,,
1,Samsung Galaxy S22 128GB S901U Unlocked - Very Good,$153.99,2025-10-28,https://www.ebay.com/itm/255750740005,https://i.ebayimg.com/images/g/f2MAAeSwWopojEhl/s-l500.webp,128 GB,Very Good,False,Galaxy S22,True,,,,2025.0,10.0,153.99,,,,,,,,
1,Samsung Galaxy S22 128GB S901U Unlocked - Good,$143.99,2025-10-28,https://www.ebay.com/itm/255865325274,https://i.ebayimg.com/images/g/~50AAeSw3BZojEkt/s-l500.webp,128 GB,Good,False,Galaxy S22,True,,,,2025.0,10.0,143.99,,,,,,,,
1,Samsung Galaxy S22 SM-S901U Verizon Unlocked 128GB Pink Gold Good,$214.99,2025-10-28,https://www.ebay.com/itm/186605202696,https://i.ebayimg.com/images/g/dL8AAOSwgGZmqwlX/s-l500.webp,128 GB,Good,False,Galaxy S22,True,,,,2025.0,10.0,214.99,,,,,,,,
1,Samsung Galaxy S22 128GB 256GB S901U Unlocked Smartphone - Very Good,$164.99,2025-10-28,https://www.ebay.com/itm/157222087627,https://i.ebayimg.com/images/g/V10AAeSwF-xo3UIy/s-l500.webp,128 GB,Very Good,False,Galaxy S22,True,,,,2025.0,10.0,164.99,,,,,,,,
1,Samsung Galaxy S22 5G S901U Unlocked (Any Carrier) SmartPhone Good,$139.99,2025-10-28,https://www.ebay.com/itm/235404365002,https://i.ebayimg.com/images/g/Xp4AAOSwJ4ZjBY2-/s-l500.webp,Unknown,Good,False,Galaxy S22,True,,,,2025.0,10.0,139.99,,,,,,,,
1,Samsung Galaxy S22 256GB S901U Unlocked - Good,$149.99,2025-10-27,https://www.ebay.com/itm/255865325366,https://i.ebayimg.com/images/g/QHcAAeSwsphojA~m/s-l500.webp,256 GB,Good,False,Galaxy S22,True,,,,2025.0,10.0,149.99,,,,,,,,
1,Samsung Galaxy S22 White 128GB Good - Refurbished  - Unlocked,$152.99,2025-10-27,https://www.ebay.com/itm/127199726859,https://i.ebayimg.com/images/g/OUcAAeSwbGRpAPrp/s-l500.webp,128 GB,Good,False,Galaxy S22,True,,,,2025.0,10.0,152.99,,,,,,,,
1,Samsung Galaxy S22 Green 128GB Good - Refurbished  - Unlocked,$152.99,2025-10-27,https://www.ebay.com/itm/127239281024,https://i.ebayimg.com/images/g/ovcAAeSwbkZpAglU/s-l500.webp,128 GB,Good,False,Galaxy S22,True,,,,2025.0,10.0,152.99,,,,,,,,
1,Samsung Galaxy S22 256GB S901U Unlocked - Very Good,$167.99,2025-10-27,https://www.ebay.com/itm/255865325329,https://i.ebayimg.com/images/g/BsoAAeSwfPhojEix/s-l500.webp,256 GB,Very Good,False,Galaxy S22,True,,,,2025.0,10.0,167.99,,,,,,,,
1,Samsung Galaxy S22 Black 128GB Very Good - Refurbished  - Unlocked,$161.99,2025-10-27,https://www.ebay.com/itm/127234543238,https://i.ebayimg.com/images/g/pE8AAeSwFTZpANL7/s-l500.webp,128 GB,Very Good,False,Galaxy S22,True,,,,2025.0,10.0,161.99,,,,,,,,
1,Samsung Galaxy S22 256GB Factory Unlocked AT&T T-Mobile Verizon Good Condition,$171.95,2025-10-27,https://www.ebay.com/itm/306216340548,https://i.ebayimg.com/images/g/5moAAOSw1c9n7XaH/s-l500.webp,256 GB,Good,False,Galaxy S22,True,,,,2025.0,10.0,171.95,,,,,,,,
1,Samsung Galaxy S22 128GB FACTORY Unlocked Verizon ATT  TMobile Metro - EXCELLENT,$169.48,2025-10-27,https://www.ebay.com/itm/115990092373,https://i.ebayimg.com/images/g/xr0AAOSwFZVlvsfM/s-l500.webp,128 GB,Excellent,False,Galaxy S22,True,,,,2025.0,10.0,169.48,,,,,,,,
1,Samsung Galaxy S22 Purple 128GB Very Good - Refurbished  - Unlocked,$161.99,2025-10-27,https://www.ebay.com/itm/127257209493,https://i.ebayimg.com/images/g/7WcAAeSw9L5o~vZI/s-l500.webp,128 GB,Very Good,False,Galaxy S22,True,,,,2025.0,10.0,161.99,,,,,,,,
1,Samsung Galaxy S22 Black 128GB Good - Refurbished  - Unlocked,$152.99,2025-10-27,https://www.ebay.com/itm/127244140586,https://i.ebayimg.com/images/g/MK8AAeSwiCFpAPQp/s-l500.webp,128 GB,Good,False,Galaxy S22,True,,,,2025.0,10.0,152.99,,,,,,,,
1,Samsung Galaxy S22 S901 256GB Unlocked - Very Good,$185.95,2025-10-27,https://www.ebay.com/itm/365846334124,https://i.ebayimg.com/images/g/IzAAAOSwNXFlFYby/s-l500.webp,256 GB,Very Good,False,Galaxy S22,True,,,,2025.0,10.0,185.95,,,,,,,,
1,Samsung Galaxy S22 White 256GB Very Good - Refurbished  - Unlocked,$185.99,2025-10-27,https://www.ebay.com/itm/127435037236,https://i.ebayimg.com/images/g/DpMAAeSwuvlo~~no/s-l500.webp,256 GB,Very Good,False,Galaxy S22,True,,,,2025.0,10.0,185.99,,,,,,,,
1,Samsung Galaxy S22 Green 256GB Very Good - Refurbished  - Unlocked,$185.99,2025-10-27,https://www.ebay.com/itm/127442053043,https://i.ebayimg.com/images/g/MloAAeSwAR1o~-cb/s-l500.webp,256 GB,Very Good,False,Galaxy S22,True,,,,2025.0,10.0,185.99,,,,,,,,
1,Samsung Galaxy S22 SM-S901U Phantom Black 128GB Unlocked - Excellent,$277.67,2025-07-29,https://www.ebay.com/itm/176760756253,https://i.ebayimg.com/images/g/mEQAAOSwcHxnbvFx/s-l500.webp,128 GB,Excellent,False,Galaxy S22,True,,,,2025.0,7.0,277.67,,,,,,,,
1,Samsung Galaxy S22 256GB FACTORY Unlocked Verizon ATT TMobile Metro EXCELLENT,$229.48,2025-10-27,https://www.ebay.com/itm/126583047383,https://i.ebayimg.com/images/g/xr0AAOSwFZVlvsfM/s-l500.webp,256 GB,Excellent,False,Galaxy S22,True,,,,2025.0,10.0,229.48,,,,,,,,
1,Samsung Galaxy S22 5G 128-256GB Fully Unlocked - Refurbished Excellent,$189.99,2025-10-26,https://www.ebay.com/itm/226908834874,https://i.ebayimg.com/images/g/ImQAAOSwje1kGbSU/s-l500.webp,256 GB,Excellent,False,Galaxy S22,True,,,,2025.0,10.0,189.99,,,,,,,,
1,Samsung Galaxy S22 5G SM-S901U1 128GB Unlocked Phone S901U Excellent Refurbished,$178.99,2025-10-26,https://www.ebay.com/itm/354471201026,https://i.ebayimg.com/images/g/9eoAAOSwBFJjPcD9/s-l500.webp,128 GB,Excellent,False,Galaxy S22,True,,,,2025.0,10.0,178.99,,,,,,,,
1,Samsung Galaxy S22 256GB S901U Unlocked - Excellent,$195.99,2025-10-26,https://www.ebay.com/itm/255819195815,https://i.ebayimg.com/images/g/Ku0AAeSwxhNojEHP/s-l500.webp,256 GB,Excellent,False,Galaxy S22,True,,,,2025.0,10.0,195.99,,,,,,,,
1,Samsung Galaxy S22 128GB Phantom Black- Unlocked - Excellent Refurbished,$152.74,2025-10-26,https://www.ebay.com/itm/226847062070,https://i.ebayimg.com/images/g/M~8AAeSwiE9oZqFC/s-l500.webp,128 GB,Excellent,False,Galaxy S22,True,,,,2025.0,10.0,152.74,,,,,,,,
1,Samsung Galaxy S22 5G SM-S901U - 128GB - Green (Unlocked) - Good Condition,$155.19,2025-10-25,https://www.ebay.com/itm/306552940910,https://i.ebayimg.com/images/g/3-8AAeSwNXFo55N1/s-l500.webp,128 GB,Good,False,Galaxy S22,True,,,,2025.0,10.0,155.19,,,,,,,,
1,Samsung Galaxy S22 5G SM-S901U - 128GB - Black (Unlocked) - Good Condition,$155.19,2025-10-25,https://www.ebay.com/itm/306552940287,https://i.ebayimg.com/images/g/N8EAAeSwEQho55KI/s-l500.webp,128 GB,Good,False,Galaxy S22,True,,,,2025.0,10.0,155.19,,,,,,,,
1,Samsung Galaxy S22 5G SM-S901U1F 128GB 256GB Factory Unlocked Excellent,$178.99,2025-10-25,https://www.ebay.com/itm/204721986791,https://i.ebayimg.com/images/g/9eoAAOSwBFJjPcD9/s-l500.webp,128 GB,Excellent,False,Galaxy S22,True,,,,2025.0,10.0,178.99,,,,,,,,
1,Samsung Galaxy S22 Purple 128GB Good - Refurbished  - Unlocked,$152.99,2025-10-25,https://www.ebay.com/itm/127239280933,https://i.ebayimg.com/images/g/pDsAAeSw77No~-IN/s-l500.webp,128 GB,Good,False,Galaxy S22,True,,,,2025.0,10.0,152.99,,,,,,,,
1,Samsung Galaxy S22 5G SM-S901U1 128GB 256GB Unlocked Good,$149.99,2025-10-25,https://www.ebay.com/itm/186378192943,https://i.ebayimg.com/images/g/mCkAAOSwV3lnOXZg/s-l500.webp,128 GB,Good,False,Galaxy S22,True,,,,2025.0,10.0,149.99,,,,,,,,
1,Samsung Galaxy S22 Black 256GB Very Good - Refurbished  - Unlocked,$185.99,2025-10-25,https://www.ebay.com/itm/127443001776,https://i.ebayimg.com/images/g/SUsAAeSwVLdo~TQK/s-l500.webp,256 GB,Very Good,False,Galaxy S22,True,,,,2025.0,10.0,185.99,,,,,,,,
1,Samsung Galaxy S22 - 128GB - Bora Purple - Fully Unlocked 5G - Good,$159.99,2025-10-24,https://www.ebay.com/itm/257044455653,https://i.ebayimg.com/images/g/DO4AAeSw1Cloi9K1/s-l500.webp,128 GB,Good,False,Galaxy S22,True,,,,2025.0,10.0,159.99,,,,,,,,
1,Samsung Galaxy S22 Sm-s901u 5g Fully Unlocked 6.1in 128GB - Very Good,$219.00,2025-10-24,https://www.ebay.com/itm/145802924694,https://i.ebayimg.com/images/g/-c0AAeSwo1Bo5odR/s-l500.webp,128 GB,Very Good,False,Galaxy S22,True,,,,2025.0,10.0,219.0,,,,,,,,
1,Samsung Galaxy S22 (5G)  128GB Black *UNLOCKED* [SM-S901U] Excellent Refurbished,$167.99,2025-10-24,https://www.ebay.com/itm/145576662437,https://i.ebayimg.com/images/g/cBkAAOSwAY5kZnAE/s-l500.webp,128 GB,Excellent,False,Galaxy S22,True,,,,2025.0,10.0,167.99,,,,,,,,
1,Samsung Galaxy S22 SM-S901U 5G - 128GB Unlocked Smartphone - Very Good Condition,$157.99,2025-10-24,https://www.ebay.com/itm/314214264884,https://i.ebayimg.com/images/g/lGcAAOSwbgxjYuVQ/s-l500.webp,128 GB,Very Good,False,Galaxy S22,True,,,,2025.0,10.0,157.99,,,,,,,,
1,Samsung Galaxy S22 White 128GB Very Good - Refurbished  - Unlocked,$161.99,2025-10-24,https://www.ebay.com/itm/127257209813,https://i.ebayimg.com/images/g/O9EAAeSwLSdo~Mfn/s-l500.webp,128 GB,Very Good,False,Galaxy S22,True,,,,2025.0,10.0,161.99,,,,,,,,
1,Samsung Galaxy S22 (5G) 128GB Black *UNLOCKED* [SM-S901U] Very Good Refurbished,$155.99,2025-10-24,https://www.ebay.com/itm/146051641403,https://i.ebayimg.com/images/g/gMoAAOSwfrpmw5M~/s-l500.webp,128 GB,Very Good,False,Galaxy S22,True,,,,2025.0,10.0,155.99,,,,,,,,
1,Samsung Galaxy S22 128GB Unlocked AT&T T-Mobile Verizon Very Good Condition,$167.95,2025-10-24,https://www.ebay.com/itm/306199694505,https://i.ebayimg.com/images/g/Un8AAOSw2Ipn4dPr/s-l500.webp,128 GB,Very Good,False,Galaxy S22,True,,,,2025.0,10.0,167.95,,,,,,,,
1,Samsung Galaxy S22 5G SM-S901U1 128GB 256GB Unlocked Very Good,$164.99,2025-10-23,https://www.ebay.com/itm/186372216016,https://i.ebayimg.com/images/g/9eoAAOSwBFJjPcD9/s-l500.webp,128 GB,Very Good,False,Galaxy S22,True,,,,2025.0,10.0,164.99,,,,,,,,
1,Samsung Galaxy S22 Black 256GB Good - Refurbished  - Unlocked,$175.99,2025-09-06,https://www.ebay.com/itm/127199726781,https://i.ebayimg.com/images/g/mEwAAeSwj8Vo9S3D/s-l500.webp,256 GB,Good,False,Galaxy S22,True,,,,2025.0,9.0,175.99,,,,,,,,
1,Samsung Galaxy S22 5G SM-S901U1 256GB Unlocked AT&T T-Mobile Very Good Refurbish,$187.99,2025-10-23,https://www.ebay.com/itm/205349317792,https://i.ebayimg.com/images/g/9eoAAOSwBFJjPcD9/s-l500.webp,256 GB,Very Good,False,Galaxy S22,True,,,,2025.0,10.0,187.99,,,,,,,,
1,Samsung Galaxy S22 S901 128GB Unlocked - Good,$149.95,2025-10-23,https://www.ebay.com/itm/365290398310,https://i.ebayimg.com/images/g/u-AAAOSw46tlFYbZ/s-l500.webp,128 GB,Good,False,Galaxy S22,True,,,,2025.0,10.0,149.95,,,,,,,,
1,Samsung Galaxy S22 SM-S901U 5G - 128GB Unlocked Smartphone - Good Condition,$143.99,2025-10-22,https://www.ebay.com/itm/195449177206,https://i.ebayimg.com/images/g/lGcAAOSwbgxjYuVQ/s-l500.webp,128 GB,Good,False,Galaxy S22,True,,,,2025.0,10.0,143.99,,,,,,,,
1,Samsung Galaxy S22 Green 128GB Very Good - Refurbished  - Unlocked,$161.99,2025-10-22,https://www.ebay.com/itm/127257209729,https://i.ebayimg.com/images/g/REUAAeSwbIppAPhW/s-l500.webp,128 GB,Very Good,False,Galaxy S22,True,,,,2025.0,10.0,161.99,,,,,,,,
1,"SAMSUNG Galaxy S22 5G (128GB, 8GB) 6.1"" Fully Unlocked (GSM+Verizon) S901U1",$160.99,2025-03-05,https://www.ebay.com/itm/145850790526,https://i.ebayimg.com/images/g/INoAAeSwuOtotgBh/s-l500.webp,128 GB,Unknown,False,Galaxy S22,True,,,,2025.0,3.0,160.99,,,,,,,,
1,"SAMSUNG Galaxy S22 5G (128GB, 8GB) 6.1"" Factory Unlocked (GSM + Verizon) S901U1",$169.99,2025-07-31,https://www.ebay.com/itm/145850739174,https://i.ebayimg.com/images/g/WNUAAeSwXLRosJ3d/s-l500.webp,128 GB,Unknown,False,Galaxy S22,True,,,,2025.0,7.0,169.99,,,,,,,,
1,Samsung Galaxy S22 5G - 128GB  - Unlocked - Excellent Refurbished - All Colors,$250.00,2025-04-05,https://www.ebay.com/itm/156375281666,https://i.ebayimg.com/images/g/BAwAAOSwB9xmzJDI/s-l500.webp,128 GB,Excellent,False,Galaxy S22,True,,,,2025.0,4.0,250.0,,,,,,,,
1,Samsung Galaxy S22 (5G) 256GB Black *UNLOCKED* [SM-S901U] Very Good Refurbished,$186.99,2025-10-21,https://www.ebay.com/itm/146051670131,https://i.ebayimg.com/images/g/gMoAAOSwfrpmw5M~/s-l500.webp,256 GB,Very Good,False,Galaxy S22,True,,,,2025.0,10.0,186.99,,,,,,,,
1,Samsung Galaxy S22 5G S901U Verizon Straight Talk Unlocked T-Mobile AT&T Mint,$151.99,2025-09-17,https://www.ebay.com/itm/177139797785,https://i.ebayimg.com/images/g/htYAAOSw1ytn7tE0/s-l500.webp,Unknown,Unknown,False,Galaxy S22,True,,,,2025.0,9.0,151.99,,,,,,,,
2,Samsung Galaxy S22 SM-S901U Unlocked 128GB Pink Gold Very Good,$204.37,2025-10-19,https://www.ebay.com/itm/176486251527,https://i.ebayimg.com/images/g/C3QAAOSweEdmn-SD/s-l500.webp,128 GB,Very Good,False,Galaxy S22,True,,,,2025.0,10.0,204.37,,,,,,,,
2,Samsung Galaxy S22 5G SM-S901U 256GB 8GB Unlocked Black Good Condition,$206.10,2025-10-19,https://www.ebay.com/itm/406149892931,https://i.ebayimg.com/images/g/eWsAAeSwwFpokFTp/s-l500.webp,256 GB,Good,False,Galaxy S22,True,,,,2025.0,10.0,206.1,,,,,,,,
2,Samsung Galaxy S22 Purple 256GB Good - Refurbished  - Unlocked,$175.99,2025-10-18,https://www.ebay.com/itm/127392824476,https://i.ebayimg.com/images/g/fBYAAeSwXgppAgin/s-l500.webp,256 GB,Good,False,Galaxy S22,True,,,,2025.0,10.0,175.99,,,,,,,,
2,Samsung Galaxy S22 White 256GB Good - Refurbished  - Unlocked,$183.99,2025-09-18,https://www.ebay.com/itm/127376280093,https://i.ebayimg.com/images/g/jakAAeSw7EFo4rh0/s-l500.webp,256 GB,Good,False,Galaxy S22,True,,,,2025.0,9.0,183.99,,,,,,,,
2,Samsung Galaxy S22 5G SM-S901U - 256GB - Green (Unlocked) - Good Condition,$168.20,2025-10-17,https://www.ebay.com/itm/306493877828,https://i.ebayimg.com/images/g/sUYAAeSwNKdovmg3/s-l500.webp,256 GB,Good,False,Galaxy S22,True,,,,2025.0,10.0,168.2,,,,,,,,
2,Samsung Galaxy S22 - Factory Unlocked - 256GB - Green - Good,$189.00,2023-03-17,https://www.ebay.com/itm/275749717373,https://i.ebayimg.com/images/g/iykAAOSwtnNirPNi/s-l500.webp,256 GB,Good,False,Galaxy S22,True,,,,2023.0,3.0,189.0,,,,,,,,
2,Samsung Galaxy S22 5G 128GB Unlocked Very Good Condition,$142.50,2025-10-16,https://www.ebay.com/itm/357459875968,https://i.ebayimg.com/images/g/XcYAAeSwl~Ronit6/s-l500.webp,128 GB,Very Good,False,Galaxy S22,True,,,,2025.0,10.0,142.5,,,,,,,,
2,Samsung Galaxy S22 Gold 128GB Very Good - Refurbished  - Unlocked,$166.99,2025-09-15,https://www.ebay.com/itm/127244140413,https://i.ebayimg.com/images/g/8lgAAeSwIxVo3HnZ/s-l500.webp,128 GB,Very Good,False,Galaxy S22,True,,,,2025.0,9.0,166.99,,,,,,,,
2,Samsung Galaxy S22 Gold 128GB Excellent - Refurbished  - Unlocked,$174.99,2025-09-13,https://www.ebay.com/itm/127187183408,https://i.ebayimg.com/images/g/~PYAAeSwFo9o5DK0/s-l500.webp,128 GB,Excellent,False,Galaxy S22,True,,,,2025.0,9.0,174.99,,,,,,,,
2,Samsung Galaxy S22 Purple 256GB Very Good - Refurbished  - Unlocked,$185.99,2025-10-16,https://www.ebay.com/itm/127264717153,https://i.ebayimg.com/images/g/l6UAAeSw9whpANKR/s-l500.webp,256 GB,Very Good,False,Galaxy S22,True,,,,2025.0,10.0,185.99,,,,,,,,
2,Samsung Galaxy S22 5G SM-S901U1F 128GB 256GB Factory Unlocked Very Good,$164.99,2025-10-15,https://www.ebay.com/itm/204721985907,https://i.ebayimg.com/images/g/9eoAAOSwBFJjPcD9/s-l500.webp,128 GB,Very Good,False,Galaxy S22,True,,,,2025.0,10.0,164.99,,,,,,,,
2,Samsung Galaxy S22 256GB Unlocked AT&T T-Mobile Verizon Very Good Condition,$190.95,2025-10-15,https://www.ebay.com/itm/297145899564,https://i.ebayimg.com/images/g/SjcAAOSwFOdn4dQX/s-l500.webp,256 GB,Very Good,False,Galaxy S22,True,,,,2025.0,10.0,190.95,,,,,,,,
2,"Samsung Galaxy S22 (5G) SM-S901U 128GB GSM/CDMA FACTORY UNLOCKED ""Very Good""",$204.88,2025-10-15,https://www.ebay.com/itm/296200318366,https://i.ebayimg.com/images/g/SpAAAOSw~MFlu~8F/s-l500.webp,128 GB,Very Good,False,Galaxy S22,True,,,,2025.0,10.0,204.88,,,,,,,,
2,Fully Unlocked Samsung Galaxy S22 5G 128GB SM-S901U  All Colors - VERY GOOD,$191.99,2025-10-15,https://www.ebay.com/itm/145656047561,https://i.ebayimg.com/images/g/D5cAAOSwdHljbv14/s-l500.webp,128 GB,Very Good,False,Galaxy S22,True,,,,2025.0,10.0,191.99,,,,,,,,
2,Samsung Galaxy S22 128GB (SM-S901U1) Unlocked- Excellent Refurbished,$134.99,2025-10-14,https://www.ebay.com/itm/226823933860,https://i.ebayimg.com/images/g/9EMAAOSwrBloVFTb/s-l500.webp,128 GB,Excellent,False,Galaxy S22,True,,,,2025.0,10.0,134.99,,,,,,,,
2,Samsung Galaxy S22 128GB Factory Unlocked AT&T T-Mobile Verizon Good Condition,$153.95,2025-10-14,https://www.ebay.com/itm/297145899936,https://i.ebayimg.com/images/g/2TAAAOSwMNpn4dRD/s-l500.webp,128 GB,Good,False,Galaxy S22,True,,,,2025.0,10.0,153.95,,,,,,,,
2,Samsung Galaxy S22 5G SM-S901U1 256GB Unlocked AT&T T-Mobile Excellent Refurbish,$210.99,2025-10-13,https://www.ebay.com/itm/186401511911,https://i.ebayimg.com/images/g/9eoAAOSwBFJjPcD9/s-l500.webp,256 GB,Excellent,False,Galaxy S22,True,,,,2025.0,10.0,210.99,,,,,,,,
2,Samsung Galaxy S22 5G SM-S901U - 128GB - Black (Unlocked) - Very Good Condition,$213.39,2025-03-20,https://www.ebay.com/itm/305973041106,https://i.ebayimg.com/images/g/cgIAAOSwIdJli951/s-l500.webp,128 GB,Very Good,False,Galaxy S22,True,,,,2025.0,3.0,213.39,,,,,,,,
2,Samsung Galaxy S22 5G 256GB Phantom White Unlocked Good Condition,$189.99,2025-10-13,https://www.ebay.com/itm/286869600386,https://i.ebayimg.com/images/g/8kUAAeSwtMZo-FOG/s-l500.webp,256 GB,Good,False,Galaxy S22,True,,,,2025.0,10.0,189.99,,,,,,,,
2,Samsung Galaxy S22 SM-S901U 256GB Green UNLOCKED Very Good Refurbished,$191.99,2025-10-12,https://www.ebay.com/itm/144990845047,https://i.ebayimg.com/images/g/DbcAAOSwDHxj77aN/s-l500.webp,256 GB,Very Good,False,Galaxy S22,True,,,,2025.0,10.0,191.99,,,,,,,,
2,Samsung Galaxy S22 - 128GB - Black - Fully Unlocked 5G - Good,$159.99,2025-10-12,https://www.ebay.com/itm/257044450959,https://i.ebayimg.com/images/g/9EcAAOSwmnNnLBGd/s-l500.webp,128 GB,Good,False,Galaxy S22,True,,,,2025.0,10.0,159.99,,,,,,,,
2,Samsung Galaxy S22 5G - 128GB Bora Purple *UNLOCKED* [SM-S901U] Excellent Refurb,$181.99,2025-10-12,https://www.ebay.com/itm/145972343959,https://i.ebayimg.com/images/g/fuUAAOSwV~NkKvI1/s-l500.webp,128 GB,Excellent,False,Galaxy S22,True,,,,2025.0,10.0,181.99,,,,,,,,
2,Samsung Galaxy S22 Gold 128GB Good - Refurbished  - Unlocked,$152.99,2025-10-12,https://www.ebay.com/itm/127244140495,https://i.ebayimg.com/images/g/SxMAAeSwK39o9Sz-/s-l500.webp,128 GB,Good,False,Galaxy S22,True,,,,2025.0,10.0,152.99,,,,,,,,
2,"SAMSUNG Galaxy S22 5G (256GB, 8GB) 6.1"" Fully Unlocked (GSM+Verizon) S901U1",$219.99,2023-03-28,https://www.ebay.com/itm/134489605154,https://i.ebayimg.com/images/g/gRgAAeSwjIZo17dW/s-l500.webp,256 GB,Unknown,False,Galaxy S22,True,,,,2023.0,3.0,219.99,,,,,,,,
2,"SAMSUNG Galaxy S22 5G (256GB, 8GB) 6.1"" Factory Unlocked (GSM + Verizon) S901U1",$187.99,2025-07-19,https://www.ebay.com/itm/135788770208,https://i.ebayimg.com/images/g/FMMAAeSw3YdotgAJ/s-l500.webp,256 GB,Unknown,False,Galaxy S22,True,,,,2025.0,7.0,187.99,,,,,,,,
2,Samsung Galaxy S22 256GB Unlocked AT&T T-Mobile Verizon Excellent Condition,$214.95,2025-10-10,https://www.ebay.com/itm/306199695076,https://i.ebayimg.com/images/g/0~0AAOSwG25n4dSg/s-l500.webp,256 GB,Excellent,False,Galaxy S22,True,,,,2025.0,10.0,214.95,,,,,,,,
2,Samsung Galaxy S22 5G SM-S901U 128GB - Black (Unlocked) Smartphone - Good,$165.00,2025-10-10,https://www.ebay.com/itm/335669421723,https://i.ebayimg.com/images/g/8-sAAOSwWYVlai-6/s-l500.webp,128 GB,Good,False,Galaxy S22,True,,,,2025.0,10.0,165.0,,,,,,,,
2,SAMSUNG GALAXY S22 5G 128GB - SM-S901UZGAXAA - UNLOCKED - GREEN,$349.00,2025-10-09,https://www.ebay.com/itm/157219746678,https://i.ebayimg.com/images/g/PJMAAeSwRCxo2~26/s-l500.webp,128 GB,Unknown,False,Galaxy S22,True,,,,2025.0,10.0,349.0,,,,,,,,
2,Samsung Galaxy S22 SMS901U 256GB Unlocked Very Good Condition,$184.99,2025-10-07,https://www.ebay.com/itm/357498647304,https://i.ebayimg.com/images/g/IY8AAeSwWi9op5ev/s-l500.webp,256 GB,Very Good,False,Galaxy S22,True,,,,2025.0,10.0,184.99,,,,,,,,
2,"Samsung Galaxy S22 5G 128GB FACTORY UNLOCKED 6.1"" Smartphone - VERY GOOD",$182.00,2025-10-06,https://www.ebay.com/itm/236022475609,https://i.ebayimg.com/images/g/0f8AAOSwHPtnYc2G/s-l500.webp,128 GB,Very Good,False,Galaxy S22,True,,,,2025.0,10.0,182.0,,,,,,,,
2,Samsung Galaxy S22 5G SM-S901U - 128GB - Pink (Unlocked) - Good Condition,$200.78,2025-03-28,https://www.ebay.com/itm/306161843791,https://i.ebayimg.com/images/g/ku4AAOSwUkxnwcTk/s-l500.webp,128 GB,Good,False,Galaxy S22,True,,,,2025.0,3.0,200.78,,,,,,,,
2,Samsung Galaxy S22 5G 128GB Unlocked Excellent Condition,$167.51,2025-10-06,https://www.ebay.com/itm/357352723552,https://i.ebayimg.com/images/g/bQsAAeSw7uxog5ye/s-l500.webp,128 GB,Excellent,False,Galaxy S22,True,,,,2025.0,10.0,167.51,,,,,,,,
2,Samsung Galaxy S22 Sm-s901u 5g Fully Unlocked  6.1in 128GB - Excellent,$215.00,2025-10-04,https://www.ebay.com/itm/145699092141,https://i.ebayimg.com/images/g/xDwAAeSwBpJopkQf/s-l500.webp,128 GB,Excellent,False,Galaxy S22,True,,,,2025.0,10.0,215.0,,,,,,,,
2,Samsung Galaxy S22 S901U 128GB Phantom Black (Unlocked) - Very Good,$187.99,2025-10-04,https://www.ebay.com/itm/166641606717,https://i.ebayimg.com/images/g/tUcAAOSw5d9l7tIb/s-l500.webp,128 GB,Very Good,False,Galaxy S22,True,,,,2025.0,10.0,187.99,,,,,,,,
2,Samsung Galaxy S22 SM-S901W Unlocked 128GB Phantom White Good,$157.79,2025-10-03,https://www.ebay.com/itm/187582105657,https://i.ebayimg.com/images/g/49QAAeSwAKNozcgO/s-l500.webp,128 GB,Good,False,Galaxy S22,True,,,,2025.0,10.0,157.79,,,,,,,,
2,Samsung Galaxy S22 Gold 256GB Good - Refurbished  - Unlocked,$175.99,2025-10-03,https://www.ebay.com/itm/127382379426,https://i.ebayimg.com/images/g/pOMAAeSwJqJo-Pi8/s-l500.webp,256 GB,Good,False,Galaxy S22,True,,,,2025.0,10.0,175.99,,,,,,,,
2,Samsung Galaxy S22 - 128GB 256GB - All Colors - Very Good Condition,$175.00,2025-10-02,https://www.ebay.com/itm/285843054921,https://i.ebayimg.com/images/g/6F0AAOSwb9VmNUQi/s-l500.webp,128 GB,Very Good,False,Galaxy S22,True,,,,2025.0,10.0,175.0,,,,,,,,
2,Samsung Galaxy S22 SM-S901U1 Unlocked 128GB Cream Very Good,$244.99,2024-09-03,https://www.ebay.com/itm/196600507608,https://i.ebayimg.com/images/g/RecAAOSwIC5m1VuV/s-l500.webp,128 GB,Very Good,False,Galaxy S22,True,,,,2024.0,9.0,244.99,,,,,,,,
2,Samsung Galaxy S22 - 128GB - Phantom White - Unlocked  Excellent Refurbished,$149.99,2025-10-01,https://www.ebay.com/itm/226681126325,https://i.ebayimg.com/images/g/vIgAAOSwTZhn7qfR/s-l500.webp,128 GB,Excellent,False,Galaxy S22,True,,,,2025.0,10.0,149.99,,,,,,,,
2,Samsung Galaxy S22 Black 128GB Excellent - Refurbished  - Unlocked,$174.99,2025-10-01,https://www.ebay.com/itm/127407155693,https://i.ebayimg.com/images/g/EeUAAeSwivlo3b53/s-l500.webp,128 GB,Excellent,False,Galaxy S22,True,,,,2025.0,10.0,174.99,,,,,,,,
2,"Samsung Galaxy S22 5G 128GB 6.1"" Smartphone - GOOD",$168.00,2025-10-01,https://www.ebay.com/itm/235907190166,https://i.ebayimg.com/images/g/0f8AAOSwHPtnYc2G/s-l500.webp,128 GB,Good,False,Galaxy S22,True,,,,2025.0,10.0,168.0,,,,,,,,
2,Samsung Galaxy S22 SM-S901U Unlocked 128GB Green Good,$154.99,2025-10-01,https://www.ebay.com/itm/186586525731,https://i.ebayimg.com/images/g/powAAOSweJpmn-Xp/s-l500.webp,128 GB,Good,False,Galaxy S22,True,,,,2025.0,10.0,154.99,,,,,,,,
2,Samsung Galaxy S22 SM-S901W Unlocked 128GB Pink Gold Good,$157.79,2025-10-01,https://www.ebay.com/itm/187592173451,https://i.ebayimg.com/images/g/g80AAeSwe5Zo0xkH/s-l500.webp,128 GB,Good,False,Galaxy S22,True,,,,2025.0,10.0,157.79,,,,,,,,
2,Samsung Galaxy S22 128GB 256GB Fully Unlocked - Good,$149.99,2025-10-01,https://www.ebay.com/itm/267375664465,https://i.ebayimg.com/images/g/BCgAAeSwFFdop4UX/s-l500.webp,128 GB,Good,False,Galaxy S22,True,,,,2025.0,10.0,149.99,,,,,,,,
2,Excellent Samsung Galaxy S22 SM-S901U Unlocked 128GB  Black 1 Yr Wty Batt 🔋93%+,$229.87,2025-03-23,https://www.ebay.com/itm/235936649389,https://i.ebayimg.com/images/g/eQkAAOSwuRNnnAp1/s-l500.webp,128 GB,Excellent,False,Galaxy S22,True,,,,2025.0,3.0,229.87,,,,,,,,
2,Samsung Galaxy S22 Purple 128GB Excellent - Refurbished  - Unlocked,$169.99,2025-09-28,https://www.ebay.com/itm/127264716843,https://i.ebayimg.com/images/g/hcoAAeSwx21o~URO/s-l500.webp,128 GB,Excellent,False,Galaxy S22,True,,,,2025.0,9.0,169.99,,,,,,,,
2,Samsung Galaxy S22 5G S901U 256GB for AT&T (Cricket/H2O/PureTalk) Very Good,$149.99,2025-09-28,https://www.ebay.com/itm/326788947812,https://i.ebayimg.com/images/g/Xp4AAOSwJ4ZjBY2-/s-l500.webp,256 GB,Very Good,False,Galaxy S22,True,,,,2025.0,9.0,149.99,,,,,,,,
2,Samsung Galaxy S22 Factory Unlocked *Choose Color & Storage - Excellent,$259.99,2025-09-28,https://www.ebay.com/itm/226748148951,https://i.ebayimg.com/images/g/W4cAAOSwEeBoJLLs/s-l500.webp,Unknown,Excellent,False,Galaxy S22,True,,,,2025.0,9.0,259.99,,,,,,,,
2,Samsung Galaxy S22 - 128GB - Green - Fully Unlocked 5G Smartphone - Good,$159.99,2025-09-27,https://www.ebay.com/itm/257044453124,https://i.ebayimg.com/images/g/~t0AAOSwXBhnNQiV/s-l500.webp,128 GB,Good,False,Galaxy S22,True,,,,2025.0,9.0,159.99,,,,,,,,
2,Samsung Galaxy S22 5G Phantom Black 256GB Unlocked - Excellent,$189.99,2025-09-27,https://www.ebay.com/itm/286755306419,https://i.ebayimg.com/images/g/aMoAAeSwJ99oljz5/s-l500.webp,256 GB,Excellent,False,Galaxy S22,True,,,,2025.0,9.0,189.99,,,,,,,,
2,Samsung Galaxy S22 5G 128GB FACTORY UNLOCKED - VERY GOOD (9/10),$182.00,2025-09-27,https://www.ebay.com/itm/326586189405,https://i.ebayimg.com/images/g/0f8AAOSwHPtnYc2G/s-l500.webp,128 GB,Very Good,False,Galaxy S22,True,,,,2025.0,9.0,182.0,,,,,,,,
2,Samsung Galaxy S22 5G 128GB Pink Gold (UNLOCKED) SM-S901U Excellent Refurbished,$184.99,2025-09-25,https://www.ebay.com/itm/145183716773,https://i.ebayimg.com/images/g/WQgAAOSwbPtkY~Xs/s-l500.webp,128 GB,Excellent,False,Galaxy S22,True,,,,2025.0,9.0,184.99,,,,,,,,
2,Samsung Galaxy S22 SM-S901U Unlocked 128GB Phantom White Good,$166.35,2025-09-22,https://www.ebay.com/itm/176486243839,https://i.ebayimg.com/images/g/KdoAAOSwj61mn-O~/s-l500.webp,128 GB,Good,False,Galaxy S22,True,,,,2025.0,9.0,166.35,,,,,,,,
3,Samsung Galaxy S22 (5G) - 256GB Green *UNLOCKED* [SM-S901U] Good Refurbished,$179.99,2025-09-22,https://www.ebay.com/itm/146426784441,https://i.ebayimg.com/images/g/G84AAOSwbzVmIr4i/s-l500.webp,256 GB,Good,False,Galaxy S22,True,,,,2025.0,9.0,179.99,,,,,,,,
3,Samsung Galaxy S22 128GB S901U UNLOCKED - Very Good Black,$168.99,2025-09-21,https://www.ebay.com/itm/116761672903,https://i.ebayimg.com/images/g/dSEAAeSw1mdotxnV/s-l500.webp,128 GB,Very Good,False,Galaxy S22,True,,,,2025.0,9.0,168.99,,,,,,,,
3,Samsung Galaxy S22 - 128GB 256GB - All Colors - Good Condition,$149.00,2025-09-21,https://www.ebay.com/itm/276450670604,https://i.ebayimg.com/images/g/6F0AAOSwb9VmNUQi/s-l500.webp,128 GB,Good,False,Galaxy S22,True,,,,2025.0,9.0,149.0,,,,,,,,
3,Samsung Galaxy S22 128GB Unlocked (SM-S901U1) Excellent Refurbished,$179.99,2025-09-20,https://www.ebay.com/itm/226824133548,https://i.ebayimg.com/images/g/F50AAOSwtS9oVHve/s-l500.webp,128 GB,Excellent,False,Galaxy S22,True,,,,2025.0,9.0,179.99,,,,,,,,
3,Samsung Galaxy S22 Gold 256GB Very Good - Refurbished  - Unlocked,$208.99,2025-08-03,https://www.ebay.com/itm/127195091114,https://i.ebayimg.com/images/g/ZgoAAeSw61JozdvK/s-l500.webp,256 GB,Very Good,False,Galaxy S22,True,,,,2025.0,8.0,208.99,,,,,,,,
3,Samsung Galaxy S22 Green 128GB Excellent - Refurbished  - Unlocked,$169.99,2025-09-19,https://www.ebay.com/itm/127363505797,https://i.ebayimg.com/images/g/3ycAAeSwHxpozQD~/s-l500.webp,128 GB,Excellent,False,Galaxy S22,True,,,,2025.0,9.0,169.99,,,,,,,,
3,Samsung Galaxy S22 128GB Unlocked AT&T T-Mobile Verizon Excellent Condition,$191.95,2025-09-18,https://www.ebay.com/itm/297148559685,https://i.ebayimg.com/images/g/uQ0AAOSwhIJn4v-M/s-l500.webp,128 GB,Excellent,False,Galaxy S22,True,,,,2025.0,9.0,191.95,,,,,,,,
3,Samsung Galaxy S22 128 GB Graphite (Unlocked)AT&T VERIZON T-Mobile VERY GOOD,$181.88,2025-09-18,https://www.ebay.com/itm/187448553917,https://i.ebayimg.com/images/g/ezAAAOSwyKZoOgs5/s-l500.webp,128 GB,Very Good,False,Galaxy S22,True,,,,2025.0,9.0,181.88,,,,,,,,
3,Samsung Galaxy S22 SM-S901U 5G - 256GB Unlocked Smartphone - Very Good,$197.99,2025-09-16,https://www.ebay.com/itm/316311176586,https://i.ebayimg.com/images/g/lGcAAOSwbgxjYuVQ/s-l500.webp,256 GB,Very Good,False,Galaxy S22,True,,,,2025.0,9.0,197.99,,,,,,,,
3,Samsung Galaxy S22 S901U 5G Verizon Unlocked T-Mobile Mint Boost Straight Talk,$159.99,2025-08-09,https://www.ebay.com/itm/257009660011,https://i.ebayimg.com/images/g/tHIAAOSwMyZoFOUl/s-l500.webp,Unknown,Unknown,False,Galaxy S22,True,,,,2025.0,8.0,159.99,,,,,,,,
3,Samsung Galaxy S22 (5G)  256GB Black *UNLOCKED* [SM-S901U] Excellent Refurbished,$216.99,2025-09-13,https://www.ebay.com/itm/146019809384,https://i.ebayimg.com/images/g/cBkAAOSwAY5kZnAE/s-l500.webp,256 GB,Excellent,False,Galaxy S22,True,,,,2025.0,9.0,216.99,,,,,,,,
3,Samsung Galaxy S22 5G S901U 128GB Unlocked - Excellent,$204.99,2025-09-12,https://www.ebay.com/itm/226278969708,https://i.ebayimg.com/images/g/X5wAAOSwhhZis4bI/s-l500.webp,128 GB,Excellent,False,Galaxy S22,True,,,,2025.0,9.0,204.99,,,,,,,,
3,"Samsung Galaxy S22 5G 128GB 6.1"" Smartphone - VERY GOOD",$164.00,2025-09-11,https://www.ebay.com/itm/326376918927,https://i.ebayimg.com/images/g/0f8AAOSwHPtnYc2G/s-l500.webp,128 GB,Very Good,False,Galaxy S22,True,,,,2025.0,9.0,164.0,,,,,,,,
3,Samsung Galaxy S22 SM-S901U Unlocked 128GB Pink Gold Good,$163.99,2025-09-10,https://www.ebay.com/itm/196518622933,https://i.ebayimg.com/images/g/a2gAAOSwdJZmn-Y3/s-l500.webp,128 GB,Good,False,Galaxy S22,True,,,,2025.0,9.0,163.99,,,,,,,,
3,Samsung Galaxy S22 SM-S901U Unlocked 256GB Green Good,$194.86,2025-09-09,https://www.ebay.com/itm/196518606165,https://i.ebayimg.com/images/g/iOQAAOSwMQ9mn-Nr/s-l500.webp,256 GB,Good,False,Galaxy S22,True,,,,2025.0,9.0,194.86,,,,,,,,
3,Samsung Galaxy S22 SM-S9010 Unlocked 256GB Phantom White Good,$194.86,2025-09-09,https://www.ebay.com/itm/187553863899,https://i.ebayimg.com/images/g/zpsAAeSwb95ov1Qs/s-l500.webp,256 GB,Good,False,Galaxy S22,True,,,,2025.0,9.0,194.86,,,,,,,,
3,Samsung Galaxy S22 5G 128GB Pink Gold Unlocked Good Condition,$174.49,2025-09-07,https://www.ebay.com/itm/356934940753,https://i.ebayimg.com/images/g/A~kAAeSwE0ZoLO1I/s-l500.webp,128 GB,Good,False,Galaxy S22,True,,,,2025.0,9.0,174.49,,,,,,,,
3,Samsung Galaxy S22 SM-S901W Unlocked 256GB Phantom Black Good,$184.29,2025-09-08,https://www.ebay.com/itm/187295030682,https://i.ebayimg.com/images/g/MoIAAeSwFy9oQhMA/s-l500.webp,256 GB,Good,False,Galaxy S22,True,,,,2025.0,9.0,184.29,,,,,,,,
3,Samsung Galaxy S22 5G SM-S901U - 256GB - Phantom Black (Unlocked) - Good Cond.,$189.99,2025-09-07,https://www.ebay.com/itm/306483369586,https://i.ebayimg.com/images/g/ShgAAeSwNttotWhJ/s-l500.webp,256 GB,Good,False,Galaxy S22,True,,,,2025.0,9.0,189.99,,,,,,,,
3,Samsung Galaxy S22 S901U 5G Verizon Unlocked T-Mobile  Mint Boost AT&T Cricket B,$150.39,2025-09-07,https://www.ebay.com/itm/286624810650,https://i.ebayimg.com/images/g/tHIAAOSwMyZoFOUl/s-l500.webp,Unknown,Unknown,False,Galaxy S22,True,,,,2025.0,9.0,150.39,,,,,,,,
3,Samsung S901U Galaxy S22 5G Unlocked Smartphone 128GB - Purple,$196.00,2025-09-06,https://www.ebay.com/itm/127352099269,https://i.ebayimg.com/images/g/l18AAeSwm8NouhpE/s-l500.webp,128 GB,Unknown,False,Galaxy S22,True,,,,2025.0,9.0,196.0,,,,,,,,
3,Samsung Galaxy S22 (5G)  256GB White *UNLOCKED* [SM-S901U] Very Good Refurbished,$195.00,2025-09-05,https://www.ebay.com/itm/146060293401,https://i.ebayimg.com/images/g/qb8AAOSwC81m9xfe/s-l500.webp,256 GB,Very Good,False,Galaxy S22,True,,,,2025.0,9.0,195.0,,,,,,,,
3,Samsung Galaxy S22 5G 128GB Green Unlocked Very Good Condition,$189.99,2025-09-05,https://www.ebay.com/itm/295113229122,https://i.ebayimg.com/images/g/CjUAAOSwKIFkwAsW/s-l500.webp,128 GB,Very Good,False,Galaxy S22,True,,,,2025.0,9.0,189.99,,,,,,,,
3,Samsung Galaxy S22 (Unlocked) SM-S901U - 256GB Black - Very Good,$192.26,2025-09-04,https://www.ebay.com/itm/226956719563,https://i.ebayimg.com/images/g/JDEAAeSw0ApouKFc/s-l500.webp,256 GB,Very Good,False,Galaxy S22,True,,,,2025.0,9.0,192.26,,,,,,,,
3,Samsung Galaxy S22 SM-S901U Unlocked 128GB Phantom Black Very Good,$194.86,2025-09-03,https://www.ebay.com/itm/176486281964,https://i.ebayimg.com/images/g/1ogAAOSwJWFmn-hC/s-l500.webp,128 GB,Very Good,False,Galaxy S22,True,,,,2025.0,9.0,194.86,,,,,,,,
3,Samsung Galaxy S22 5G 128GB Smartphone - VERY GOOD,$164.00,2025-09-02,https://www.ebay.com/itm/326467270090,https://i.ebayimg.com/images/g/0f8AAOSwHPtnYc2G/s-l500.webp,128 GB,Very Good,False,Galaxy S22,True,,,,2025.0,9.0,164.0,,,,,,,,
3,Samsung Galaxy S22 - 128GB - Phantom White - Fully Unlocked 5G - Good,$159.99,2025-09-01,https://www.ebay.com/itm/257044462495,https://i.ebayimg.com/images/g/j-kAAeSwfXhoi9Nj/s-l500.webp,128 GB,Good,False,Galaxy S22,True,,,,2025.0,9.0,159.99,,,,,,,,
3,Samsung Galaxy S22 S901U 128GB Phantom Black Android (Unlocked) - Good,$160.99,2025-09-01,https://www.ebay.com/itm/156152867070,https://i.ebayimg.com/images/g/sTMAAOSwJXBmDusW/s-l500.webp,128 GB,Good,False,Galaxy S22,True,,,,2025.0,9.0,160.99,,,,,,,,
3,"Samsung Galaxy S22 (5G) SM-S901U 128GB GSM/CDMA FACTORY UNLOCKED ""Good""",$184.88,2025-08-31,https://www.ebay.com/itm/296200320253,https://i.ebayimg.com/images/g/SpAAAOSw~MFlu~8F/s-l500.webp,128 GB,Good,False,Galaxy S22,True,,,,2025.0,8.0,184.88,,,,,,,,
3,Samsung Galaxy S22 128GB S901U Violet Unlocked - Excellent,$179.95,2025-08-30,https://www.ebay.com/itm/127290288632,https://i.ebayimg.com/images/g/sWkAAOSwfd9oQF5i/s-l500.webp,128 GB,Excellent,False,Galaxy S22,True,,,,2025.0,8.0,179.95,,,,,,,,
3,Samsung Galaxy S22 5G 256GB Green Unlocked Good Condition,$189.99,2025-08-28,https://www.ebay.com/itm/277148112854,https://i.ebayimg.com/images/g/ARgAAeSwymlo-FO-/s-l500.webp,256 GB,Good,False,Galaxy S22,True,,,,2025.0,8.0,189.99,,,,,,,,
3,Samsung Galaxy S22 (5G) - 256GB Black *UNLOCKED* [SM-S901U] Good Refurbished,$169.99,2025-08-28,https://www.ebay.com/itm/146060309836,https://i.ebayimg.com/images/g/nS8AAOSw4vhm9xlk/s-l500.webp,256 GB,Good,False,Galaxy S22,True,,,,2025.0,8.0,169.99,,,,,,,,
3,Samsung Galaxy S22 (5G) - 256GB Pink *UNLOCKED* [SM-S901U] Very Good Refurbished,$181.99,2025-08-28,https://www.ebay.com/itm/146060292064,https://i.ebayimg.com/images/g/gqIAAOSw6MVlvo-n/s-l500.webp,256 GB,Very Good,False,Galaxy S22,True,,,,2025.0,8.0,181.99,,,,,,,,
3,Samsung Galaxy S22 SM-S901B Unlocked 128GB Violet Good,$204.24,2025-08-26,https://www.ebay.com/itm/187295034269,https://i.ebayimg.com/images/g/K84AAeSwe9JoQhOu/s-l500.webp,128 GB,Good,False,Galaxy S22,True,,,,2025.0,8.0,204.24,,,,,,,,
3,Samsung Galaxy S22 5G SM-S901U - 128GB - White (Unlocked) - Very Good Condition,$189.99,2025-08-25,https://www.ebay.com/itm/306459319917,https://i.ebayimg.com/images/g/B4cAAeSwarFooDPe/s-l500.webp,128 GB,Very Good,False,Galaxy S22,True,,,,2025.0,8.0,189.99,,,,,,,,
3,Samsung Galaxy S22 5G 256GB Pink Gold Unlocked Good Condition,$189.99,2025-08-25,https://www.ebay.com/itm/286570798039,https://i.ebayimg.com/images/g/9ZYAAeSwICxo-FRa/s-l500.webp,256 GB,Good,False,Galaxy S22,True,,,,2025.0,8.0,189.99,,,,,,,,
3,"Samsung Galaxy S22 S901U 6.1"" 256GB Unlocked 5G 50MP NFC WiFi 6E Phantom White",$209.99,2025-08-24,https://www.ebay.com/itm/197592154549,https://i.ebayimg.com/images/g/bjAAAOSwiepmRakR/s-l500.webp,256 GB,Unknown,False,Galaxy S22,True,,,,2025.0,8.0,209.99,,,,,,,,
3,Samsung Galaxy S22 5G - 256GB - Factory Unlocked - Black - Very Good,$199.00,2025-08-23,https://www.ebay.com/itm/276297915462,https://i.ebayimg.com/images/g/-LgAAOSwL3ti1urs/s-l500.webp,256 GB,Very Good,False,Galaxy S22,True,,,,2025.0,8.0,199.0,,,,,,,,
3,Samsung Galaxy S22 5G - 256GB Bora Purple *UNLOCKED* [SM-S901U] Excellent Refurb,$214.99,2025-08-21,https://www.ebay.com/itm/146716547083,https://i.ebayimg.com/images/g/fuUAAOSwV~NkKvI1/s-l500.webp,256 GB,Excellent,False,Galaxy S22,True,,,,2025.0,8.0,214.99,,,,,,,,
3,Samsung Galaxy S22 SM-S901U T-Mobile Unlocked 128GB Phantom Black Very Good,$194.99,2025-08-20,https://www.ebay.com/itm/176486808567,https://i.ebayimg.com/images/g/SbMAAOSwyUJmoGF9/s-l500.webp,128 GB,Very Good,False,Galaxy S22,True,,,,2025.0,8.0,194.99,,,,,,,,
3,Samsung Galaxy S22 5G SM-S901U - 128GB - Phantom Black (Unlocked) - Good Cond.,$155.14,2025-08-20,https://www.ebay.com/itm/306421287529,https://i.ebayimg.com/images/g/yygAAOSwFslm-~Mz/s-l500.webp,128 GB,Good,False,Galaxy S22,True,,,,2025.0,8.0,155.14,,,,,,,,
3,Samsung Galaxy S22 (5G) - 128GB Pink *UNLOCKED* [SM-S901U] Very Good Refurbished,$170.99,2025-08-17,https://www.ebay.com/itm/145612601351,https://i.ebayimg.com/images/g/gqIAAOSw6MVlvo-n/s-l500.webp,128 GB,Very Good,False,Galaxy S22,True,,,,2025.0,8.0,170.99,,,,,,,,
3,"Samsung Galaxy S22 5G 128GB 6.1"" Smartphone - EXCELLENT",$228.00,2025-08-08,https://www.ebay.com/itm/226501317571,https://i.ebayimg.com/images/g/0f8AAOSwHPtnYc2G/s-l500.webp,128 GB,Excellent,False,Galaxy S22,True,,,,2025.0,8.0,228.0,,,,,,,,
3,Samsung Galaxy S22 5G Phantom Black 128GB Unlocked - Good Cond w/ Burn In,$149.99,2025-08-07,https://www.ebay.com/itm/277258595879,https://i.ebayimg.com/images/g/TZsAAeSwfQdobRxm/s-l500.webp,128 GB,Good,False,Galaxy S22,True,,,,2025.0,8.0,149.99,,,,,,,,
3,Samsung Galaxy S22 5G SM-S901U - 128GB - Bora Purple (Unlocked) - Good Cond.,$163.15,2025-08-05,https://www.ebay.com/itm/306369728645,https://i.ebayimg.com/images/g/Ur0AAOSwLmFoVmfg/s-l500.webp,128 GB,Good,False,Galaxy S22,True,,,,2025.0,8.0,163.15,,,,,,,,
3,Samsung Galaxy S22 5G SM-S901U - 128GB - Black (Unlocked) - Good Cond.,$159.34,2025-08-04,https://www.ebay.com/itm/306370788878,https://i.ebayimg.com/images/g/yygAAOSwFslm-~Mz/s-l500.webp,128 GB,Good,False,Galaxy S22,True,,,,2025.0,8.0,159.34,,,,,,,,
1,Excellent Samsung Galaxy S23 128GB Cream Verizon Locked Android Smartphone,$234.89,2025-10-29,https://www.ebay.com/itm/187631441629,https://i.ebayimg.com/images/g/tKoAAeSwDdRoeQA5/s-l500.webp,128 GB,Excellent,False,Galaxy S23,,True,,,2025.0,10.0,234.89,,,,,,,,
1,Samsung Galaxy S23 128GB S911U Unlocked - Excellent,$232.99,2025-10-29,https://www.ebay.com/itm/256372271129,https://i.ebayimg.com/images/g/AXAAAeSwl3loL2cC/s-l500.webp,128 GB,Excellent,False,Galaxy S23,,True,,,2025.0,10.0,232.99,,,,,,,,
1,Samsung Galaxy S23 SM-S911U1 5G  128GB Lavender (Unlocked) #L703,$219.00,2025-10-29,https://www.ebay.com/itm/127446681069,https://i.ebayimg.com/images/g/VrMAAeSwaLpo-P16/s-l500.webp,128 GB,Unknown,False,Galaxy S23,,True,,,2025.0,10.0,219.0,,,,,,,,
1,Samsung Galaxy S23 5G 128/256GB  Unlocked -Refurbished Excellent,$259.99,2025-10-29,https://www.ebay.com/itm/326722087811,https://i.ebayimg.com/images/g/0tsAAOSwAPhl81iZ/s-l500.webp,256 GB,Excellent,False,Galaxy S23,,True,,,2025.0,10.0,259.99,,,,,,,,
1,Samsung Galaxy S23 128GB S911U Unlocked - Good,$205.99,2025-10-28,https://www.ebay.com/itm/256372465052,https://i.ebayimg.com/images/g/kvwAAeSwDeVoL2FO/s-l500.webp,128 GB,Good,False,Galaxy S23,,True,,,2025.0,10.0,205.99,,,,,,,,
1,Samsung Galaxy S23 128GB S911U Unlocked - Very Good,$223.99,2025-10-28,https://www.ebay.com/itm/256372450471,https://i.ebayimg.com/images/g/7eYAAeSwaNZoMI-3/s-l500.webp,128 GB,Very Good,False,Galaxy S23,,True,,,2025.0,10.0,223.99,,,,,,,,
1,Samsung Galaxy S23 S911U1 128GB 256GB Unlocked Excellent,$262.99,2025-10-28,https://www.ebay.com/itm/186372160670,https://i.ebayimg.com/images/g/d7sAAOSwgbJl-K0v/s-l500.webp,128 GB,Excellent,False,Galaxy S23,,True,,,2025.0,10.0,262.99,,,,,,,,
1,Samsung Galaxy S23 (5G) SM-S911U 128GB GSM/CDMA FACTORY UNLOCKED Good,$219.88,2025-10-28,https://www.ebay.com/itm/297432023647,https://i.ebayimg.com/images/g/30MAAOSwUP9oWbQK/s-l500.webp,128 GB,Good,False,Galaxy S23,,True,,,2025.0,10.0,219.88,,,,,,,,
1,Samsung Galaxy S23 SM-S911U 128GB Unlocked Excellent Condition,$263.30,2025-10-28,https://www.ebay.com/itm/357295111467,https://i.ebayimg.com/images/g/D48AAeSwp3lowxpk/s-l500.webp,128 GB,Excellent,False,Galaxy S23,,True,,,2025.0,10.0,263.3,,,,,,,,
1,Samsung Galaxy S23 128GB FACTORY UNLOCKED Verizon ATT TMobile Metro - EXCELLENT,$239.48,2025-10-28,https://www.ebay.com/itm/126995399789,https://i.ebayimg.com/images/g/7LUAAOSwNZRn1dRa/s-l500.webp,128 GB,Excellent,False,Galaxy S23,,True,,,2025.0,10.0,239.48,,,,,,,,
1,Samsung Galaxy S23 256GB FACTORY UNLOCKED Verizon ATT TMobile Metro - EXCELLENT,$308.48,2025-10-28,https://www.ebay.com/itm/136325419316,https://i.ebayimg.com/images/g/7LUAAOSwNZRn1dRa/s-l500.webp,256 GB,Excellent,False,Galaxy S23,,True,,,2025.0,10.0,308.48,,,,,,,,
1,Samsung Galaxy S23 S911 5G Factory Unlocked - Very Good,$219.99,2025-10-28,https://www.ebay.com/itm/275946955493,https://i.ebayimg.com/images/g/yzwAAOSwt1JkryFX/s-l500.webp,Unknown,Very Good,False,Galaxy S23,,True,,,2025.0,10.0,219.99,,,,,,,,
1,Samsung Galaxy S23 SM-S911U1 256GB 5G Black FACTORY UNLOCKED,$299.00,2025-10-28,https://www.ebay.com/itm/126963833938,https://i.ebayimg.com/images/g/tRAAAOSwZP5mT34T/s-l500.webp,256 GB,Unknown,False,Galaxy S23,,True,,,2025.0,10.0,299.0,,,,,,,,
1,"Samsung Galaxy S23 5G 128GB FACTORY UNLOCKED  6.1"" Smartphone - VERY GOOD",$238.00,2025-10-28,https://www.ebay.com/itm/236036781287,https://i.ebayimg.com/images/g/wIIAAOSw60NnYaNt/s-l500.webp,128 GB,Very Good,False,Galaxy S23,,True,,,2025.0,10.0,238.0,,,,,,,,
1,Samsung Galaxy S23 S911 5G Factory Unlocked - Excellent,$239.99,2025-10-27,https://www.ebay.com/itm/285378740455,https://i.ebayimg.com/images/g/yzwAAOSwt1JkryFX/s-l500.webp,Unknown,Excellent,False,Galaxy S23,,True,,,2025.0,10.0,239.99,,,,,,,,
1,Samsung Galaxy S23 (5G) SM-S911U 128GB GSM/CDMA FACTORY UNLOCKED Very Good,$224.88,2025-10-27,https://www.ebay.com/itm/297432020395,https://i.ebayimg.com/images/g/30MAAOSwUP9oWbQK/s-l500.webp,128 GB,Very Good,False,Galaxy S23,,True,,,2025.0,10.0,224.88,,,,,,,,
1,Samsung Galaxy S23 S911 5G Factory Unlocked - Good,$199.99,2025-10-27,https://www.ebay.com/itm/277247211131,https://i.ebayimg.com/images/g/yzwAAOSwt1JkryFX/s-l500.webp,Unknown,Good,False,Galaxy S23,,True,,,2025.0,10.0,199.99,,,,,,,,
1,Samsung Galaxy S23 SM-S911U 128GB Unlocked Very Good Condition,$249.91,2025-10-27,https://www.ebay.com/itm/357600879787,https://i.ebayimg.com/images/g/2NgAAeSw3SZowxYS/s-l500.webp,128 GB,Very Good,False,Galaxy S23,,True,,,2025.0,10.0,249.91,,,,,,,,
1,REFURBISHED Samsung Galaxy S23 SM-S911U1 256GB 5G Black FACTORY UNLOCKED,$269.00,2025-10-26,https://www.ebay.com/itm/116686626530,https://i.ebayimg.com/images/g/tRAAAOSwZP5mT34T/s-l500.webp,256 GB,Unknown,False,Galaxy S23,,True,,,2025.0,10.0,269.0,,,,,,,,
1,"Samsung Galaxy S23 S911U1 128GB, 256GB Unlocked Very Good",$224.99,2025-10-26,https://www.ebay.com/itm/186419721963,https://i.ebayimg.com/images/g/d7sAAOSwgbJl-K0v/s-l500.webp,128 GB,Very Good,False,Galaxy S23,,True,,,2025.0,10.0,224.99,,,,,,,,
1,SAMSUNG GALAXY S23 256GB ALL COLORS FACTORY UNLOCKED VERY GOOD CONDITION,$364.99,2025-04-14,https://www.ebay.com/itm/187082199969,https://i.ebayimg.com/images/g/F9sAAOSwx2Fn5HUk/s-l500.webp,256 GB,Very Good,False,Galaxy S23,,True,,,2025.0,4.0,364.99,,,,,,,,
1,Samsung Galaxy S23 Lavender 128 Excellent - Refurbished  - Unlocked,$261.99,2025-10-26,https://www.ebay.com/itm/127388404804,https://i.ebayimg.com/images/g/EykAAeSwCqBo~2Zx/s-l500.webp,Unknown,Excellent,False,Galaxy S23,,True,,,2025.0,10.0,261.99,,,,,,,,
1,Samsung Galaxy S23 256GB 📱Phantom Black - Network Unlocked ✨ - Good,$254.99,2025-10-26,https://www.ebay.com/itm/205800898509,https://i.ebayimg.com/images/g/yPwAAOSw4HFnkTDN/s-l500.webp,256 GB,Good,False,Galaxy S23,,True,,,2025.0,10.0,254.99,,,,,,,,
1,Samsung Galaxy S23 S911 128GB Unlocked - Very Good,$233.95,2025-10-26,https://www.ebay.com/itm/405911450654,https://i.ebayimg.com/images/g/Z5gAAOSwQ99mlsDq/s-l500.webp,128 GB,Very Good,False,Galaxy S23,,True,,,2025.0,10.0,233.95,,,,,,,,
1,Samsung Galaxy S23 Fully Unlocked 128GB - 6.1in - Good,$214.00,2025-10-26,https://www.ebay.com/itm/146756353108,https://i.ebayimg.com/images/g/jowAAeSw7aVoyFNi/s-l500.webp,128 GB,Good,False,Galaxy S23,,True,,,2025.0,10.0,214.0,,,,,,,,
1,REFURBISHED Samsung Galaxy S23 SM-S911U1 128GB 5G Black FACTORY UNLOCKED,$269.00,2025-10-26,https://www.ebay.com/itm/145792863939,https://i.ebayimg.com/images/g/tRAAAOSwZP5mT34T/s-l500.webp,128 GB,Unknown,False,Galaxy S23,,True,,,2025.0,10.0,269.0,,,,,,,,
1,Samsung Galaxy S23 Fully Unlocked 128GB - 6.1in - Very Good,$233.00,2025-10-26,https://www.ebay.com/itm/136280347939,https://i.ebayimg.com/images/g/iTMAAeSwtQlok4ot/s-l500.webp,128 GB,Very Good,False,Galaxy S23,,True,,,2025.0,10.0,233.0,,,,,,,,
1,Samsung Galaxy S23 SM-S911U1  256GB 5G GREEN  (Unlocked) #L332,$224.00,2025-10-25,https://www.ebay.com/itm/127400450266,https://i.ebayimg.com/images/g/58gAAeSwd9to2Ycv/s-l500.webp,256 GB,Unknown,False,Galaxy S23,,True,,,2025.0,10.0,224.0,,,,,,,,
1,Samsung Galaxy S23 SM-S911U1 5G 128G 256GB Black Cream Green Unlocked,$279.00,2025-10-25,https://www.ebay.com/itm/126980765750,https://i.ebayimg.com/images/g/vs8AAOSwWAhlW9H6/s-l500.webp,256 GB,Unknown,False,Galaxy S23,,True,,,2025.0,10.0,279.0,,,,,,,,
1,Samsung Galaxy S23 SM-S911U - 128GB - Black (Unlocked) - Good Condition,$212.47,2025-10-25,https://www.ebay.com/itm/306515147130,https://i.ebayimg.com/images/g/maAAAeSwkmBoyuOO/s-l500.webp,128 GB,Good,False,Galaxy S23,,True,,,2025.0,10.0,212.47,,,,,,,,
1,Samsung Galaxy S23 256GB S911U Unlocked - Very Good,$279.99,2025-10-24,https://www.ebay.com/itm/256483219138,https://i.ebayimg.com/images/g/BvIAAeSwXy5oL2-A/s-l500.webp,256 GB,Very Good,False,Galaxy S23,,True,,,2025.0,10.0,279.99,,,,,,,,
1,Samsung Galaxy S23 SM-S911U1  256GB 5G GREEN  (Unlocked) #L478,$214.00,2025-10-24,https://www.ebay.com/itm/127429940039,https://i.ebayimg.com/images/g/wisAAeSwEABo7Wxc/s-l500.webp,256 GB,Unknown,False,Galaxy S23,,True,,,2025.0,10.0,214.0,,,,,,,,
1,Samsung Galaxy S23 256GB 5G SM-S911U1 Black FACTORY UNLOCKED #L677,$259.00,2025-10-23,https://www.ebay.com/itm/116840223959,https://i.ebayimg.com/images/g/CYcAAeSwQslo-Qkw/s-l500.webp,256 GB,Unknown,False,Galaxy S23,,True,,,2025.0,10.0,259.0,,,,,,,,
1,Samsung Galaxy S23 - 128GB - Lavender (Unlocked) SM-S911U Excellent,$314.95,2025-04-25,https://www.ebay.com/itm/127073592317,https://i.ebayimg.com/images/g/4-8AAOSwxmdoClBu/s-l500.webp,128 GB,Excellent,False,Galaxy S23,,True,,,2025.0,4.0,314.95,,,,,,,,
1,Samsung Galaxy S23 Unlocked T-Mobile AT&T Verizon US Cellular Tracfone Spectrum,$216.19,2025-10-23,https://www.ebay.com/itm/286767578786,https://i.ebayimg.com/images/g/vf4AAeSwy7xonNQe/s-l500.webp,Unknown,Unknown,False,Galaxy S23,,True,,,2025.0,10.0,216.19,,,,,,,,
1,Samsung Galaxy S23 SM-S911U1  256GB 5G GREEN  (Unlocked) #L331,$229.00,2025-10-23,https://www.ebay.com/itm/127400441380,https://i.ebayimg.com/images/g/FssAAeSw5QFo2YTN/s-l500.webp,256 GB,Unknown,False,Galaxy S23,,True,,,2025.0,10.0,229.0,,,,,,,,
1,"Samsung Galaxy S23 5G 128GB FACTORY UNLOCKED 6.1"" Smartphone - EXCELLENT",$260.00,2025-10-23,https://www.ebay.com/itm/236036771116,https://i.ebayimg.com/images/g/wIIAAOSw60NnYaNt/s-l500.webp,128 GB,Excellent,False,Galaxy S23,,True,,,2025.0,10.0,260.0,,,,,,,,
1,"Samsung Galaxy S23 5G (256GB, 8GB) 6.1"" Fully Unlocked S911U",$251.05,2025-08-16,https://www.ebay.com/itm/156427509765,https://i.ebayimg.com/images/g/2X8AAeSw1T9o-Vdc/s-l500.webp,256 GB,Unknown,False,Galaxy S23,,True,,,2025.0,8.0,251.05,,,,,,,,
1,Samsung Galaxy S23 128GB - Fully Unlocked - All Colors - Good,$219.99,2025-10-22,https://www.ebay.com/itm/257075457391,https://i.ebayimg.com/images/g/ILcAAeSwtUhop4w-/s-l500.webp,128 GB,Good,False,Galaxy S23,,True,,,2025.0,10.0,219.99,,,,,,,,
1,"Samsung Galaxy S23 128GB Unlocked SM-S911U 6.1"" 50MP 5G WiFi 6E Phantom Black",$214.99,2025-10-22,https://www.ebay.com/itm/326806735603,https://i.ebayimg.com/images/g/1AMAAOSw4oNmYICj/s-l500.webp,128 GB,Unknown,False,Galaxy S23,,True,,,2025.0,10.0,214.99,,,,,,,,
1,Samsung Galaxy S23 S911 128GB Unlocked - Excellent,$247.95,2025-10-22,https://www.ebay.com/itm/365016521673,https://i.ebayimg.com/images/g/Z5gAAOSwQ99mlsDq/s-l500.webp,128 GB,Excellent,False,Galaxy S23,,True,,,2025.0,10.0,247.95,,,,,,,,
1,Samsung Galaxy S23 SM-S911U1 5G  128GB Lavender (Unlocked) #L525,$214.00,2025-10-21,https://www.ebay.com/itm/146893806573,https://i.ebayimg.com/images/g/8bcAAeSwDWto7VOt/s-l500.webp,128 GB,Unknown,False,Galaxy S23,,True,,,2025.0,10.0,214.0,,,,,,,,
1,Samsung Galaxy S23 SM-S911U1  256GB 5G GREEN  (Unlocked) #L479,$229.00,2025-10-21,https://www.ebay.com/itm/146893934159,https://i.ebayimg.com/images/g/-7wAAeSwEYFo7W0f/s-l500.webp,256 GB,Unknown,False,Galaxy S23,,True,,,2025.0,10.0,229.0,,,,,,,,
1,"Samsung Galaxy S23 5G 128GB 6.1"" Smartphone - VERY GOOD",$204.00,2025-10-21,https://www.ebay.com/itm/226607832115,https://i.ebayimg.com/images/g/wIIAAOSw60NnYaNt/s-l500.webp,128 GB,Very Good,False,Galaxy S23,,True,,,2025.0,10.0,204.0,,,,,,,,
1,Samsung Galaxy S23 SM-S911U Unlocked 128GB Phantom Black Good,$227.99,2025-10-21,https://www.ebay.com/itm/196518622117,https://i.ebayimg.com/images/g/j8oAAOSw16tmn-YV/s-l500.webp,128 GB,Good,False,Galaxy S23,,True,,,2025.0,10.0,227.99,,,,,,,,
1,Samsung Galaxy S23 SM-S911U 256GB Unlocked Excellent Condition,$383.22,2025-10-21,https://www.ebay.com/itm/357295120689,https://i.ebayimg.com/images/g/qOEAAeSwHdho5~ib/s-l500.webp,256 GB,Excellent,False,Galaxy S23,,True,,,2025.0,10.0,383.22,,,,,,,,
1,"Samsung Galaxy S23 5G (256GB, 8GB) 6.1"" Fully Unlocked US & Global S911U",$329.90,2025-10-21,https://www.ebay.com/itm/157130645223,https://i.ebayimg.com/images/g/L1oAAeSw1sJoXjpG/s-l500.webp,256 GB,Unknown,False,Galaxy S23,,True,,,2025.0,10.0,329.9,,,,,,,,
1,Samsung Galaxy S23 5G S911U Unlocked (Any Carrier) SmartPhone Good,$204.99,2025-10-21,https://www.ebay.com/itm/235621919032,https://i.ebayimg.com/images/g/liUAAOSw97ZksHvU/s-l500.webp,Unknown,Good,False,Galaxy S23,,True,,,2025.0,10.0,204.99,,,,,,,,
1,Samsung Galaxy S23 Black 128 Good - Refurbished  - Unlocked,$221.99,2025-10-21,https://www.ebay.com/itm/127424355329,https://i.ebayimg.com/images/g/bp0AAeSwR05o994Z/s-l500.webp,Unknown,Good,False,Galaxy S23,,True,,,2025.0,10.0,221.99,,,,,,,,
1,Samsung Galaxy S23 - 128GB 256GB - All Colors - Excellent Condition,$239.00,2025-10-20,https://www.ebay.com/itm/276450731520,https://i.ebayimg.com/images/g/VawAAOSwBRFmNVnq/s-l500.webp,128 GB,Excellent,False,Galaxy S23,,True,,,2025.0,10.0,239.0,,,,,,,,
1,Samsung Galaxy S23 Lavender 128 Good - Refurbished  - Unlocked,$221.99,2025-10-20,https://www.ebay.com/itm/127392824690,https://i.ebayimg.com/images/g/4KgAAeSwCq5o-kr-/s-l500.webp,Unknown,Good,False,Galaxy S23,,True,,,2025.0,10.0,221.99,,,,,,,,
1,Samsung Galaxy S23 Green 128 Good - Refurbished  - Unlocked,$221.99,2025-10-20,https://www.ebay.com/itm/127402853992,https://i.ebayimg.com/images/g/mQYAAeSwCxho97hz/s-l500.webp,Unknown,Good,False,Galaxy S23,,True,,,2025.0,10.0,221.99,,,,,,,,
1,Samsung Galaxy S23 SM-S911U1  256GB 5G LAVENDER  (Unlocked) #L363,$244.00,2025-10-20,https://www.ebay.com/itm/116801304260,https://i.ebayimg.com/images/g/TOsAAeSwt61o2Z6W/s-l500.webp,256 GB,Unknown,False,Galaxy S23,,True,,,2025.0,10.0,244.0,,,,,,,,
1,"SAMSUNG Galaxy S23 5G (256GB, 8GB) 6.1"" Fully Unlocked US & Global S911U",$312.99,2025-09-03,https://www.ebay.com/itm/145099592634,https://i.ebayimg.com/images/g/wpAAAeSwKCRoL051/s-l500.webp,256 GB,Unknown,False,Galaxy S23,,True,,,2025.0,9.0,312.99,,,,,,,,
1,Samsung Galaxy S23 5G S911U 256GB Unlocked (Any Carrier) SmartPhone Very Good,$244.99,2025-10-20,https://www.ebay.com/itm/204460959897,https://i.ebayimg.com/images/g/liUAAOSw97ZksHvU/s-l500.webp,256 GB,Very Good,False,Galaxy S23,,True,,,2025.0,10.0,244.99,,,,,,,,
1,Samsung Galaxy S23 SM-S911U1 - 128GB  Green FACTORY Unlocked 5G #L570,$204.00,2025-10-19,https://www.ebay.com/itm/116826163870,https://i.ebayimg.com/images/g/LVAAAeSwMGJo7T4n/s-l500.webp,128 GB,Unknown,False,Galaxy S23,,True,,,2025.0,10.0,204.0,,,,,,,,
1,Samsung Galaxy S23 SM-S911U1 5G  128GB Lavender (Unlocked) #L576,$209.00,2025-10-19,https://www.ebay.com/itm/146893698719,https://i.ebayimg.com/images/g/dTcAAeSwo1Bo7T8P/s-l500.webp,128 GB,Unknown,False,Galaxy S23,,True,,,2025.0,10.0,209.0,,,,,,,,
1,Samsung Galaxy S23 SM-S911U1 5G  128GB Lavender (Unlocked) #L575,$214.00,2025-10-18,https://www.ebay.com/itm/146893698364,https://i.ebayimg.com/images/g/67oAAeSwvPRo7T7w/s-l500.webp,128 GB,Unknown,False,Galaxy S23,,True,,,2025.0,10.0,214.0,,,,,,,,
1,"Samsung Galaxy S23 5G 128GB 6.1"" Smartphone - EXCELLENT!",$260.00,2025-10-19,https://www.ebay.com/itm/235967158703,https://i.ebayimg.com/images/g/wIIAAOSw60NnYaNt/s-l500.webp,128 GB,Excellent,False,Galaxy S23,,True,,,2025.0,10.0,260.0,,,,,,,,
1,Samsung Galaxy S23 SM-S911U1 - 128GB  Green FACTORY Unlocked 5G #L319,$209.00,2025-10-17,https://www.ebay.com/itm/116801271557,https://i.ebayimg.com/images/g/LhkAAeSwu9xo2ZYs/s-l500.webp,128 GB,Unknown,False,Galaxy S23,,True,,,2025.0,10.0,209.0,,,,,,,,
1,Samsung Galaxy S23 SM-S911U1  256GB 5G GREEN  (Unlocked) #L419,$254.00,2025-10-17,https://www.ebay.com/itm/146860165372,https://i.ebayimg.com/images/g/czYAAeSwt61o2W91/s-l500.webp,256 GB,Unknown,False,Galaxy S23,,True,,,2025.0,10.0,254.0,,,,,,,,
1,Samsung Galaxy S23 SM-S911U 256GB Unlocked Very Good Condition,$343.36,2025-10-16,https://www.ebay.com/itm/357295153737,https://i.ebayimg.com/images/g/4GgAAeSwdeNo5~gw/s-l500.webp,256 GB,Very Good,False,Galaxy S23,,True,,,2025.0,10.0,343.36,,,,,,,,
1,Samsung Galaxy S23 SM-S911U1 - 128GB  Green FACTORY Unlocked 5G #L571,$214.00,2025-10-16,https://www.ebay.com/itm/146893689969,https://i.ebayimg.com/images/g/XPkAAeSw~nJo7T47/s-l500.webp,128 GB,Unknown,False,Galaxy S23,,True,,,2025.0,10.0,214.0,,,,,,,,
1,Samsung Galaxy S23 Black 128 Very Good - Refurbished  - Unlocked,$249.99,2025-09-17,https://www.ebay.com/itm/127187183004,https://i.ebayimg.com/images/g/hTAAAeSwwc1o2wZO/s-l500.webp,Unknown,Very Good,False,Galaxy S23,,True,,,2025.0,9.0,249.99,,,,,,,,
1,Samsung Galaxy S23 SM-S911U1 - 128GB  Green FACTORY Unlocked 5G #L318,$214.00,2025-10-16,https://www.ebay.com/itm/146860391481,https://i.ebayimg.com/images/g/LW8AAeSw0SRo2ZYQ/s-l500.webp,128 GB,Unknown,False,Galaxy S23,,True,,,2025.0,10.0,214.0,,,,,,,,
1,Samsung Galaxy S23 - 128GB 256GB - All Colors - Good Condition,$205.00,2025-10-16,https://www.ebay.com/itm/276450735509,https://i.ebayimg.com/images/g/VawAAOSwBRFmNVnq/s-l500.webp,128 GB,Good,False,Galaxy S23,,True,,,2025.0,10.0,205.0,,,,,,,,
1,Samsung Galaxy S23 256GB 5G SM-S911U1 Black FACTORY UNLOCKED #L335,$254.00,2025-10-15,https://www.ebay.com/itm/146860320175,https://i.ebayimg.com/images/g/uc8AAeSw1qZo2YfX/s-l500.webp,256 GB,Unknown,False,Galaxy S23,,True,,,2025.0,10.0,254.0,,,,,,,,
1,Samsung Galaxy S23 SM-S911U1 - 128GB  Green FACTORY Unlocked 5G #L422,$214.00,2025-10-14,https://www.ebay.com/itm/116801083668,https://i.ebayimg.com/images/g/fDwAAeSwEZho2W~q/s-l500.webp,128 GB,Unknown,False,Galaxy S23,,True,,,2025.0,10.0,214.0,,,,,,,,
1,Samsung Galaxy S23 S911 128GB Unlocked - Good,$219.95,2025-10-15,https://www.ebay.com/itm/365064175067,https://i.ebayimg.com/images/g/Z5gAAOSwQ99mlsDq/s-l500.webp,128 GB,Good,False,Galaxy S23,,True,,,2025.0,10.0,219.95,,,,,,,,
2,Samsung Galaxy S23 128GB Unlocked AT&T T-Mobile Verizon Very Good Condition,$223.95,2025-10-14,https://www.ebay.com/itm/306207384127,https://i.ebayimg.com/images/g/ykIAAOSwnLhn5vef/s-l500.webp,128 GB,Very Good,False,Galaxy S23,,True,,,2025.0,10.0,223.95,,,,,,,,
2,Samsung Galaxy S23 SM-S911U1 - 128GB  Green FACTORY Unlocked 5G #L569,$214.00,2025-10-13,https://www.ebay.com/itm/127429771635,https://i.ebayimg.com/images/g/cB8AAeSwRuVo7T4J/s-l500.webp,128 GB,Unknown,False,Galaxy S23,,True,,,2025.0,10.0,214.0,,,,,,,,
2,Samsung Galaxy S23 SM-S911U1 - 128GB  Green FACTORY Unlocked 5G #L572,$214.00,2025-10-13,https://www.ebay.com/itm/146893690684,https://i.ebayimg.com/images/g/hu8AAeSwV-xo7T5U/s-l500.webp,128 GB,Unknown,False,Galaxy S23,,True,,,2025.0,10.0,214.0,,,,,,,,
2,Samsung Galaxy S23 SM-S911U1 - 128GB  Green FACTORY Unlocked 5G #L320,$219.00,2025-10-12,https://www.ebay.com/itm/146860363178,https://i.ebayimg.com/images/g/G6kAAeSwQc1o2ZFd/s-l500.webp,128 GB,Unknown,False,Galaxy S23,,True,,,2025.0,10.0,219.0,,,,,,,,
2,Samsung Galaxy S23 SM-S911U Unlocked 128GB Green Good,$250.99,2025-10-12,https://www.ebay.com/itm/196518645055,https://i.ebayimg.com/images/g/4bcAAOSwDDhmn-o5/s-l500.webp,128 GB,Good,False,Galaxy S23,,True,,,2025.0,10.0,250.99,,,,,,,,
2,Samsung Galaxy S23 SM-S911U1 - 128GB  Green FACTORY Unlocked 5G #L321,$219.00,2025-10-12,https://www.ebay.com/itm/146890823272,https://i.ebayimg.com/images/g/SpoAAeSwmQJo2ZZO/s-l500.webp,128 GB,Unknown,False,Galaxy S23,,True,,,2025.0,10.0,219.0,,,,,,,,
2,Samsung Galaxy S23 SM-S911U1 5G  128GB Lavender (Unlocked) #L362,$209.00,2025-10-11,https://www.ebay.com/itm/146860445004,https://i.ebayimg.com/images/g/KBYAAeSwa~Jo2Z5W/s-l500.webp,128 GB,Unknown,False,Galaxy S23,,True,,,2025.0,10.0,209.0,,,,,,,,
2,Samsung Galaxy S23 128GB Unlocked AT&T T-Mobile Verizon Excellent Condition,$261.95,2025-10-11,https://www.ebay.com/itm/297159037873,https://i.ebayimg.com/images/g/P3kAAOSwvlxn5vhJ/s-l500.webp,128 GB,Excellent,False,Galaxy S23,,True,,,2025.0,10.0,261.95,,,,,,,,
2,Samsung Galaxy S23 256GB 5G SM-S911U1 Black FACTORY UNLOCKED #L334,$234.00,2025-10-10,https://www.ebay.com/itm/146860318171,https://i.ebayimg.com/images/g/tf0AAeSw6M9o2Yei/s-l500.webp,256 GB,Unknown,False,Galaxy S23,,True,,,2025.0,10.0,234.0,,,,,,,,
2,Samsung Galaxy S23 256GB Unlocked AT&T T-Mobile Verizon Excellent Condition,$311.95,2025-10-10,https://www.ebay.com/itm/297159038004,https://i.ebayimg.com/images/g/rzYAAOSw4vpn5vif/s-l500.webp,256 GB,Excellent,False,Galaxy S23,,True,,,2025.0,10.0,311.95,,,,,,,,
2,"Samsung Galaxy S23 S911U1 128GB, 256GB Unlocked AT&T T-Mobile Good Refurbished",$210.99,2025-10-09,https://www.ebay.com/itm/355673711981,https://i.ebayimg.com/images/g/d7sAAOSwgbJl-K0v/s-l500.webp,128 GB,Good,False,Galaxy S23,,True,,,2025.0,10.0,210.99,,,,,,,,
2,Samsung Galaxy S23 5G S911U Verizon Straight Talk Unlocked T-Mobile Mint Cricket,$199.99,2025-09-20,https://www.ebay.com/itm/177422067744,https://i.ebayimg.com/images/g/kuwAAeSwZxdomiPr/s-l500.webp,Unknown,Unknown,False,Galaxy S23,,True,,,2025.0,9.0,199.99,,,,,,,,
2,Samsung Galaxy S23 SM-S911U1 5G  128GB Lavender (Unlocked) #L418,$224.00,2025-10-08,https://www.ebay.com/itm/146860135510,https://i.ebayimg.com/images/g/XgsAAeSwRbxo2Wh3/s-l500.webp,128 GB,Unknown,False,Galaxy S23,,True,,,2025.0,10.0,224.0,,,,,,,,
2,Samsung Galaxy S23 5G 128GB - Factory Unlocked - Excellent Condition,$329.99,2025-10-08,https://www.ebay.com/itm/177369934402,https://i.ebayimg.com/images/g/XUwAAeSwnL1or2zP/s-l500.webp,128 GB,Excellent,False,Galaxy S23,,True,,,2025.0,10.0,329.99,,,,,,,,
2,Samsung Galaxy S23 - 256 GB - Phantom Black (Unlocked),$239.95,2025-10-07,https://www.ebay.com/itm/297663769981,https://i.ebayimg.com/images/g/encAAeSwhWVomo3f/s-l500.webp,256 GB,Unknown,False,Galaxy S23,,True,,,2025.0,10.0,239.95,,,,,,,,
2,Samsung Galaxy S23 SM-S911U Unlocked 128GB Lavender Very Good,$281.29,2025-10-07,https://www.ebay.com/itm/186589003205,https://i.ebayimg.com/images/g/940AAOSwZpJmoTCQ/s-l500.webp,128 GB,Very Good,False,Galaxy S23,,True,,,2025.0,10.0,281.29,,,,,,,,
2,Samsung Galaxy S23 SM-S911U - 128GB - Phantom Black (Unlocked) - Good Condition,$219.99,2025-10-06,https://www.ebay.com/itm/306460605485,https://i.ebayimg.com/images/g/lNAAAOSwHIhoLKJq/s-l500.webp,128 GB,Good,False,Galaxy S23,,True,,,2025.0,10.0,219.99,,,,,,,,
2,Samsung Galaxy S23 - 128GB 256GB - All Colors - Very Good Condition,$225.00,2025-10-05,https://www.ebay.com/itm/276450733887,https://i.ebayimg.com/images/g/VawAAOSwBRFmNVnq/s-l500.webp,128 GB,Very Good,False,Galaxy S23,,True,,,2025.0,10.0,225.0,,,,,,,,
2,"SAMSUNG Galaxy S23 5G (128GB, 8GB) 6.1"" Fully Unlocked US & Global S911U",$206.47,2025-09-06,https://www.ebay.com/itm/156243850643,https://i.ebayimg.com/images/g/CCcAAeSwfyxovLuv/s-l500.webp,128 GB,Unknown,False,Galaxy S23,,True,,,2025.0,9.0,206.47,,,,,,,,
2,Samsung Galaxy S23 SM-S911B Unlocked 128GB Phantom Black Good,$259.99,2025-10-05,https://www.ebay.com/itm/177408127423,https://i.ebayimg.com/images/g/I7cAAeSwNH9oxLID/s-l500.webp,128 GB,Good,False,Galaxy S23,,True,,,2025.0,10.0,259.99,,,,,,,,
2,Samsung Galaxy S23 SM-S911U Unlocked 128GB Lavender Good,$219.99,2025-10-05,https://www.ebay.com/itm/196518655913,https://i.ebayimg.com/images/g/CLcAAOSwQXNmn-1X/s-l500.webp,128 GB,Good,False,Galaxy S23,,True,,,2025.0,10.0,219.99,,,,,,,,
2,Samsung Galaxy S23 Green 128 Very Good - Refurbished  - Unlocked,$241.99,2025-10-04,https://www.ebay.com/itm/127392824618,https://i.ebayimg.com/images/g/cPwAAeSw1d1o9S07/s-l500.webp,Unknown,Very Good,False,Galaxy S23,,True,,,2025.0,10.0,241.99,,,,,,,,
2,Samsung Galaxy S23 5G 128GB (Unlocked) - Green,$288.16,2025-10-04,https://www.ebay.com/itm/146687121073,https://i.ebayimg.com/images/g/-LoAAeSwCINpAaPU/s-l500.webp,128 GB,Unknown,False,Galaxy S23,,True,,,2025.0,10.0,288.16,,,,,,,,
2,Samsung Galaxy S23 SM-S911U1  128GB 5G CREAM (Unlocked) #L317,$249.00,2025-10-01,https://www.ebay.com/itm/116801267545,https://i.ebayimg.com/images/g/A~8AAeSwMr9o2ZXe/s-l500.webp,128 GB,Unknown,False,Galaxy S23,,True,,,2025.0,10.0,249.0,,,,,,,,
2,Very Good Samsung Galaxy S23 - 128 GB - Phantom Black (Unlocked) 1 Yr Wty 🔋 98%,$309.87,2025-03-02,https://www.ebay.com/itm/335841253891,https://i.ebayimg.com/images/g/XVQAAOSw7hxnxQdq/s-l500.webp,128 GB,Very Good,False,Galaxy S23,,True,,,2025.0,3.0,309.87,,,,,,,,
2,Samsung Galaxy S23 Lavender 128 Very Good - Refurbished  - Unlocked,$241.99,2025-10-02,https://www.ebay.com/itm/127201441455,https://i.ebayimg.com/images/g/jCoAAeSwdXFo9S0r/s-l500.webp,Unknown,Very Good,False,Galaxy S23,,True,,,2025.0,10.0,241.99,,,,,,,,
2,"Samsung Galaxy S23 5G 128GB FACTORY UNLOCKED 6.1"" Smartphone - GOOD",$218.00,2025-10-01,https://www.ebay.com/itm/226681505267,https://i.ebayimg.com/images/g/wIIAAOSw60NnYaNt/s-l500.webp,128 GB,Good,False,Galaxy S23,,True,,,2025.0,10.0,218.0,,,,,,,,
2,Samsung Galaxy S23 256GB Unlocked AT&T T-Mobile Verizon Very Good Condition,$264.95,2025-10-01,https://www.ebay.com/itm/306207384470,https://i.ebayimg.com/images/g/TaYAAOSwU9hn5vfp/s-l500.webp,256 GB,Very Good,False,Galaxy S23,,True,,,2025.0,10.0,264.95,,,,,,,,
2,"Samsung Galaxy S23 5G  256GB FACTORY UNLOCKED  6.1"" Smartphone - GOOD",$230.00,2025-09-30,https://www.ebay.com/itm/326746959024,https://i.ebayimg.com/images/g/wIIAAOSw60NnYaNt/s-l500.webp,256 GB,Good,False,Galaxy S23,,True,,,2025.0,9.0,230.0,,,,,,,,
2,Samsung Galaxy S23 SM-S9110 Unlocked 256GB Cream Good,$329.79,2024-12-31,https://www.ebay.com/itm/176766633138,https://i.ebayimg.com/images/g/I4UAAOSwbFdndGg5/s-l500.webp,256 GB,Good,False,Galaxy S23,,True,,,2024.0,12.0,329.79,,,,,,,,
2,Samsung Galaxy S23 256GB Factory Unlocked AT&T T-Mobile Verizon Good Condition,$255.95,2025-09-29,https://www.ebay.com/itm/297159037738,https://i.ebayimg.com/images/g/8qQAAOSwoKtn5vgj/s-l500.webp,256 GB,Good,False,Galaxy S23,,True,,,2025.0,9.0,255.95,,,,,,,,
2,Samsung Galaxy S23 256GB 5G SM-S911U1 Black FACTORY UNLOCKED #L333,$259.00,2025-09-28,https://www.ebay.com/itm/127400450889,https://i.ebayimg.com/images/g/4OQAAeSwxEpo2Ydf/s-l500.webp,256 GB,Unknown,False,Galaxy S23,,True,,,2025.0,9.0,259.0,,,,,,,,
2,Samsung Galaxy S23 SM-S911U1 5G  128GB Lavender (Unlocked) #L109,$209.00,2025-09-27,https://www.ebay.com/itm/127366038694,https://i.ebayimg.com/images/g/h58AAeSw-z5ow3In/s-l500.webp,128 GB,Unknown,False,Galaxy S23,,True,,,2025.0,9.0,209.0,,,,,,,,
2,Samsung Galaxy S23 SM-S911U1  128GB 5G CREAM (Unlocked) #L107,$229.00,2025-09-27,https://www.ebay.com/itm/146827014426,https://i.ebayimg.com/images/g/Za8AAeSwGuNow3GV/s-l500.webp,128 GB,Unknown,False,Galaxy S23,,True,,,2025.0,9.0,229.0,,,,,,,,
2,Samsung Galaxy S23 SM-S911U - 128GB - Green (Unlocked) - Good Condition,$221.32,2025-09-27,https://www.ebay.com/itm/306205455072,https://i.ebayimg.com/images/g/stIAAOSwq55n2tag/s-l500.webp,128 GB,Good,False,Galaxy S23,,True,,,2025.0,9.0,221.32,,,,,,,,
2,Samsung Galaxy S23 256GB 5G SM-S911U1 Black FACTORY UNLOCKED #Y970,$259.00,2025-09-24,https://www.ebay.com/itm/127380684540,https://i.ebayimg.com/images/g/Tj0AAeSwh5VozMOy/s-l500.webp,256 GB,Unknown,False,Galaxy S23,,True,,,2025.0,9.0,259.0,,,,,,,,
2,Samsung Galaxy S23 Fully Unlocked 6.1In 128GB  Excellent,$263.00,2025-09-22,https://www.ebay.com/itm/135733317125,https://i.ebayimg.com/images/g/at8AAeSwhx1o58Ow/s-l500.webp,128 GB,Excellent,False,Galaxy S23,,True,,,2025.0,9.0,263.0,,,,,,,,
2,Samsung Galaxy S23 128GB 256GB S911U Unlocked Smartphone - Good,$224.99,2025-09-21,https://www.ebay.com/itm/157222013822,https://i.ebayimg.com/images/g/4S8AAeSwzkRokk3u/s-l500.webp,128 GB,Good,False,Galaxy S23,,True,,,2025.0,9.0,224.99,,,,,,,,
3,Samsung Galaxy S23 SM-S911U1  256GB 5G GREEN  (Unlocked) #L106,$289.00,2025-09-16,https://www.ebay.com/itm/146827013524,https://i.ebayimg.com/images/g/c-MAAeSwchpow3E0/s-l500.webp,256 GB,Unknown,False,Galaxy S23,,True,,,2025.0,9.0,289.0,,,,,,,,
3,"Samsung Galaxy S23 SM-S911U 256GB Unlocked 6.1"" 8GB 50MP 5G NFC WiFi 6E Green",$299.99,2025-09-16,https://www.ebay.com/itm/197312121456,https://i.ebayimg.com/images/g/RncAAOSwJ0lmtlkn/s-l500.webp,256 GB,Unknown,False,Galaxy S23,,True,,,2025.0,9.0,299.99,,,,,,,,
3,Samsung Galaxy S23 SM-S911U1  128GB BLACK  FACTORY Unlocked  5G #L083,$219.00,2025-09-15,https://www.ebay.com/itm/127365963871,https://i.ebayimg.com/images/g/fDYAAeSw7RFow2ld/s-l500.webp,128 GB,Unknown,False,Galaxy S23,,True,,,2025.0,9.0,219.0,,,,,,,,
3,Samsung Galaxy S23 5G - 128GB Black *UNLOCKED* Good Refurbished [SM-S911U],$201.99,2025-09-15,https://www.ebay.com/itm/145894325788,https://i.ebayimg.com/images/g/hlsAAOSwCXplCy5A/s-l500.webp,128 GB,Good,False,Galaxy S23,,True,,,2025.0,9.0,201.99,,,,,,,,
3,Samsung Galaxy S23 SM-S911U 128GB Cream Unlocked Good Condition,$204.99,2025-08-17,https://www.ebay.com/itm/356849093649,https://i.ebayimg.com/images/g/QJ4AAeSwDJpoE711/s-l500.webp,128 GB,Good,False,Galaxy S23,,True,,,2025.0,8.0,204.99,,,,,,,,
3,Samsung Galaxy S23 SM-S911U 128GB Green Unlocked Good Condition,$219.99,2025-08-26,https://www.ebay.com/itm/356849092195,https://i.ebayimg.com/images/g/d0wAAeSwMXhoE7xr/s-l500.webp,128 GB,Good,False,Galaxy S23,,True,,,2025.0,8.0,219.99,,,,,,,,
3,Samsung Galaxy S23 SM-S911U 128GB Lavender Unlocked Good Condition,$204.99,2025-08-30,https://www.ebay.com/itm/356849095684,https://i.ebayimg.com/images/g/6cAAAeSw90loE71M/s-l500.webp,128 GB,Good,False,Galaxy S23,,True,,,2025.0,8.0,204.99,,,,,,,,
3,Samsung Galaxy S23 SM-S911U 128GB Phantom Black Unlocked Good Condition,$209.99,2025-09-04,https://www.ebay.com/itm/356849096590,https://i.ebayimg.com/images/g/yAEAAeSwGYhoE75B/s-l500.webp,128 GB,Good,False,Galaxy S23,,True,,,2025.0,9.0,209.99,,,,,,,,
3,Samsung Galaxy S23 5G S911U SmartPhone for AT&T (Cricket/H2O/PureTalk) Good,$198.99,2025-09-09,https://www.ebay.com/itm/326601975852,https://i.ebayimg.com/images/g/liUAAOSw97ZksHvU/s-l500.webp,Unknown,Good,False,Galaxy S23,,True,,,2025.0,9.0,198.99,,,,,,,,
3,Samsung Galaxy S23 SM-S911U - 128GB - Black (Unlocked) - Very Good Condition,$232.79,2025-09-08,https://www.ebay.com/itm/306145184431,https://i.ebayimg.com/images/g/8bcAAOSwtPtmRI5S/s-l500.webp,128 GB,Very Good,False,Galaxy S23,,True,,,2025.0,9.0,232.79,,,,,,,,
3,Samsung Galaxy S23 SM-S911U - 128GB/- Black (Unlocked) - Very Good Condition,$247.34,2025-09-08,https://www.ebay.com/itm/306471916111,https://i.ebayimg.com/images/g/8bcAAOSwtPtmRI5S/s-l500.webp,128 GB,Very Good,False,Galaxy S23,,True,,,2025.0,9.0,247.34,,,,,,,,
3,Samsung Galaxy S23 5G 256GB (Unlocked) - Phantom Black,$284.95,2025-09-07,https://www.ebay.com/itm/316837110781,https://i.ebayimg.com/images/g/5CUAAeSwg1JpAZ4s/s-l500.webp,256 GB,Unknown,False,Galaxy S23,,True,,,2025.0,9.0,284.95,,,,,,,,
3,Samsung Galaxy S23 SM-S911U - 256GB - Lavender (Unlocked) - Good Condition,$258.21,2025-09-07,https://www.ebay.com/itm/306421908838,https://i.ebayimg.com/images/g/XEcAAeSwzNhogPwy/s-l500.webp,256 GB,Good,False,Galaxy S23,,True,,,2025.0,9.0,258.21,,,,,,,,
3,"Samsung Galaxy S23 5G 256GB 6.1"" Smartphone - VERY GOOD",$258.00,2025-09-04,https://www.ebay.com/itm/326422629548,https://i.ebayimg.com/images/g/wIIAAOSw60NnYaNt/s-l500.webp,256 GB,Very Good,False,Galaxy S23,,True,,,2025.0,9.0,258.0,,,,,,,,
3,Samsung Galaxy S23 SM-S911U - 128GB - Green (Unlocked) - Very Good Condition,$244.62,2025-09-03,https://www.ebay.com/itm/306369871206,https://i.ebayimg.com/images/g/wmAAAOSwfnpoVnGV/s-l500.webp,128 GB,Very Good,False,Galaxy S23,,True,,,2025.0,9.0,244.62,,,,,,,,
3,"Samsung Galaxy S23 5G 128GB FACTORY UNLOCKED  6.1"" Smartphone - GOOD",$209.00,2025-09-03,https://www.ebay.com/itm/326746955301,https://i.ebayimg.com/images/g/wIIAAOSw60NnYaNt/s-l500.webp,128 GB,Good,False,Galaxy S23,,True,,,2025.0,9.0,209.0,,,,,,,,
3,"Samsung Galaxy S23 5G 128GB FACTORY UNLOCKED  6.1"" Smartphone - GOOD .",$207.00,2025-09-01,https://www.ebay.com/itm/236292682167,https://i.ebayimg.com/images/g/wIIAAOSw60NnYaNt/s-l500.webp,128 GB,Good,False,Galaxy S23,,True,,,2025.0,9.0,207.0,,,,,,,,
3,Samsung Galaxy S23 SM-S911U1 5G  128GB Lavender (Unlocked) #Y803,$229.00,2025-08-31,https://www.ebay.com/itm/116750445349,https://i.ebayimg.com/images/g/gVsAAeSwvSporNbU/s-l500.webp,128 GB,Unknown,False,Galaxy S23,,True,,,2025.0,8.0,229.0,,,,,,,,
3,Samsung Galaxy S23 SM-S911U1  256GB 5G GREEN  (Unlocked) #L211,$264.00,2025-08-31,https://www.ebay.com/itm/116752254000,https://i.ebayimg.com/images/g/r8wAAeSwTBBorm~R/s-l500.webp,256 GB,Unknown,False,Galaxy S23,,True,,,2025.0,8.0,264.0,,,,,,,,
3,Samsung Galaxy S23 Unlocked Verizon Straight Talk Mint Cricket T-Mobile Boost,$187.99,2025-08-30,https://www.ebay.com/itm/257065743883,https://i.ebayimg.com/images/g/D4wAAeSwV1BonNQd/s-l500.webp,Unknown,Unknown,False,Galaxy S23,,True,,,2025.0,8.0,187.99,,,,,,,,
3,Samsung Galaxy S23 SM-S911U1  256GB 5G LAVENDER  (Unlocked) #Y891,$269.00,2025-08-29,https://www.ebay.com/itm/127333925050,https://i.ebayimg.com/images/g/NY8AAeSwHzFornVQ/s-l500.webp,256 GB,Unknown,False,Galaxy S23,,True,,,2025.0,8.0,269.0,,,,,,,,
3,Samsung Galaxy S23 5G 128GB Phantom Black SM-S9110 Unlocked Clean ESN (GP),$249.95,2025-08-28,https://www.ebay.com/itm/197637312973,https://i.ebayimg.com/images/g/FtoAAeSwuRZoqEwL/s-l500.webp,128 GB,Unknown,False,Galaxy S23,,True,,,2025.0,8.0,249.95,,,,,,,,
3,Samsung Galaxy S23 SM-S911U1 5G  128GB Lavender (Unlocked) #Y749,$229.00,2025-08-26,https://www.ebay.com/itm/146780626693,https://i.ebayimg.com/images/g/YV0AAeSwSkJoo-4M/s-l500.webp,128 GB,Unknown,False,Galaxy S23,,True,,,2025.0,8.0,229.0,,,,,,,,
3,Samsung Galaxy S23 256GB - Green - Unlocked - Refurbished Good,$298.99,2025-08-25,https://www.ebay.com/itm/226793886814,https://i.ebayimg.com/images/g/QBwAAOSwuU5oPvjF/s-l500.webp,256 GB,Good,False,Galaxy S23,,True,,,2025.0,8.0,298.99,,,,,,,,
3,Samsung Galaxy S23 5G 128GB Black (T-Mobile & GSM Unlocked)AT&T VERY GOOD,$257.88,2025-08-24,https://www.ebay.com/itm/177331456319,https://i.ebayimg.com/images/g/NkIAAOSwraRoACo2/s-l500.webp,128 GB,Very Good,False,Galaxy S23,,True,,,2025.0,8.0,257.88,,,,,,,,
3,Samsung Galaxy S23 SM-S911U1 - 128GB  Green FACTORY Unlocked 5G #Y717,$254.00,2025-08-22,https://www.ebay.com/itm/116740479169,https://i.ebayimg.com/images/g/Qv0AAeSwMZVoo1t5/s-l500.webp,128 GB,Unknown,False,Galaxy S23,,True,,,2025.0,8.0,254.0,,,,,,,,
3,Samsung Galaxy S23 SM-S911U1 128GB 5G  Black FACTORY Unlocked #Y739,$234.00,2025-08-22,https://www.ebay.com/itm/146780539176,https://i.ebayimg.com/images/g/A50AAeSwRAtoo9km/s-l500.webp,128 GB,Unknown,False,Galaxy S23,,True,,,2025.0,8.0,234.0,,,,,,,,
3,Samsung Galaxy S23 - 128 GB - Lavender - Unlocked - Excellent Refurbished,$254.00,2025-08-21,https://www.ebay.com/itm/127096215233,https://i.ebayimg.com/images/g/61cAAOSwNI9kR7aY/s-l500.webp,128 GB,Excellent,False,Galaxy S23,,True,,,2025.0,8.0,254.0,,,,,,,,
3,Samsung Galaxy S23 128GB Phantom Black Unlocked Very Good Condition,$259.99,2025-08-17,https://www.ebay.com/itm/285200013270,https://i.ebayimg.com/images/g/BpYAAOSw1pxlAzwI/s-l500.webp,128 GB,Very Good,False,Galaxy S23,,True,,,2025.0,8.0,259.99,,,,,,,,
3,Samsung Galaxy S23 - 128 GB - Phantom Black - Fully Unlocked 5G - Good,$229.99,2025-08-16,https://www.ebay.com/itm/267349301386,https://i.ebayimg.com/images/g/SngAAeSwvQ9oi8i3/s-l500.webp,128 GB,Good,False,Galaxy S23,,True,,,2025.0,8.0,229.99,,,,,,,,
1,Samsung Galaxy S24 128GB S921U Unlocked - Very Good,$317.99,2025-10-29,https://www.ebay.com/itm/256611130330,https://i.ebayimg.com/images/g/6wYAAeSw6ENoL7qA/s-l500.webp,128 GB,Very Good,False,Galaxy S24,,,True,,2025.0,10.0,317.99,,,,,,,,
1,Samsung Galaxy S24 SM-S921U1 5G 256GB violet  (FACTORY Unlocked) #L456,$319.00,2025-10-28,https://www.ebay.com/itm/146893972054,https://i.ebayimg.com/images/g/KtoAAeSwVlNo7XQA/s-l500.webp,256 GB,Unknown,False,Galaxy S24,,,True,,2025.0,10.0,319.0,,,,,,,,
1,Samsung Galaxy S24 SM-S921U1 5G 128GB Violet Purple (Unlocked) #L308,$304.00,2025-10-28,https://www.ebay.com/itm/116849789783,https://i.ebayimg.com/images/g/WiIAAeSw79Jo2ZLy/s-l500.webp,128 GB,Unknown,False,Galaxy S24,,,True,,2025.0,10.0,304.0,,,,,,,,
1,Samsung Galaxy S24 128GB S921U Unlocked - Excellent,$335.99,2025-10-28,https://www.ebay.com/itm/256496745168,https://i.ebayimg.com/images/g/x8MAAeSwR8toMMGM/s-l500.webp,128 GB,Excellent,False,Galaxy S24,,,True,,2025.0,10.0,335.99,,,,,,,,
1,"Samsung Galaxy S24 5G 128GB 6.2"" Smartphone - EXCELLENT",$382.00,2025-10-28,https://www.ebay.com/itm/326459470881,https://i.ebayimg.com/images/g/GqIAAOSweypnfbKw/s-l500.webp,128 GB,Excellent,False,Galaxy S24,,,True,,2025.0,10.0,382.0,,,,,,,,
1,Samsung Galaxy S24 (5G) - 128GB Cobalt Violet *UNLOCKED* [SM-S921U] Very Good,$317.99,2025-10-28,https://www.ebay.com/itm/145920809500,https://i.ebayimg.com/images/g/m18AAOSwAtxmqVVO/s-l500.webp,128 GB,Very Good,False,Galaxy S24,,,True,,2025.0,10.0,317.99,,,,,,,,
1,Samsung Galaxy S24 SM-S921U 128GB Unlocked Very Good Condition,$344.31,2025-10-27,https://www.ebay.com/itm/357600788253,https://i.ebayimg.com/images/g/2bkAAeSwNT5owxUe/s-l500.webp,128 GB,Very Good,False,Galaxy S24,,,True,,2025.0,10.0,344.31,,,,,,,,
1,Samsung Galaxy S24 128GB Amber Yellow Unlocked Excellent Condition,$359.99,2025-10-26,https://www.ebay.com/itm/277309357790,https://i.ebayimg.com/images/g/1AIAAeSwPDxo-UN-/s-l500.webp,128 GB,Excellent,False,Galaxy S24,,,True,,2025.0,10.0,359.99,,,,,,,,
1,Samsung Galaxy S24 128GB S921U Unlocked - Good,$298.99,2025-10-26,https://www.ebay.com/itm/256763827585,https://i.ebayimg.com/images/g/dakAAeSwiqtoMI1w/s-l500.webp,128 GB,Good,False,Galaxy S24,,,True,,2025.0,10.0,298.99,,,,,,,,
1,Samsung Galaxy S24 256GB Sandstone Orange Unlocked Excellent Condition,$479.99,2025-10-26,https://www.ebay.com/itm/297655991506,https://i.ebayimg.com/images/g/Vi0AAeSwL8ho-UKL/s-l500.webp,256 GB,Excellent,False,Galaxy S24,,,True,,2025.0,10.0,479.99,,,,,,,,
1,Samsung Galaxy S24 SM-S921U Unlocked 128GB Onyx Black Good,$319.99,2025-10-26,https://www.ebay.com/itm/176516208429,https://i.ebayimg.com/images/g/WREAAOSw~U9mtvgY/s-l500.webp,128 GB,Good,False,Galaxy S24,,,True,,2025.0,10.0,319.99,,,,,,,,
1,Samsung Galaxy S24 S921U S921U1 128GB Smartphone Unlocked Excellent Refurbished,$393.99,2025-10-26,https://www.ebay.com/itm/205318482138,https://i.ebayimg.com/images/g/Sp4AAOSwCXBnv4gg/s-l500.webp,128 GB,Excellent,False,Galaxy S24,,,True,,2025.0,10.0,393.99,,,,,,,,
1,Samsung Galaxy S24 SM-S921U1  128GB  Gray FACTORY Unlocked 5G  #L666,$294.00,2025-10-25,https://www.ebay.com/itm/127446824675,https://i.ebayimg.com/images/g/3VoAAeSwdndo-Rnu/s-l500.webp,128 GB,Unknown,False,Galaxy S24,,,True,,2025.0,10.0,294.0,,,,,,,,
1,Samsung Galaxy S24 5G S921U Unlocked (Any Carrier) 128GB 256GB Very Good,$359.99,2025-10-25,https://www.ebay.com/itm/205117953870,https://i.ebayimg.com/images/g/C1cAAOSwMglmo~9C/s-l500.webp,128 GB,Very Good,False,Galaxy S24,,,True,,2025.0,10.0,359.99,,,,,,,,
1,Samsung Galaxy S24 (5G) - 128GB Onyx Black *UNLOCKED* [SM-S921U] Very Good,$332.99,2025-10-25,https://www.ebay.com/itm/145894304927,https://i.ebayimg.com/images/g/5uYAAOSw~-dmlqxC/s-l500.webp,128 GB,Very Good,False,Galaxy S24,,,True,,2025.0,10.0,332.99,,,,,,,,
1,Samsung Galaxy S24 SM-S921U1 5G 256GB Black (FACTORY Unlocked) #L444,$369.00,2025-10-25,https://www.ebay.com/itm/116826379179,https://i.ebayimg.com/images/g/yyMAAeSww11o7XFz/s-l500.webp,256 GB,Unknown,False,Galaxy S24,,,True,,2025.0,10.0,369.0,,,,,,,,
1,Samsung Galaxy S24 128GB Unlocked AT&T T-Mobile Verizon Very Good Condition,$316.95,2025-10-25,https://www.ebay.com/itm/306212964996,https://i.ebayimg.com/images/g/oEYAAOSwujFn7pFF/s-l500.webp,128 GB,Very Good,False,Galaxy S24,,,True,,2025.0,10.0,316.95,,,,,,,,
1,Samsung Galaxy S24 (5G) - 128GB Onyx Black *UNLOCKED* Excellent [SM-S921U],$358.99,2025-10-24,https://www.ebay.com/itm/145894284259,https://i.ebayimg.com/images/g/5uYAAOSw~-dmlqxC/s-l500.webp,128 GB,Excellent,False,Galaxy S24,,,True,,2025.0,10.0,358.99,,,,,,,,
1,Samsung Galaxy S24 128GB (Unlocked) - Onyx Black,$323.98,2025-10-24,https://www.ebay.com/itm/317458928184,https://i.ebayimg.com/images/g/SbIAAeSwHzdo--S-/s-l500.webp,128 GB,Unknown,False,Galaxy S24,,,True,,2025.0,10.0,323.98,,,,,,,,
1,UNLOCKED - Samsung Galaxy S24 5G SM-S921U 128GB - All Colors - A GRADE,$385.99,2025-10-24,https://www.ebay.com/itm/145883567706,https://i.ebayimg.com/images/g/92UAAOSwrc5mZWcd/s-l500.webp,128 GB,Unknown,False,Galaxy S24,,,True,,2025.0,10.0,385.99,,,,,,,,
1,Samsung Galaxy S24 256GB S921U Unlocked - Very Good,$396.99,2025-10-24,https://www.ebay.com/itm/256880905663,https://i.ebayimg.com/images/g/~2wAAeSwd2RoMLPL/s-l500.webp,256 GB,Very Good,False,Galaxy S24,,,True,,2025.0,10.0,396.99,,,,,,,,
1,Samsung Galaxy S24 128GB Unlocked AT&T T-Mobile Verizon Excellent Condition,$324.95,2025-10-23,https://www.ebay.com/itm/297168195806,https://i.ebayimg.com/images/g/b6MAAOSwvb1n6-kZ/s-l500.webp,128 GB,Excellent,False,Galaxy S24,,,True,,2025.0,10.0,324.95,,,,,,,,
1,Samsung Galaxy S24 SM-S921U Unlocked 128GB Onyx Black Very Good,$339.99,2025-10-23,https://www.ebay.com/itm/176516208461,https://i.ebayimg.com/images/g/aLQAAOSwDmxmtve4/s-l500.webp,128 GB,Very Good,False,Galaxy S24,,,True,,2025.0,10.0,339.99,,,,,,,,
1,Samsung Galaxy S24 (5G) - SM-S921B/DS Dual-SIM - Global GSM - 128GB Marble Gray,$309.99,2025-10-23,https://www.ebay.com/itm/146910743601,https://i.ebayimg.com/images/g/Um8AAeSw7QZo98ZT/s-l500.webp,128 GB,Unknown,False,Galaxy S24,,,True,,2025.0,10.0,309.99,,,,,,,,
1,Samsung Galaxy S24 5G S921U1 128GB Unlocked Refurbished - Free 2 Day Shipping,$345.99,2025-10-22,https://www.ebay.com/itm/326829966223,https://i.ebayimg.com/images/g/cjoAAeSwvrlo-Rnk/s-l500.webp,128 GB,Unknown,False,Galaxy S24,,,True,,2025.0,10.0,345.99,,,,,,,,
1,"Samsung Galaxy S24, 5G 128/256GB  Unlocked - Refurbished Excellent",$449.99,2025-10-22,https://www.ebay.com/itm/226908795869,https://i.ebayimg.com/images/g/XfUAAOSwSh1npRBD/s-l500.webp,256 GB,Excellent,False,Galaxy S24,,,True,,2025.0,10.0,449.99,,,,,,,,
1,Samsung Galaxy S24 SM-S921U1 5G 128GB Violet Purple (Unlocked) #L598,$274.00,2025-10-22,https://www.ebay.com/itm/116826050291,https://i.ebayimg.com/images/g/FC4AAeSwT1ho7SUm/s-l500.webp,128 GB,Unknown,False,Galaxy S24,,,True,,2025.0,10.0,274.0,,,,,,,,
1,REFURBISHED Samsung Galaxy S24  128GB 5G SM-S921U1 Onyx Black FACTORY UNLOCKED,$319.00,2025-10-22,https://www.ebay.com/itm/127353852614,https://i.ebayimg.com/images/g/Vy0AAOSwak1nprHw/s-l500.webp,128 GB,Unknown,False,Galaxy S24,,,True,,2025.0,10.0,319.0,,,,,,,,
1,"Samsung Galaxy S24 5G 128GB 6.2"" Smartphone - VERY GOOD",$298.00,2025-10-21,https://www.ebay.com/itm/326397614812,https://i.ebayimg.com/images/g/GqIAAOSweypnfbKw/s-l500.webp,128 GB,Very Good,False,Galaxy S24,,,True,,2025.0,10.0,298.0,,,,,,,,
1,Samsung Galaxy S24 SM-S921U1 5G 256GB Black (FACTORY Unlocked) #L458,$379.00,2025-10-21,https://www.ebay.com/itm/116826344892,https://i.ebayimg.com/images/g/MpMAAeSwbodo7Wiu/s-l500.webp,256 GB,Unknown,False,Galaxy S24,,,True,,2025.0,10.0,379.0,,,,,,,,
1,Samsung Galaxy S24 SM-S921U1 5G 256GB violet  (FACTORY Unlocked) #L389,$389.00,2025-10-21,https://www.ebay.com/itm/116829690075,https://i.ebayimg.com/images/g/l9wAAeSwO3Fo2X-B/s-l500.webp,256 GB,Unknown,False,Galaxy S24,,,True,,2025.0,10.0,389.0,,,,,,,,
1,Samsung Galaxy S24 SM-S921U1 5G 256GB Black (FACTORY Unlocked) #L599,$399.00,2025-10-20,https://www.ebay.com/itm/116826051088,https://i.ebayimg.com/images/g/wiIAAeSwWtpo7SVv/s-l500.webp,256 GB,Unknown,False,Galaxy S24,,,True,,2025.0,10.0,399.0,,,,,,,,
1,Samsung Galaxy S24 - Unlocked - Excellent Condition (1Year Warranty),$469.52,2025-04-22,https://www.ebay.com/itm/167466811790,https://i.ebayimg.com/images/g/1uEAAOSwXmpmKlJi/s-l500.webp,Unknown,Excellent,False,Galaxy S24,,,True,,2025.0,4.0,469.52,,,,,,,,
1,Samsung Galaxy S24 5G 128GB Factory Unlocked - Excellent,$603.99,2025-10-20,https://www.ebay.com/itm/226124919790,https://i.ebayimg.com/images/g/zxwAAOSw5ClmLnh7/s-l500.webp,128 GB,Excellent,False,Galaxy S24,,,True,,2025.0,10.0,603.99,,,,,,,,
1,"SAMSUNG Galaxy S24 5G (256GB, 8GB) 6.2"" Fully Unlocked US & Global S921U",$398.99,2025-10-19,https://www.ebay.com/itm/157398456961,https://i.ebayimg.com/images/g/S0AAAeSwCx1o9ZPC/s-l500.webp,256 GB,Unknown,False,Galaxy S24,,,True,,2025.0,10.0,398.99,,,,,,,,
1,Samsung Galaxy S24 5G Factory Unlocked SM-S921U - Very Good Condition,$654.99,2024-05-24,https://www.ebay.com/itm/156174639472,https://i.ebayimg.com/images/g/Y7kAAOSwrFVmKAKu/s-l500.webp,Unknown,Very Good,False,Galaxy S24,,,True,,2024.0,5.0,654.99,,,,,,,,
1,Samsung Galaxy S24 SM-S921U1 5G 256GB violet  (FACTORY Unlocked) #L338,$339.00,2025-10-19,https://www.ebay.com/itm/116834996860,https://i.ebayimg.com/images/g/6ToAAeSw2h5o2Yh1/s-l500.webp,256 GB,Unknown,False,Galaxy S24,,,True,,2025.0,10.0,339.0,,,,,,,,
1,Samsung Galaxy S24  256GB 5G SM-S921U1 Onyx Black FACTORY UNLOCKED,$449.00,2025-10-19,https://www.ebay.com/itm/126969554126,https://i.ebayimg.com/images/g/Vy0AAOSwak1nprHw/s-l500.webp,256 GB,Unknown,False,Galaxy S24,,,True,,2025.0,10.0,449.0,,,,,,,,
1,Samsung Galaxy S24 SM-S921U1 5G 256GB Black (FACTORY Unlocked) #L202,$324.00,2025-10-18,https://www.ebay.com/itm/116786715583,https://i.ebayimg.com/images/g/4OIAAeSwgnxozNI6/s-l500.webp,256 GB,Unknown,False,Galaxy S24,,,True,,2025.0,10.0,324.0,,,,,,,,
1,Samsung Galaxy S24 256GB Ultra S928U 5G Factory Unlocked - Very Good,$629.99,2025-10-18,https://www.ebay.com/itm/276605073710,https://i.ebayimg.com/images/g/umcAAOSwIhVmxjYI/s-l500.webp,256 GB,Very Good,False,Galaxy S24,,,True,,2025.0,10.0,629.99,,,,,,,,
1,Samsung Galaxy S24  256GB SM-S921U1  YELLOW  5G FACTORY UNLOCKED #L343,$334.00,2025-10-16,https://www.ebay.com/itm/146860338133,https://i.ebayimg.com/images/g/zUYAAeSwRFRo2Yuv/s-l500.webp,256 GB,Unknown,False,Galaxy S24,,,True,,2025.0,10.0,334.0,,,,,,,,
1,Samsung Galaxy S24 256GB Unlocked AT&T T-Mobile Verizon Excellent Condition,$443.95,2025-10-16,https://www.ebay.com/itm/297168196242,https://i.ebayimg.com/images/g/-WsAAOSwbiln7a34/s-l500.webp,256 GB,Excellent,False,Galaxy S24,,,True,,2025.0,10.0,443.95,,,,,,,,
1,Samsung Galaxy S24 SM-S921U 256GB Unlocked Very Good Condition,$427.51,2025-10-16,https://www.ebay.com/itm/357295233521,https://i.ebayimg.com/images/g/ETMAAeSwuKpowxp5/s-l500.webp,256 GB,Very Good,False,Galaxy S24,,,True,,2025.0,10.0,427.51,,,,,,,,
1,Samsung Galaxy S24 5G SM-S921U1 FACTORY UNLOCKED 🔓 128GB (ONYX BLACK) WARRANTY,$349.00,2025-10-15,https://www.ebay.com/itm/177014760410,https://i.ebayimg.com/images/g/-XQAAOSwlexm0L0e/s-l500.webp,128 GB,Unknown,False,Galaxy S24,,,True,,2025.0,10.0,349.0,,,,,,,,
1,Samsung Galaxy S24 S921U S921U1 128GB Smartphone Unlocked Very Good Refurbished,$337.99,2025-10-15,https://www.ebay.com/itm/356661028043,https://i.ebayimg.com/images/g/Sp4AAOSwCXBnv4gg/s-l500.webp,128 GB,Very Good,False,Galaxy S24,,,True,,2025.0,10.0,337.99,,,,,,,,
1,Samsung Galaxy S24  128GB SM-S921U1  Black 5G FACTORY UNLOCKED #L300,$264.00,2025-10-14,https://www.ebay.com/itm/146860645563,https://i.ebayimg.com/images/g/JjUAAeSw0qho2bSq/s-l500.webp,128 GB,Unknown,False,Galaxy S24,,,True,,2025.0,10.0,264.0,,,,,,,,
2,Samsung Galaxy S24 Qualcomm Snapdragon 8 Gen 3 SM8650-AB (4 nm),$349.95,2025-10-14,https://www.ebay.com/itm/305975123581,https://i.ebayimg.com/images/g/eVAAAOSw7GFnfBy2/s-l500.webp,Unknown,Unknown,False,Galaxy S24,,,True,,2025.0,10.0,349.95,,,,,,,,
2,Samsung Galaxy S24 256GB 5G SM-S921U1 Cobalt Violet FACTORY UNLOCKED,$469.00,2025-10-13,https://www.ebay.com/itm/146566342433,https://i.ebayimg.com/images/g/IMcAAOSw0htoGsJJ/s-l500.webp,256 GB,Unknown,False,Galaxy S24,,,True,,2025.0,10.0,469.0,,,,,,,,
2,Samsung Galaxy S24  128GB SM-S921U1  YELLOW  5G FACTORY UNLOCKED #L194,$314.00,2025-10-12,https://www.ebay.com/itm/127420576398,https://i.ebayimg.com/images/g/uaoAAeSw7VhozNAj/s-l500.webp,128 GB,Unknown,False,Galaxy S24,,,True,,2025.0,10.0,314.0,,,,,,,,
2,Samsung Galaxy S24  128GB 5G SM-S921U1 Onyx Black FACTORY UNLOCKED,$349.00,2025-10-12,https://www.ebay.com/itm/146375279966,https://i.ebayimg.com/images/g/Vy0AAOSwak1nprHw/s-l500.webp,128 GB,Unknown,False,Galaxy S24,,,True,,2025.0,10.0,349.0,,,,,,,,
2,Samsung Galaxy S24  128GB SM-S921U1  YELLOW  5G FACTORY UNLOCKED #L301,$274.00,2025-10-10,https://www.ebay.com/itm/127400631345,https://i.ebayimg.com/images/g/z3MAAeSw9zdo2bTf/s-l500.webp,128 GB,Unknown,False,Galaxy S24,,,True,,2025.0,10.0,274.0,,,,,,,,
2,Samsung Galaxy S24  256 GB SM-S921U1 Cobalt Violet (Unlocked),$469.00,2025-10-10,https://www.ebay.com/itm/127100195008,https://i.ebayimg.com/images/g/3mIAAOSwMn1oHNgo/s-l500.webp,256 GB,Unknown,False,Galaxy S24,,,True,,2025.0,10.0,469.0,,,,,,,,
2,Samsung Galaxy S24 256GB Unlocked AT&T T-Mobile Verizon Very Good Condition,$391.95,2025-10-10,https://www.ebay.com/itm/306212965051,https://i.ebayimg.com/images/g/bn8AAOSwUUxn7a2r/s-l500.webp,256 GB,Very Good,False,Galaxy S24,,,True,,2025.0,10.0,391.95,,,,,,,,
2,Samsung Galaxy S24 256GB S921U Unlocked - Excellent,$419.99,2025-10-09,https://www.ebay.com/itm/256684537493,https://i.ebayimg.com/images/g/R04AAeSw0c5oMLN3/s-l500.webp,256 GB,Excellent,False,Galaxy S24,,,True,,2025.0,10.0,419.99,,,,,,,,
2,"SAMSUNG Galaxy S24 5G (128GB, 8GB) 6.2"" Factory Unlocked US & Global S921B/DS",$379.99,2025-08-22,https://www.ebay.com/itm/146702565528,https://i.ebayimg.com/images/g/9IAAAeSwGgBo2qYY/s-l500.webp,128 GB,Unknown,False,Galaxy S24,,,True,,2025.0,8.0,379.99,,,,,,,,
2,Samsung Galaxy S24  128GB SM-S921U1  Black 5G FACTORY UNLOCKED #L339,$324.00,2025-10-08,https://www.ebay.com/itm/146860305754,https://i.ebayimg.com/images/g/EX8AAeSw79Jo2YVH/s-l500.webp,128 GB,Unknown,False,Galaxy S24,,,True,,2025.0,10.0,324.0,,,,,,,,
2,Samsung Galaxy S24 SM-S921U1  128GB  Gray FACTORY Unlocked 5G  #L424,$319.00,2025-10-07,https://www.ebay.com/itm/146860175658,https://i.ebayimg.com/images/g/fr0AAeSwtEVo2XKs/s-l500.webp,128 GB,Unknown,False,Galaxy S24,,,True,,2025.0,10.0,319.0,,,,,,,,
2,Samsung Galaxy S24  128GB SM-S921U1  Black 5G FACTORY UNLOCKED #L296,$334.00,2025-10-06,https://www.ebay.com/itm/146860638459,https://i.ebayimg.com/images/g/yxAAAeSwzeJo2bOd/s-l500.webp,128 GB,Unknown,False,Galaxy S24,,,True,,2025.0,10.0,334.0,,,,,,,,
2,Samsung Galaxy S24 SM-S921U1  128GB  Gray FACTORY Unlocked 5G  #L342,$324.00,2025-10-04,https://www.ebay.com/itm/116801209181,https://i.ebayimg.com/images/g/ErYAAeSwCl9o2Ytl/s-l500.webp,128 GB,Unknown,False,Galaxy S24,,,True,,2025.0,10.0,324.0,,,,,,,,
2,"SAMSUNG Galaxy S24 5G (128GB, 8GB) 6.2"" Fully Unlocked US & Global S921U",$329.99,2025-10-03,https://www.ebay.com/itm/136530684912,https://i.ebayimg.com/images/g/7aEAAeSwkNFo38Lj/s-l500.webp,128 GB,Unknown,False,Galaxy S24,,,True,,2025.0,10.0,329.99,,,,,,,,
2,Samsung Galaxy S24 SM-S921U1 5G 256GB violet  (FACTORY Unlocked) #L344,$399.00,2025-10-02,https://www.ebay.com/itm/127404298321,https://i.ebayimg.com/images/g/CdkAAeSwGrFo2Yvb/s-l500.webp,256 GB,Unknown,False,Galaxy S24,,,True,,2025.0,10.0,399.0,,,,,,,,
2,Samsung Galaxy S24 - 128GB - Onyx Black (Unlocked) SM-S921U1 Good,$424.95,2025-03-06,https://www.ebay.com/itm/405595941972,https://i.ebayimg.com/images/g/dzAAAOSwiJdnwwSw/s-l500.webp,128 GB,Good,False,Galaxy S24,,,True,,2025.0,3.0,424.95,,,,,,,,
2,Samsung Galaxy S24 SM-S921B/DS DUAL SIM 5G 256GB Gray (Unlocked) #L261,$459.00,2025-10-01,https://www.ebay.com/itm/127403130024,https://i.ebayimg.com/images/g/N4UAAeSwQc5ozMII/s-l500.webp,256 GB,Unknown,False,Galaxy S24,,,True,,2025.0,10.0,459.0,,,,,,,,
2,Samsung Galaxy S24  128GB SM-S921U1  Black 5G FACTORY UNLOCKED #L341,$299.00,2025-10-01,https://www.ebay.com/itm/116801206415,https://i.ebayimg.com/images/g/Lk0AAeSwwc1o2YqW/s-l500.webp,128 GB,Unknown,False,Galaxy S24,,,True,,2025.0,10.0,299.0,,,,,,,,
2,Samsung Galaxy S24 SM-S921U1 5G 256GB Gray (FACTORY Unlocked) #Y882,$394.00,2025-09-30,https://www.ebay.com/itm/146841423879,https://i.ebayimg.com/images/g/dMoAAeSw0E1ozNSi/s-l500.webp,256 GB,Unknown,False,Galaxy S24,,,True,,2025.0,9.0,394.0,,,,,,,,
2,Samsung Galaxy S24 SM-S921U1 5G 256GB Black (FACTORY Unlocked) #L297,$404.00,2025-09-30,https://www.ebay.com/itm/116801399704,https://i.ebayimg.com/images/g/iScAAeSwXXho2bPQ/s-l500.webp,256 GB,Unknown,False,Galaxy S24,,,True,,2025.0,9.0,404.0,,,,,,,,
2,Very Good Samsung Galaxy S24 - 128 GB -  Verizon Unlocked 1 Yr Wty 🔋 Batt: 99%,$414.97,2025-02-16,https://www.ebay.com/itm/267140709948,https://i.ebayimg.com/images/g/WMMAAOSwNk9nnAKh/s-l500.webp,128 GB,Very Good,False,Galaxy S24,,,True,,2025.0,2.0,414.97,,,,,,,,
2,Samsung Galaxy S24 128GB FACTORY Unlocked Verizon ATT TMobile Metro EXCELLENT,$349.48,2025-09-29,https://www.ebay.com/itm/116559489209,https://i.ebayimg.com/images/g/mF8AAOSw7gVn~ACO/s-l500.webp,128 GB,Excellent,False,Galaxy S24,,,True,,2025.0,9.0,349.48,,,,,,,,
2,Samsung Galaxy S24 (5G) - 128GB Marble Gray *UNLOCKED* Excellent [SM-S921U],$363.99,2025-09-25,https://www.ebay.com/itm/145894282937,https://i.ebayimg.com/images/g/os8AAOSwyDZmlquu/s-l500.webp,128 GB,Excellent,False,Galaxy S24,,,True,,2025.0,9.0,363.99,,,,,,,,
2,Samsung Galaxy S24 - 128GB - Onyx Black (Carrier Unlocked) (Dual SIM) B-Stock,$319.98,2025-09-25,https://www.ebay.com/itm/156283321294,https://i.ebayimg.com/images/g/bTwAAOSwgSBmPpR2/s-l500.webp,128 GB,Unknown,False,Galaxy S24,,,True,,2025.0,9.0,319.98,,,,,,,,
2,Samsung Galaxy S24 256GB - Amber Yellow Unlocked AT&T T-Mobile Verizon Sprint,$449.00,2025-09-23,https://www.ebay.com/itm/326750639626,https://i.ebayimg.com/images/g/4H8AAeSwR-hosfOu/s-l500.webp,256 GB,Unknown,False,Galaxy S24,,,True,,2025.0,9.0,449.0,,,,,,,,
2,Samsung Galaxy S24 SM-S921U Unlocked 128GB Cobalt Violet Very Good,$369.99,2025-09-22,https://www.ebay.com/itm/196534793438,https://i.ebayimg.com/images/g/ToYAAOSwbdJmqxER/s-l500.webp,128 GB,Very Good,False,Galaxy S24,,,True,,2025.0,9.0,369.99,,,,,,,,
2,Samsung Galaxy S24 SM-S921U1 5G 256GB violet  (FACTORY Unlocked) #L260,$399.00,2025-09-21,https://www.ebay.com/itm/146841329679,https://i.ebayimg.com/images/g/cxsAAeSw1eVozMGK/s-l500.webp,256 GB,Unknown,False,Galaxy S24,,,True,,2025.0,9.0,399.0,,,,,,,,
2,Samsung Galaxy S24 SM-S921U1 5G 256GB violet  (FACTORY Unlocked) #Y884,$404.00,2025-09-19,https://www.ebay.com/itm/116787849221,https://i.ebayimg.com/images/g/MU4AAeSwETForm-I/s-l500.webp,256 GB,Unknown,False,Galaxy S24,,,True,,2025.0,9.0,404.0,,,,,,,,
2,"Samsung Galaxy S24 - Fully Unlocked - 128GB - 6.2"" - Excellent",$379.00,2025-09-17,https://www.ebay.com/itm/146412308093,https://i.ebayimg.com/images/g/l74AAOSwrSVoSfjd/s-l500.webp,128 GB,Excellent,False,Galaxy S24,,,True,,2025.0,9.0,379.0,,,,,,,,
2,Samsung Galaxy S24 5G Factory Unlocked SM-S921U - Excellent  Condition,$549.99,2025-09-17,https://www.ebay.com/itm/186402074568,https://i.ebayimg.com/images/g/zDIAAOSwEa1mvMxc/s-l500.webp,Unknown,Excellent,False,Galaxy S24,,,True,,2025.0,9.0,549.99,,,,,,,,
3,Samsung Galaxy S24 SM-S921U1  128GB  Gray FACTORY Unlocked 5G  #L101,$329.00,2025-09-16,https://www.ebay.com/itm/127366020617,https://i.ebayimg.com/images/g/a-AAAeSwgANow272/s-l500.webp,128 GB,Unknown,False,Galaxy S24,,,True,,2025.0,9.0,329.0,,,,,,,,
3,Samsung Galaxy S24 SM-S921U 256GB Unlocked Excellent Condition,$522.52,2025-09-16,https://www.ebay.com/itm/357600662121,https://i.ebayimg.com/images/g/Sl4AAeSweT5oyz0Q/s-l500.webp,256 GB,Excellent,False,Galaxy S24,,,True,,2025.0,9.0,522.52,,,,,,,,
3,Samsung Galaxy S24 SM-S921U - 128GB Onyx Black (Unlocked) - Very Good Condition,$320.09,2025-09-15,https://www.ebay.com/itm/306460845633,https://i.ebayimg.com/images/g/frYAAOSwtYNmO7Y3/s-l500.webp,128 GB,Very Good,False,Galaxy S24,,,True,,2025.0,9.0,320.09,,,,,,,,
3,Samsung Galaxy S24 - Unlocked 128GB Marble Gray - Very Good,$325.00,2025-09-15,https://www.ebay.com/itm/277146072085,https://i.ebayimg.com/images/g/v78AAOSwfd9mkDrH/s-l500.webp,128 GB,Very Good,False,Galaxy S24,,,True,,2025.0,9.0,325.0,,,,,,,,
3,Samsung Galaxy S24 (5G) - 256GB Cobalt Violet *UNLOCKED* Excellent [SM-S921U],$448.99,2025-09-15,https://www.ebay.com/itm/145894288716,https://i.ebayimg.com/images/g/DBYAAOSwPrdmlq0A/s-l500.webp,256 GB,Excellent,False,Galaxy S24,,,True,,2025.0,9.0,448.99,,,,,,,,
3,Samsung Galaxy S24 SM-S921U1 5G 256GB Black (FACTORY Unlocked) #L133,$404.00,2025-09-14,https://www.ebay.com/itm/127366093835,https://i.ebayimg.com/images/g/v1oAAeSwzWBow3od/s-l500.webp,256 GB,Unknown,False,Galaxy S24,,,True,,2025.0,9.0,404.0,,,,,,,,
3,Samsung Galaxy S24 SM-S921U - 128GB - Onyx Black (Unlocked) - Good Condition,$316.21,2025-09-14,https://www.ebay.com/itm/306400317672,https://i.ebayimg.com/images/g/frYAAOSwtYNmO7Y3/s-l500.webp,128 GB,Good,False,Galaxy S24,,,True,,2025.0,9.0,316.21,,,,,,,,
3,Samsung Galaxy S24 128GB 5G SM-S921U1 Cobalt Violet FACTORY UNLOCKED,$379.00,2025-09-14,https://www.ebay.com/itm/127057432294,https://i.ebayimg.com/images/g/kjEAAOSw7URn~7i0/s-l500.webp,128 GB,Unknown,False,Galaxy S24,,,True,,2025.0,9.0,379.0,,,,,,,,
3,Samsung Galaxy S24  128GB SM-S921U1  Black 5G FACTORY UNLOCKED #Y658,$304.00,2025-09-13,https://www.ebay.com/itm/146810812003,https://i.ebayimg.com/images/g/lV8AAeSwmSdoo1iD/s-l500.webp,128 GB,Unknown,False,Galaxy S24,,,True,,2025.0,9.0,304.0,,,,,,,,
3,Samsung Galaxy S24  128GB SM-S921U1  Black 5G FACTORY UNLOCKED #L050,$294.00,2025-09-13,https://www.ebay.com/itm/146826931169,https://i.ebayimg.com/images/g/VlgAAeSw1ptow17j/s-l500.webp,128 GB,Unknown,False,Galaxy S24,,,True,,2025.0,9.0,294.0,,,,,,,,
3,Samsung Galaxy S24 SM-S921U1 5G 256GB Black (FACTORY Unlocked) #L046,$409.00,2025-09-12,https://www.ebay.com/itm/116776114249,https://i.ebayimg.com/images/g/S~QAAeSwhy9ow15Q/s-l500.webp,256 GB,Unknown,False,Galaxy S24,,,True,,2025.0,9.0,409.0,,,,,,,,
3,Samsung Galaxy S24 SM-S921U1 5G 256GB Black (FACTORY Unlocked) #L141,$409.00,2025-09-11,https://www.ebay.com/itm/116776225993,https://i.ebayimg.com/images/g/jQ4AAeSwAzdow3vI/s-l500.webp,256 GB,Unknown,False,Galaxy S24,,,True,,2025.0,9.0,409.0,,,,,,,,
3,Samsung Galaxy S24  128GB SM-S921U1  Black 5G FACTORY UNLOCKED #L139,$334.00,2025-09-12,https://www.ebay.com/itm/146827055307,https://i.ebayimg.com/images/g/jRUAAeSwXZtow3tn/s-l500.webp,128 GB,Unknown,False,Galaxy S24,,,True,,2025.0,9.0,334.0,,,,,,,,
3,Samsung Galaxy S24 SM-S921U 128GB Cobalt Violet Unlocked Very Good Condition,$364.94,2025-08-20,https://www.ebay.com/itm/356842390359,https://i.ebayimg.com/images/g/45sAAeSwv2xoEV90/s-l500.webp,128 GB,Very Good,False,Galaxy S24,,,True,,2025.0,8.0,364.94,,,,,,,,
3,Samsung Galaxy S24 SM-S921U 128GB Cobalt Violet Unlocked Good Condition,$327.57,2025-09-08,https://www.ebay.com/itm/356846141668,https://i.ebayimg.com/images/g/UxMAAeSwcy1oEq4w/s-l500.webp,128 GB,Good,False,Galaxy S24,,,True,,2025.0,9.0,327.57,,,,,,,,
3,Samsung Galaxy S24 SM-S921U 128GB Onyx Black Unlocked Good Condition,$344.25,2025-09-10,https://www.ebay.com/itm/356846150959,https://i.ebayimg.com/images/g/wXcAAeSwDiZoEq-u/s-l500.webp,128 GB,Good,False,Galaxy S24,,,True,,2025.0,9.0,344.25,,,,,,,,
3,Samsung Galaxy S24 SM-S921U 128GB Onyx Black Unlocked Very Good Condition,$364.96,2025-08-22,https://www.ebay.com/itm/356842406700,https://i.ebayimg.com/images/g/TIEAAeSw7e5oEWCM/s-l500.webp,128 GB,Very Good,False,Galaxy S24,,,True,,2025.0,8.0,364.96,,,,,,,,
3,Samsung Galaxy S24  128GB SM-S921U1  Black 5G FACTORY UNLOCKED #Y527,$289.00,2025-09-10,https://www.ebay.com/itm/127331054830,https://i.ebayimg.com/images/g/JokAAeSwWeJok6Ui/s-l500.webp,128 GB,Unknown,False,Galaxy S24,,,True,,2025.0,9.0,289.0,,,,,,,,
3,Samsung Galaxy S24 128GB Factory Unlocked AT&T T-Mobile Verizon Good Condition,$297.95,2025-09-09,https://www.ebay.com/itm/306266020636,https://i.ebayimg.com/images/g/lWUAAOSwuh9oCT2y/s-l500.webp,128 GB,Good,False,Galaxy S24,,,True,,2025.0,9.0,297.95,,,,,,,,
3,Samsung Galaxy S24 (5G) - 256GB Marble Gray *UNLOCKED* Excellent [SM-S921U],$483.99,2025-09-08,https://www.ebay.com/itm/145894289997,https://i.ebayimg.com/images/g/os8AAOSwyDZmlquu/s-l500.webp,256 GB,Excellent,False,Galaxy S24,,,True,,2025.0,9.0,483.99,,,,,,,,
3,Samsung Galaxy S24 SM-S921W - 256GB Onyx Black (Unlocked) - Very Good Condition,$419.99,2025-09-08,https://www.ebay.com/itm/306449986551,https://i.ebayimg.com/images/g/frYAAOSwtYNmO7Y3/s-l500.webp,256 GB,Very Good,False,Galaxy S24,,,True,,2025.0,9.0,419.99,,,,,,,,
3,Samsung Galaxy S24  128GB SM-S921U1  Black 5G FACTORY UNLOCKED #L008,$334.00,2025-09-05,https://www.ebay.com/itm/146812896811,https://i.ebayimg.com/images/g/CBkAAeSwAYNoudhR/s-l500.webp,128 GB,Unknown,False,Galaxy S24,,,True,,2025.0,9.0,334.0,,,,,,,,
3,Samsung Galaxy S24  128GB SM-S921U1  Black 5G FACTORY UNLOCKED #Y883,$299.00,2025-09-05,https://www.ebay.com/itm/146796251264,https://i.ebayimg.com/images/g/NyAAAeSwmzRornQj/s-l500.webp,128 GB,Unknown,False,Galaxy S24,,,True,,2025.0,9.0,299.0,,,,,,,,
3,Samsung Galaxy S24 SM-S921U1 5G 256GB Black (FACTORY Unlocked) #Y919,$409.00,2025-09-04,https://www.ebay.com/itm/127336064597,https://i.ebayimg.com/images/g/fmcAAeSwZ21or8Q6/s-l500.webp,256 GB,Unknown,False,Galaxy S24,,,True,,2025.0,9.0,409.0,,,,,,,,
3,Samsung Galaxy S24 256GB Marble Gray Taiwan Model (Unlocked) SM-S9210 Excellent,$413.95,2025-09-04,https://www.ebay.com/itm/146799073710,https://i.ebayimg.com/images/g/r1IAAeSwl-hosGrH/s-l500.webp,256 GB,Excellent,False,Galaxy S24,,,True,,2025.0,9.0,413.95,,,,,,,,
3,Samsung Galaxy S24 SM-S921U1 5G 256GB Black (FACTORY Unlocked) #Y918,$409.00,2025-09-03,https://www.ebay.com/itm/116753820436,https://i.ebayimg.com/images/g/fsMAAeSw4XBor8P4/s-l500.webp,256 GB,Unknown,False,Galaxy S24,,,True,,2025.0,9.0,409.0,,,,,,,,
3,CERTIFIED Samsung Galaxy S24 SM-S921U1 5G 256GB Black (FACTORY Unlocked) #Y175,$404.00,2025-09-03,https://www.ebay.com/itm/127349521582,https://i.ebayimg.com/images/g/smgAAeSwJwFoc7xS/s-l500.webp,256 GB,Unknown,False,Galaxy S24,,,True,,2025.0,9.0,404.0,,,,,,,,
3,Samsung Galaxy S24 SM-S921U1  128GB  Gray FACTORY Unlocked 5G  #Y907,$284.00,2025-09-02,https://www.ebay.com/itm/116753807836,https://i.ebayimg.com/images/g/f3wAAeSwiRhor787/s-l500.webp,128 GB,Unknown,False,Galaxy S24,,,True,,2025.0,9.0,284.0,,,,,,,,
3,"Samsung Galaxy S24 SM-S921U 128GB Unlocked 6.2"" 50MP NFC WiFi 6E 5G Marble Gray",$334.99,2025-09-03,https://www.ebay.com/itm/197495981891,https://i.ebayimg.com/images/g/J3AAAOSwVbBnpSGB/s-l500.webp,128 GB,Unknown,False,Galaxy S24,,,True,,2025.0,9.0,334.99,,,,,,,,
3,Samsung Galaxy S24 SM-S921U1 5G 256GB violet  (FACTORY Unlocked) #Y879,$394.00,2025-09-02,https://www.ebay.com/itm/127333916592,https://i.ebayimg.com/images/g/P8oAAeSwETFornNN/s-l500.webp,256 GB,Unknown,False,Galaxy S24,,,True,,2025.0,9.0,394.0,,,,,,,,
3,Samsung Galaxy S24 SM-S921U1 5G 256GB violet  (FACTORY Unlocked) #Y922,$394.00,2025-08-31,https://www.ebay.com/itm/146798050784,https://i.ebayimg.com/images/g/oBgAAeSwkZNor8Sn/s-l500.webp,256 GB,Unknown,False,Galaxy S24,,,True,,2025.0,8.0,394.0,,,,,,,,
3,Samsung Galaxy S24 - 128GB - Marble Gray (Carrier Unlocked) (Dual SIM) B-Stock,$349.98,2025-08-31,https://www.ebay.com/itm/156772681092,https://i.ebayimg.com/images/g/LwwAAOSwHwNny2Jf/s-l500.webp,128 GB,Unknown,False,Galaxy S24,,,True,,2025.0,8.0,349.98,,,,,,,,
3,Samsung Galaxy S24 128GB Factory Unlocked - Good,$326.99,2025-08-31,https://www.ebay.com/itm/326569153081,https://i.ebayimg.com/images/g/zxwAAOSw5ClmLnh7/s-l500.webp,128 GB,Good,False,Galaxy S24,,,True,,2025.0,8.0,326.99,,,,,,,,
3,Samsung Galaxy S24 SM-S921U1 5G 256GB Black (FACTORY Unlocked) #Y880,$389.00,2025-08-30,https://www.ebay.com/itm/127333907464,https://i.ebayimg.com/images/g/FEYAAeSwH6BornED/s-l500.webp,256 GB,Unknown,False,Galaxy S24,,,True,,2025.0,8.0,389.0,,,,,,,,
3,Samsung Galaxy S24  128GB SM-S921U1  Black 5G FACTORY UNLOCKED #Y885,$324.00,2025-08-29,https://www.ebay.com/itm/127333892551,https://i.ebayimg.com/images/g/VCgAAeSwyjlorm66/s-l500.webp,128 GB,Unknown,False,Galaxy S24,,,True,,2025.0,8.0,324.0,,,,,,,,
3,Samsung Galaxy S24 (5G) - 128GB Cobalt Violet *UNLOCKED* Excellent [SM-S921U],$358.99,2025-08-29,https://www.ebay.com/itm/145894288391,https://i.ebayimg.com/images/g/DBYAAOSwPrdmlq0A/s-l500.webp,128 GB,Excellent,False,Galaxy S24,,,True,,2025.0,8.0,358.99,,,,,,,,
3,Samsung Galaxy S24 - Unlocked - 128GB - Onyx Black - Very Good,$325.00,2025-08-29,https://www.ebay.com/itm/276722643205,https://i.ebayimg.com/images/g/5vkAAOSwY-tmJtkr/s-l500.webp,128 GB,Very Good,False,Galaxy S24,,,True,,2025.0,8.0,325.0,,,,,,,,
3,Samsung Galaxy S24 SM-S921U1  128GB  Gray FACTORY Unlocked 5G  #Y881,$324.00,2025-08-28,https://www.ebay.com/itm/116752254290,https://i.ebayimg.com/images/g/OlkAAeSw4K9ornA4/s-l500.webp,128 GB,Unknown,False,Galaxy S24,,,True,,2025.0,8.0,324.0,,,,,,,,
3,Samsung Galaxy S24 SM-S921U1 5G 128GB Violet Purple (Unlocked) #Y875,$334.00,2025-08-27,https://www.ebay.com/itm/146796223093,https://i.ebayimg.com/images/g/tS0AAeSwLIlorm7v/s-l500.webp,128 GB,Unknown,False,Galaxy S24,,,True,,2025.0,8.0,334.0,,,,,,,,
3,Samsung Galaxy S24 (5G) SM-S921U - *BOOST MOBILE* - 256GB Onyx Black - Excellent,$349.00,2025-08-26,https://www.ebay.com/itm/146766836206,https://i.ebayimg.com/images/g/5uYAAOSw~-dmlqxC/s-l500.webp,256 GB,Excellent,False,Galaxy S24,,,True,,2025.0,8.0,349.0,,,,,,,,
3,Samsung Galaxy S24 SM-S921U1 5G 256GB Gray (FACTORY Unlocked) #Y732,$374.00,2025-08-25,https://www.ebay.com/itm/146780073846,https://i.ebayimg.com/images/g/N-MAAeSwSvRoo2J7/s-l500.webp,256 GB,Unknown,False,Galaxy S24,,,True,,2025.0,8.0,374.0,,,,,,,,
3,Samsung Galaxy S24  128GB SM-S921U1  YELLOW  5G FACTORY UNLOCKED #Y621,$299.00,2025-08-25,https://www.ebay.com/itm/116740965441,https://i.ebayimg.com/images/g/d8MAAeSwdzpoo-VX/s-l500.webp,128 GB,Unknown,False,Galaxy S24,,,True,,2025.0,8.0,299.0,,,,,,,,
3,Samsung Galaxy S24  128GB SM-S921U1  Black 5G FACTORY UNLOCKED #Y716,$329.00,2025-08-24,https://www.ebay.com/itm/146780020434,https://i.ebayimg.com/images/g/QP8AAeSw1opoo1tU/s-l500.webp,128 GB,Unknown,False,Galaxy S24,,,True,,2025.0,8.0,329.0,,,,,,,,
3,Samsung Galaxy S24 128GB - Onyx Black Unlocked - Flawless condition,$369.00,2025-08-21,https://www.ebay.com/itm/226156376715,https://i.ebayimg.com/images/g/9hQAAeSwb6pob-hI/s-l500.webp,128 GB,Unknown,False,Galaxy S24,,,True,,2025.0,8.0,369.0,,,,,,,,
3,CERTIFIED Samsung Galaxy S24  128GB SM-S921U1  Black 5G FACTORY UNLOCKED #Y154,$304.00,2025-08-20,https://www.ebay.com/itm/127318692214,https://i.ebayimg.com/images/g/-Z8AAeSw1iZoc8ot/s-l500.webp,128 GB,Unknown,False,Galaxy S24,,,True,,2025.0,8.0,304.0,,,,,,,,
3,Samsung Galaxy S24  128GB SM-S921U1  YELLOW  5G FACTORY UNLOCKED #Y573,$319.00,2025-08-21,https://www.ebay.com/itm/146756287119,https://i.ebayimg.com/images/g/X3EAAeSw5gxok41s/s-l500.webp,128 GB,Unknown,False,Galaxy S24,,,True,,2025.0,8.0,319.0,,,,,,,,
3,Samsung Galaxy S24 S921U1 128GB Factory Unlocked - Excellent,$401.99,2025-08-20,https://www.ebay.com/itm/226681365585,https://i.ebayimg.com/images/g/zxwAAOSw5ClmLnh7/s-l500.webp,128 GB,Excellent,False,Galaxy S24,,,True,,2025.0,8.0,401.99,,,,,,,,
1,Samsung Galaxy S25 5G - SM-S931U - Unlocked - 128GB Icy Blue - Excellent,$463.99,2025-10-28,https://www.ebay.com/itm/146862403064,https://i.ebayimg.com/images/g/lYUAAeSwi-do2syY/s-l500.webp,128 GB,Excellent,False,Galaxy S25,,,,True,2025.0,10.0,463.99,,,,,,,,
1,Samsung Galaxy S25 Edge 256GB Titanium Silver Unlocked Excellent Condition,$599.99,2025-10-28,https://www.ebay.com/itm/277338151823,https://i.ebayimg.com/images/g/jVYAAeSwPJRo-nFl/s-l500.webp,256 GB,Excellent,False,Galaxy S25,,,,True,2025.0,10.0,599.99,,,,,,,,
1,Samsung Galaxy S25 SM-S931U1 128GB Unlocked Excellent Condition,$499.99,2025-10-28,https://www.ebay.com/itm/376644158819,https://i.ebayimg.com/images/g/DzsAAeSwWyNo8Sus/s-l500.webp,128 GB,Excellent,False,Galaxy S25,,,,True,2025.0,10.0,499.99,,,,,,,,
1,Samsung Galaxy S25 Edge 512GB Titanium Silver Unlocked Excellent Condition,$629.99,2025-10-28,https://www.ebay.com/itm/277290482816,https://i.ebayimg.com/images/g/jZgAAeSw1kFo-nD3/s-l500.webp,512 GB,Excellent,False,Galaxy S25,,,,True,2025.0,10.0,629.99,,,,,,,,
1,Samsung Galaxy S25 - 128 GB - SM-S931U1 Navy (Unlocked) Excellent,$434.95,2025-10-27,https://www.ebay.com/itm/405977447569,https://i.ebayimg.com/images/g/wm4AAOSwiqBoUuj1/s-l500.webp,128 GB,Excellent,False,Galaxy S25,,,,True,2025.0,10.0,434.95,,,,,,,,
1,Samsung Galaxy S25 128GB  256GB SM-S931U1 Mint Blue Silver Unlocked,$449.00,2025-10-27,https://www.ebay.com/itm/146565510947,https://i.ebayimg.com/images/g/9uYAAOSwFd5oGkKJ/s-l500.webp,128 GB,Unknown,False,Galaxy S25,,,,True,2025.0,10.0,449.0,,,,,,,,
1,Samsung Galaxy S25 256GB Unlocked Silver Shadow SM-S931U1 Excellent,$479.95,2025-10-27,https://www.ebay.com/itm/127455651033,https://i.ebayimg.com/images/g/mRsAAeSw9fNo~30A/s-l500.webp,256 GB,Excellent,False,Galaxy S25,,,,True,2025.0,10.0,479.95,,,,,,,,
1,"Samsung Galaxy S25 Edge 5G (256GB, 12GB) 6.7"" Fully Unlocked US Model S937U",$649.99,2025-09-15,https://www.ebay.com/itm/146739338229,https://i.ebayimg.com/images/g/2CYAAeSwPwto~ep1/s-l500.webp,256 GB,Unknown,False,Galaxy S25,,,,True,2025.0,9.0,649.99,,,,,,,,
1,"Samsung Galaxy S25 5G  128GB FACTORY UNLOCKED 6.2"" Smartphone - VERY GOOD",$478.00,2025-10-26,https://www.ebay.com/itm/226969421561,https://i.ebayimg.com/images/g/hJsAAOSwbBBoUy4J/s-l500.webp,128 GB,Very Good,False,Galaxy S25,,,,True,2025.0,10.0,478.0,,,,,,,,
1,Samsung Galaxy S25 - Unlocked - Navy - 128GB - Excellent,$455.00,2025-10-25,https://www.ebay.com/itm/286553472085,https://i.ebayimg.com/images/g/olsAAOSw6q5oHNPZ/s-l500.webp,128 GB,Excellent,False,Galaxy S25,,,,True,2025.0,10.0,455.0,,,,,,,,
1,Samsung Galaxy S25 128GB Unlocked Excellent Condition,$559.45,2025-10-24,https://www.ebay.com/itm/357459880035,https://i.ebayimg.com/images/g/vEgAAeSwbLBowxB~/s-l500.webp,128 GB,Excellent,False,Galaxy S25,,,,True,2025.0,10.0,559.45,,,,,,,,
1,Samsung Galaxy S25 - 128GB (Carrier Unlocked) - Silver (B-Stock),$429.98,2025-10-24,https://www.ebay.com/itm/157276783603,https://i.ebayimg.com/images/g/YvMAAeSwfmFor3KB/s-l500.webp,128 GB,Unknown,False,Galaxy S25,,,,True,2025.0,10.0,429.98,,,,,,,,
1,"Samsung Galaxy S25 Edge 5G S937U 6.7"" Unlocked (Any Carrier) SmartPhone Good",$569.99,2025-10-24,https://www.ebay.com/itm/326736488186,https://i.ebayimg.com/images/g/ArUAAeSwIAVoo6A0/s-l500.webp,Unknown,Good,False,Galaxy S25,,,,True,2025.0,10.0,569.99,,,,,,,,
1,Samsung Galaxy S25 Edge 512GB Unlocked Titanium Jetblack SM-S937U1 Perfect,$609.99,2025-10-23,https://www.ebay.com/itm/127389027870,https://i.ebayimg.com/images/g/A64AAeSw2txo0mNc/s-l500.webp,512 GB,Unknown,False,Galaxy S25,,,,True,2025.0,10.0,609.99,,,,,,,,
1,Samsung Galaxy S25 Edge 512GB Titanium Jetblack Unlocked Very Good Condition,$619.99,2025-10-23,https://www.ebay.com/itm/277461421697,https://i.ebayimg.com/images/g/ko8AAeSwXPho-nE7/s-l500.webp,512 GB,Very Good,False,Galaxy S25,,,,True,2025.0,10.0,619.99,,,,,,,,
1,Samsung Galaxy S25 - Unlocked - Navy - 128GB - Very Good,$419.00,2025-10-23,https://www.ebay.com/itm/277212728840,https://i.ebayimg.com/images/g/olsAAOSw6q5oHNPZ/s-l500.webp,128 GB,Very Good,False,Galaxy S25,,,,True,2025.0,10.0,419.0,,,,,,,,
1,Samsung Galaxy S25 Unlocked Mint Green  128GB SM-S931U1 UNLOCKED #L654,$439.00,2025-10-23,https://www.ebay.com/itm/146913134571,https://i.ebayimg.com/images/g/iKQAAeSwJj9o-RUD/s-l500.webp,128 GB,Unknown,False,Galaxy S25,,,,True,2025.0,10.0,439.0,,,,,,,,
1,Samsung Galaxy S25 128GB Silver Shadow Unlocked Excellent Condition,$459.99,2025-10-23,https://www.ebay.com/itm/276945004691,https://i.ebayimg.com/images/g/suEAAeSw7jpn0w9r/s-l500.webp,128 GB,Excellent,False,Galaxy S25,,,,True,2025.0,10.0,459.99,,,,,,,,
1,Samsung Galaxy S25 128GB Icy Blue Unlocked Very Good Condition,$419.99,2025-10-23,https://www.ebay.com/itm/286737042424,https://i.ebayimg.com/images/g/nVkAAeSwTj9o98UX/s-l500.webp,128 GB,Very Good,False,Galaxy S25,,,,True,2025.0,10.0,419.99,,,,,,,,
1,Samsung Galaxy S25 Unlocked Mint Green  128GB SM-S931U1 UNLOCKED #L208,$414.00,2025-10-22,https://www.ebay.com/itm/146841424663,https://i.ebayimg.com/images/g/YNQAAeSwVhlozNTP/s-l500.webp,128 GB,Unknown,False,Galaxy S25,,,,True,2025.0,10.0,414.0,,,,,,,,
1,"Samsung Galaxy S25 5G (128GB, 12GB) 6.2"" Fully Unlocked No Logo US Model S931U1",$479.99,2025-10-22,https://www.ebay.com/itm/157014328138,https://i.ebayimg.com/images/g/gEgAAeSwhS1oL0aH/s-l500.webp,128 GB,Unknown,False,Galaxy S25,,,,True,2025.0,10.0,479.99,,,,,,,,
1,Samsung Galaxy S25 Unlocked SILVER 256GB SM-S931U1 UNLOCKED #L173,$444.00,2025-10-21,https://www.ebay.com/itm/116786774084,https://i.ebayimg.com/images/g/QSkAAeSw-n5ozOEA/s-l500.webp,256 GB,Unknown,False,Galaxy S25,,,,True,2025.0,10.0,444.0,,,,,,,,
1,"Samsung Galaxy S25 5G SM-S931U1 AI 6.2"" (USA) GSM 🔓 Unlocked Icy Blue Excellent",$446.49,2025-10-21,https://www.ebay.com/itm/376594920471,https://i.ebayimg.com/images/g/eEcAAeSwHdho20Mw/s-l500.webp,Unknown,Excellent,False,Galaxy S25,,,,True,2025.0,10.0,446.49,,,,,,,,
1,Samsung Galaxy S25 128GB Icy Blue Unlocked Excellent Condition,$439.99,2025-10-21,https://www.ebay.com/itm/277040553572,https://i.ebayimg.com/images/g/RAYAAeSwXbto5A-R/s-l500.webp,128 GB,Excellent,False,Galaxy S25,,,,True,2025.0,10.0,439.99,,,,,,,,
1,Samsung Galaxy S25 Unlocked SILVER 256GB SM-S931U1 UNLOCKED #L228,$484.00,2025-10-20,https://www.ebay.com/itm/127400615274,https://i.ebayimg.com/images/g/cfgAAeSw~1No2bCS/s-l500.webp,256 GB,Unknown,False,Galaxy S25,,,,True,2025.0,10.0,484.0,,,,,,,,
1,Samsung Galaxy S25 5G S931U Unlocked (Any Carrier) 256GB SmartPhone Very Good,$514.99,2025-10-20,https://www.ebay.com/itm/326810982404,https://i.ebayimg.com/images/g/ZAgAAeSw9HVobEPs/s-l500.webp,256 GB,Very Good,False,Galaxy S25,,,,True,2025.0,10.0,514.99,,,,,,,,
1,Samsung Galaxy S25  128 GB SM-S931U1 Silver Shadow  UNLOCKED #L219,$399.00,2025-10-20,https://www.ebay.com/itm/146841445270,https://i.ebayimg.com/images/g/y-gAAeSwjDlozNje/s-l500.webp,128 GB,Unknown,False,Galaxy S25,,,,True,2025.0,10.0,399.0,,,,,,,,
1,Samsung Galaxy S25 128GB Very Good Condition,$506.61,2025-10-20,https://www.ebay.com/itm/357459896441,https://i.ebayimg.com/images/g/vC4AAeSwwc1o5-KH/s-l500.webp,128 GB,Very Good,False,Galaxy S25,,,,True,2025.0,10.0,506.61,,,,,,,,
1,Samsung Galaxy S25 Unlocked NAVY BLUE 128GB SM-S931U1 UNLOCKED #L550,$394.00,2025-10-18,https://www.ebay.com/itm/146893749665,https://i.ebayimg.com/images/g/nMEAAeSwf9lo7Uiv/s-l500.webp,128 GB,Unknown,False,Galaxy S25,,,,True,2025.0,10.0,394.0,,,,,,,,
1,Samsung Galaxy S25 - Unlocked - Blue Black - 256GB - Excellent,$574.00,2025-10-18,https://www.ebay.com/itm/277450529095,https://i.ebayimg.com/images/g/c8sAAOSwiWBn5wEU/s-l500.webp,256 GB,Excellent,False,Galaxy S25,,,,True,2025.0,10.0,574.0,,,,,,,,
1,Samsung Galaxy S25  128 GB SM-S931U1 Silver Shadow  UNLOCKED #L217,$404.00,2025-10-17,https://www.ebay.com/itm/116786735637,https://i.ebayimg.com/images/g/locAAeSw7hJozNiM/s-l500.webp,128 GB,Unknown,False,Galaxy S25,,,,True,2025.0,10.0,404.0,,,,,,,,
1,Samsung Galaxy S25 Unlocked NAVY BLUE 128GB SM-S931U1 UNLOCKED #L295,$389.00,2025-10-17,https://www.ebay.com/itm/127400626971,https://i.ebayimg.com/images/g/56EAAeSwtdJo2bNV/s-l500.webp,128 GB,Unknown,False,Galaxy S25,,,,True,2025.0,10.0,389.0,,,,,,,,
1,Samsung Galaxy S25 - Unlocked - Mint - 128GB - Excellent,$455.00,2025-10-17,https://www.ebay.com/itm/277123274633,https://i.ebayimg.com/images/g/48gAAOSwUitoK1Ql/s-l500.webp,128 GB,Excellent,False,Galaxy S25,,,,True,2025.0,10.0,455.0,,,,,,,,
1,Samsung Galaxy S25 Edge 256GB Unlocked Titanium Silver SM-S937U Excellent,$599.99,2025-10-16,https://www.ebay.com/itm/406171243209,https://i.ebayimg.com/images/g/vNAAAeSwiXJosZxg/s-l500.webp,256 GB,Excellent,False,Galaxy S25,,,,True,2025.0,10.0,599.99,,,,,,,,
1,Samsung Galaxy S25 - Fully Unlocked - 128GB - 6.2in - Excellent,$496.00,2025-10-16,https://www.ebay.com/itm/136139144014,https://i.ebayimg.com/images/g/WMIAAeSwMCJobAz6/s-l500.webp,128 GB,Excellent,False,Galaxy S25,,,,True,2025.0,10.0,496.0,,,,,,,,
1,Samsung Galaxy S25 Edge - 512GB Titanium Icyblue (Unlocked) SM-S937U1 Excellent,$649.95,2025-10-15,https://www.ebay.com/itm/127365636109,https://i.ebayimg.com/images/g/4D4AAeSwrfxowqU3/s-l500.webp,512 GB,Excellent,False,Galaxy S25,,,,True,2025.0,10.0,649.95,,,,,,,,
1,Samsung Galaxy S25 Unlocked BLUE  256GB SM-S931U1 UNLOCKED #L502,$469.00,2025-10-14,https://www.ebay.com/itm/146893825518,https://i.ebayimg.com/images/g/jpgAAeSwEYFo7Vil/s-l500.webp,256 GB,Unknown,False,Galaxy S25,,,,True,2025.0,10.0,469.0,,,,,,,,
1,Samsung Galaxy S25 Unlocked BLUE  256GB SM-S931U1 UNLOCKED #L222,$469.00,2025-10-14,https://www.ebay.com/itm/146841448807,https://i.ebayimg.com/images/g/lpcAAeSw6PJozNkZ/s-l500.webp,256 GB,Unknown,False,Galaxy S25,,,,True,2025.0,10.0,469.0,,,,,,,,
1,Samsung Galaxy S25 SM-S931U1 Unlocked 256GB Blueblack Very Good,$589.75,2025-10-14,https://www.ebay.com/itm/176995621845,https://i.ebayimg.com/images/g/Sf8AAeSwnmVn9rRe/s-l500.webp,256 GB,Very Good,False,Galaxy S25,,,,True,2025.0,10.0,589.75,,,,,,,,
1,Samsung Galaxy S25 256GB S931U Unlocked - Excellent,$569.99,2025-10-13,https://www.ebay.com/itm/257146795807,https://i.ebayimg.com/images/g/12IAAeSwlnto5n05/s-l500.webp,256 GB,Excellent,False,Galaxy S25,,,,True,2025.0,10.0,569.99,,,,,,,,
1,Samsung Galaxy S25 Edge 256GB Titanium Jetblack Unlocked Excellent Condition,$569.99,2025-10-13,https://www.ebay.com/itm/277300216442,https://i.ebayimg.com/images/g/~TkAAeSwHb1o~8L0/s-l500.webp,256 GB,Excellent,False,Galaxy S25,,,,True,2025.0,10.0,569.99,,,,,,,,
1,Samsung Galaxy S25 256GB BLUEBLACK SM-S931U1 FACTORY UNLOCKED #Y633,$499.00,2025-10-12,https://www.ebay.com/itm/127406716512,https://i.ebayimg.com/images/g/tk8AAeSw5qloo-jv/s-l500.webp,256 GB,Unknown,False,Galaxy S25,,,,True,2025.0,10.0,499.0,,,,,,,,
1,Samsung Galaxy S25 5G - SM-S931U - Unlocked - 128GB Silver Shadow - Excellent,$464.99,2025-10-11,https://www.ebay.com/itm/146862404619,https://i.ebayimg.com/images/g/xEUAAeSwUAlo2s2H/s-l500.webp,128 GB,Excellent,False,Galaxy S25,,,,True,2025.0,10.0,464.99,,,,,,,,
1,Samsung Galaxy S25 Unlocked Mint Green  128GB SM-S931U1 UNLOCKED #L085,$399.00,2025-10-10,https://www.ebay.com/itm/116776141073,https://i.ebayimg.com/images/g/byQAAeSwFMRow2RE/s-l500.webp,128 GB,Unknown,False,Galaxy S25,,,,True,2025.0,10.0,399.0,,,,,,,,
1,Samsung Galaxy S25 Unlocked SILVER 256GB SM-S931U1 UNLOCKED #L132,$479.00,2025-10-10,https://www.ebay.com/itm/146827048850,https://i.ebayimg.com/images/g/xKoAAeSwDtlow3o3/s-l500.webp,256 GB,Unknown,False,Galaxy S25,,,,True,2025.0,10.0,479.0,,,,,,,,
1,Samsung Galaxy S25 128GB Mint Unlocked Good Condition,$389.99,2025-10-11,https://www.ebay.com/itm/286869575331,https://i.ebayimg.com/images/g/GhYAAeSwv0lo98X-/s-l500.webp,128 GB,Good,False,Galaxy S25,,,,True,2025.0,10.0,389.99,,,,,,,,
1,Samsung Galaxy S25 5G - SM-S931U - Unlocked - 128GB Navy Blue - Excellent,$459.99,2025-10-09,https://www.ebay.com/itm/146862406562,https://i.ebayimg.com/images/g/ZM0AAeSwlXdo2s4F/s-l500.webp,128 GB,Excellent,False,Galaxy S25,,,,True,2025.0,10.0,459.99,,,,,,,,
1,REFURBISHED Samsung Galaxy S25 Unlocked NAVY BLUE 128GB SM-S931U1 UNLOCKED,$399.00,2025-10-09,https://www.ebay.com/itm/116784450559,https://i.ebayimg.com/images/g/fB0AAeSwNhNoyu8l/s-l500.webp,128 GB,Unknown,False,Galaxy S25,,,,True,2025.0,10.0,399.0,,,,,,,,
1,Samsung Galaxy S25 Edge 256GB SM-S937U1 Titanium ICYBLUE UNLOCKED,$639.00,2025-10-09,https://www.ebay.com/itm/127382059679,https://i.ebayimg.com/images/g/cIUAAeSwVtpozGFb/s-l500.webp,256 GB,Unknown,False,Galaxy S25,,,,True,2025.0,10.0,639.0,,,,,,,,
1,"Samsung Galaxy S25 5G SM-S931U ✨️AI 6.2"" 50MP (USA) GSM 🔓 Unlocked",$569.00,2025-10-08,https://www.ebay.com/itm/267321698899,https://i.ebayimg.com/images/g/SZ0AAeSwlIJocADt/s-l500.webp,Unknown,Unknown,False,Galaxy S25,,,,True,2025.0,10.0,569.0,,,,,,,,
1,Samsung Galaxy S25 SM-S931U Unlocked 128GB Navy Good,$455.89,2025-10-07,https://www.ebay.com/itm/197295098881,https://i.ebayimg.com/images/g/OQQAAeSw6HxoG-Je/s-l500.webp,128 GB,Good,False,Galaxy S25,,,,True,2025.0,10.0,455.89,,,,,,,,
1,Samsung Galaxy S25 Edge 512GB Titanium Jetblack Unlocked Excellent Condition,$629.99,2025-10-06,https://www.ebay.com/itm/277283172835,https://i.ebayimg.com/images/g/3gwAAeSww3Jo-nEB/s-l500.webp,512 GB,Excellent,False,Galaxy S25,,,,True,2025.0,10.0,629.99,,,,,,,,
1,Samsung Galaxy S25 - 128 GB - SM-S931U1 Silver Shadow Unlocked Excellent,$454.99,2025-10-05,https://www.ebay.com/itm/146730486885,https://i.ebayimg.com/images/g/f2MAAeSwL0xog9hH/s-l500.webp,128 GB,Excellent,False,Galaxy S25,,,,True,2025.0,10.0,454.99,,,,,,,,
1,Samsung Galaxy S25 Unlocked SILVER 256GB SM-S931U1 UNLOCKED #L227,$504.00,2025-10-01,https://www.ebay.com/itm/146841362124,https://i.ebayimg.com/images/g/V1gAAeSwqTZozMmi/s-l500.webp,256 GB,Unknown,False,Galaxy S25,,,,True,2025.0,10.0,504.0,,,,,,,,
1,"Samsung Galaxy S25 5G (256GB, 12GB) 6.2"" Factory Unlocked US Model S931U",$549.99,2025-08-17,https://www.ebay.com/itm/146745538013,https://i.ebayimg.com/images/g/3eIAAeSwIU5ooONL/s-l500.webp,256 GB,Unknown,False,Galaxy S25,,,,True,2025.0,8.0,549.99,,,,,,,,
1,Samsung Galaxy S25  128 GB SM-S931U1 Silver Shadow  UNLOCKED #L218,$444.00,2025-09-30,https://www.ebay.com/itm/127380784830,https://i.ebayimg.com/images/g/9pQAAeSwezVozNjC/s-l500.webp,128 GB,Unknown,False,Galaxy S25,,,,True,2025.0,9.0,444.0,,,,,,,,
1,Samsung Galaxy S25 Unlocked SILVER 256GB SM-S931U1 UNLOCKED #L051,$504.00,2025-09-30,https://www.ebay.com/itm/146842692048,https://i.ebayimg.com/images/g/ORUAAeSwYBhow14T/s-l500.webp,256 GB,Unknown,False,Galaxy S25,,,,True,2025.0,9.0,504.0,,,,,,,,
1,Samsung Galaxy S25 (5G) SM-S931U - Unlocked - 128GB Silver - Excellent *Read*,$464.00,2025-09-30,https://www.ebay.com/itm/146726962860,https://i.ebayimg.com/images/g/JGEAAeSwpK1ogSjQ/s-l500.webp,128 GB,Excellent,False,Galaxy S25,,,,True,2025.0,9.0,464.0,,,,,,,,
1,Samsung Galaxy S25 5G - SM-S931U - Unlocked - 128GB Mint Green - Excellent,$464.99,2025-09-30,https://www.ebay.com/itm/146862405979,https://i.ebayimg.com/images/g/LLsAAeSwt~Bo2s3S/s-l500.webp,128 GB,Excellent,False,Galaxy S25,,,,True,2025.0,9.0,464.99,,,,,,,,
1,Samsung Galaxy S25 Edge  512GB SM-S937U1 Titanium Icyblue (Unlocked),$669.00,2025-09-29,https://www.ebay.com/itm/127322678255,https://i.ebayimg.com/images/g/oSEAAeSwFFdop2qA/s-l500.webp,512 GB,Unknown,False,Galaxy S25,,,,True,2025.0,9.0,669.0,,,,,,,,
1,Samsung Galaxy S25 - Unlocked - Blue Black - 128GB - Good,$405.00,2025-09-28,https://www.ebay.com/itm/277332859287,https://i.ebayimg.com/images/g/c8sAAOSwiWBn5wEU/s-l500.webp,128 GB,Good,False,Galaxy S25,,,,True,2025.0,9.0,405.0,,,,,,,,
1,Samsung Galaxy S25 - Unlocked 256GB Pink Gold - Excellent,$574.00,2025-09-28,https://www.ebay.com/itm/286836498741,https://i.ebayimg.com/images/g/ZbYAAeSw4sdo0tZR/s-l500.webp,256 GB,Excellent,False,Galaxy S25,,,,True,2025.0,9.0,574.0,,,,,,,,
1,Samsung Galaxy S25 Edge 5G - SM-S937U - Unlocked 256GB - Titanium Jet Black,$640.99,2025-09-27,https://www.ebay.com/itm/146743519171,https://i.ebayimg.com/images/g/u38AAeSwKLBoi8M3/s-l500.webp,256 GB,Unknown,False,Galaxy S25,,,,True,2025.0,9.0,640.99,,,,,,,,
1,Samsung Galaxy S25 Unlocked MINT GREEN  256GB SM-S931U1 UNLOCKED #L214,$509.00,2025-09-26,https://www.ebay.com/itm/127380779929,https://i.ebayimg.com/images/g/pGUAAeSwbHZozNed/s-l500.webp,256 GB,Unknown,False,Galaxy S25,,,,True,2025.0,9.0,509.0,,,,,,,,
1,Samsung Galaxy S25 Fully Unlocked 6.2in 128GB - Good,$619.99,2025-09-27,https://www.ebay.com/itm/136380459767,https://i.ebayimg.com/images/g/PrAAAeSwbDNosHKR/s-l500.webp,128 GB,Good,False,Galaxy S25,,,,True,2025.0,9.0,619.99,,,,,,,,
1,Samsung Galaxy S25 Edge - 256 GB - Titanium Silver (Unlocked) SM-S937U Good,$629.95,2025-09-26,https://www.ebay.com/itm/406241589993,https://i.ebayimg.com/images/g/nxwAAeSwWg9o1VTJ/s-l500.webp,256 GB,Good,False,Galaxy S25,,,,True,2025.0,9.0,629.95,,,,,,,,
1,Samsung Galaxy S25 - Unlocked - Icy Blue - 256GB - Excellent,$574.00,2025-09-25,https://www.ebay.com/itm/277247923327,https://i.ebayimg.com/images/g/uJkAAOSwOxln3JUA/s-l500.webp,256 GB,Excellent,False,Galaxy S25,,,,True,2025.0,9.0,574.0,,,,,,,,
1,Samsung Galaxy S25 - 128GB - Silver Shadow (Unlocked) SM-S931U1 Perfect,$449.95,2025-09-25,https://www.ebay.com/itm/127394464864,https://i.ebayimg.com/images/g/3j0AAeSwym1o1TIr/s-l500.webp,128 GB,Unknown,False,Galaxy S25,,,,True,2025.0,9.0,449.95,,,,,,,,
1,Samsung Galaxy S25 128GB Factory Unlocked - Silver Shadow SM-S931UZS Smartphone,$429.99,2025-09-23,https://www.ebay.com/itm/388989914672,https://i.ebayimg.com/images/g/p0QAAeSwVhlozgUa/s-l500.webp,128 GB,Unknown,False,Galaxy S25,,,,True,2025.0,9.0,429.99,,,,,,,,
1,Samsung Galaxy S25 256GB FACTORY Unlocked Verizon ATT TMobile Metro - EXCELLENT,$599.48,2025-09-23,https://www.ebay.com/itm/136325529410,https://i.ebayimg.com/images/g/-zcAAeSw1z9oiScI/s-l500.webp,256 GB,Excellent,False,Galaxy S25,,,,True,2025.0,9.0,599.48,,,,,,,,
1,Samsung Galaxy S25 12GB 128GB Factory Unlocked - Navy Blue SM-S931UDB Smartphone,$429.99,2025-09-22,https://www.ebay.com/itm/306507629374,https://i.ebayimg.com/images/g/YR0AAeSw2txozgVY/s-l500.webp,12 GB,Unknown,False,Galaxy S25,,,,True,2025.0,9.0,429.99,,,,,,,,
1,Samsung Galaxy S25 12GB 128GB Factory Unlocked Icy Blue SM-S931ULB Smartphone,$429.99,2025-09-21,https://www.ebay.com/itm/306507629122,https://i.ebayimg.com/images/g/S9cAAeSw2lZozgiG/s-l500.webp,12 GB,Unknown,False,Galaxy S25,,,,True,2025.0,9.0,429.99,,,,,,,,
1,Samsung Galaxy S25 Unlocked SILVER 256GB SM-S931U1 UNLOCKED #L216,$529.00,2025-09-20,https://www.ebay.com/itm/116786735426,https://i.ebayimg.com/images/g/~~QAAeSwJoJozNhl/s-l500.webp,256 GB,Unknown,False,Galaxy S25,,,,True,2025.0,9.0,529.0,,,,,,,,
1,Samsung Galaxy S25 128GB Mint Unlocked Excellent Condition,$459.99,2025-09-18,https://www.ebay.com/itm/286827287867,https://i.ebayimg.com/images/g/-WkAAeSw245o98V6/s-l500.webp,128 GB,Excellent,False,Galaxy S25,,,,True,2025.0,9.0,459.99,,,,,,,,
1,Samsung Galaxy S25 256GB BLUE SM-S931B FACTORY UNLOCKED #Y890,$529.00,2025-09-16,https://www.ebay.com/itm/127333877721,https://i.ebayimg.com/images/g/vl0AAeSwR-9orm1P/s-l500.webp,256 GB,Unknown,False,Galaxy S25,,,,True,2025.0,9.0,529.0,,,,,,,,
1,Samsung Galaxy S25 - Unlocked - Coralred - 128GB - Excellent,$455.00,2025-09-16,https://www.ebay.com/itm/286617167796,https://i.ebayimg.com/images/g/aNMAAOSwOatoPe3u/s-l500.webp,128 GB,Excellent,False,Galaxy S25,,,,True,2025.0,9.0,455.0,,,,,,,,
1,Samsung Galaxy S25 - Unlocked - Blue Black - 128GB - Excellent,$455.00,2025-09-15,https://www.ebay.com/itm/277128398232,https://i.ebayimg.com/images/g/c8sAAOSwiWBn5wEU/s-l500.webp,128 GB,Excellent,False,Galaxy S25,,,,True,2025.0,9.0,455.0,,,,,,,,
1,Samsung Galaxy S25 Unlocked NAVY BLUE 128GB SM-S931U1 UNLOCKED #L077,$439.00,2025-09-14,https://www.ebay.com/itm/146829614416,https://i.ebayimg.com/images/g/OIgAAeSw5T5ow2f7/s-l500.webp,128 GB,Unknown,False,Galaxy S25,,,,True,2025.0,9.0,439.0,,,,,,,,
1,Samsung Galaxy S25 Unlocked NAVY BLUE 128GB SM-S931U1 UNLOCKED #L112,$434.00,2025-09-13,https://www.ebay.com/itm/116776204205,https://i.ebayimg.com/images/g/lT8AAeSwzlhow3Pr/s-l500.webp,128 GB,Unknown,False,Galaxy S25,,,,True,2025.0,9.0,434.0,,,,,,,,
2,Samsung Galaxy S25 - Unlocked - Icy Blue - 128GB - Excellent,$455.00,2025-09-09,https://www.ebay.com/itm/277061853182,https://i.ebayimg.com/images/g/uJkAAOSwOxln3JUA/s-l500.webp,128 GB,Excellent,False,Galaxy S25,,,,True,2025.0,9.0,455.0,,,,,,,,
2,Samsung Galaxy S25 128GB Coral Red Unlocked Excellent Condition,$459.99,2025-09-08,https://www.ebay.com/itm/297425322899,https://i.ebayimg.com/images/g/CPoAAeSwDxVo98ZF/s-l500.webp,128 GB,Excellent,False,Galaxy S25,,,,True,2025.0,9.0,459.99,,,,,,,,
2,Samsung Galaxy S25 Unlocked SILVER 256GB SM-S931U1 UNLOCKED #Y810,$519.00,2025-09-08,https://www.ebay.com/itm/116753856796,https://i.ebayimg.com/images/g/wssAAeSwxeBor85~/s-l500.webp,256 GB,Unknown,False,Galaxy S25,,,,True,2025.0,9.0,519.0,,,,,,,,
2,Samsung Galaxy S25 Unlocked NAVY BLUE 128GB SM-S931U1 UNLOCKED #Y495,$424.00,2025-09-07,https://www.ebay.com/itm/116769402445,https://i.ebayimg.com/images/g/cfQAAeSw2Jhok5UJ/s-l500.webp,128 GB,Unknown,False,Galaxy S25,,,,True,2025.0,9.0,424.0,,,,,,,,
2,Samsung Galaxy S25 (5G) SM-S931U - Unlocked - 128GB Navy Blue - Excellent *Read*,$454.00,2025-09-06,https://www.ebay.com/itm/146716510432,https://i.ebayimg.com/images/g/vPgAAeSwoNBoeVgy/s-l500.webp,128 GB,Excellent,False,Galaxy S25,,,,True,2025.0,9.0,454.0,,,,,,,,
2,Samsung Galaxy S25 - Unlocked - Silver Shadow - 128GB - Excellent,$457.00,2025-09-05,https://www.ebay.com/itm/286508920306,https://i.ebayimg.com/images/g/AAYAAOSwCf5oBobN/s-l500.webp,128 GB,Excellent,False,Galaxy S25,,,,True,2025.0,9.0,457.0,,,,,,,,
2,Samsung Galaxy S25 Edge 256GB Titanium Icyblue Unlocked Excellent Condition,$599.99,2025-09-05,https://www.ebay.com/itm/286737040961,https://i.ebayimg.com/images/g/1pcAAeSwt-9o-nFY/s-l500.webp,256 GB,Excellent,False,Galaxy S25,,,,True,2025.0,9.0,599.99,,,,,,,,
2,Samsung Galaxy S25 Unlocked SILVER 256GB SM-S931U1 UNLOCKED #Y917,$529.00,2025-09-04,https://www.ebay.com/itm/116753815182,https://i.ebayimg.com/images/g/gI4AAeSwVDVor8NQ/s-l500.webp,256 GB,Unknown,False,Galaxy S25,,,,True,2025.0,9.0,529.0,,,,,,,,
2,Samsung Galaxy S25 128GB Navy Unlocked Excellent Condition,$459.99,2025-09-04,https://www.ebay.com/itm/297401923601,https://i.ebayimg.com/images/g/kSMAAeSwtM5o98Vd/s-l500.webp,128 GB,Excellent,False,Galaxy S25,,,,True,2025.0,9.0,459.99,,,,,,,,
2,Samsung Galaxy S25 128GB S931U 5G Factory Unlocked - Excellent,$469.99,2025-09-04,https://www.ebay.com/itm/286791578936,https://i.ebayimg.com/images/g/ucsAAeSwQIVose0H/s-l500.webp,128 GB,Excellent,False,Galaxy S25,,,,True,2025.0,9.0,469.99,,,,,,,,
2,Samsung Galaxy S25 Unlocked ICY BLUE 128GB SM-S931U1 UNLOCKED #Y694,$429.00,2025-09-03,https://www.ebay.com/itm/116740931913,https://i.ebayimg.com/images/g/B~UAAeSwAq1oo9sc/s-l500.webp,128 GB,Unknown,False,Galaxy S25,,,,True,2025.0,9.0,429.0,,,,,,,,
2,Samsung Galaxy S25 Unlocked SILVER 128GB SM-S931U1 UNLOCKED #Y692,$429.00,2025-09-03,https://www.ebay.com/itm/116740930825,https://i.ebayimg.com/images/g/LusAAeSw5D1oo9qu/s-l500.webp,128 GB,Unknown,False,Galaxy S25,,,,True,2025.0,9.0,429.0,,,,,,,,
2,Samsung Galaxy S25 - 128GB (Carrier Unlocked) - Navy (B-Stock),$439.98,2025-09-03,https://www.ebay.com/itm/157089640178,https://i.ebayimg.com/images/g/eH8AAOSwTDJoSvbM/s-l500.webp,128 GB,Unknown,False,Galaxy S25,,,,True,2025.0,9.0,439.98,,,,,,,,
2,Samsung Galaxy S25 128GB S931U 5G Factory Unlocked - Good,$429.99,2025-09-03,https://www.ebay.com/itm/277352601903,https://i.ebayimg.com/images/g/ucsAAeSwQIVose0H/s-l500.webp,128 GB,Good,False,Galaxy S25,,,,True,2025.0,9.0,429.99,,,,,,,,
2,Samsung Galaxy S25 Edge Silver 256GB Unlocked - Excellent Condition,$619.99,2025-08-31,https://www.ebay.com/itm/286697338892,https://i.ebayimg.com/images/g/WR4AAeSwWNdobl3z/s-l500.webp,256 GB,Excellent,False,Galaxy S25,,,,True,2025.0,8.0,619.99,,,,,,,,
2,Samsung Galaxy S25 Unlocked NAVY BLUE 128GB SM-S931U1 UNLOCKED #Y693,$409.00,2025-08-31,https://www.ebay.com/itm/146780548698,https://i.ebayimg.com/images/g/PZoAAeSwrTdoo9rd/s-l500.webp,128 GB,Unknown,False,Galaxy S25,,,,True,2025.0,8.0,409.0,,,,,,,,
2,Samsung Galaxy S25 Edge 512GB Titanium Silver Unlocked Very Good Condition,$619.99,2025-08-31,https://www.ebay.com/itm/286760387084,https://i.ebayimg.com/images/g/-SYAAeSwkMpo-nGZ/s-l500.webp,512 GB,Very Good,False,Galaxy S25,,,,True,2025.0,8.0,619.99,,,,,,,,
2,Samsung Galaxy S25  128 GB SM-S931U1 Silver Shadow  UNLOCKED #Y630,$439.00,2025-08-29,https://www.ebay.com/itm/146780598477,https://i.ebayimg.com/images/g/La0AAeSwjlFoo-fQ/s-l500.webp,128 GB,Unknown,False,Galaxy S25,,,,True,2025.0,8.0,439.0,,,,,,,,
2,Samsung Galaxy S25 Unlocked NAVY BLUE 128GB SM-S931U1 UNLOCKED #Y691,$419.00,2025-08-28,https://www.ebay.com/itm/116740929879,https://i.ebayimg.com/images/g/LhsAAeSwIr1oo9p8/s-l500.webp,128 GB,Unknown,False,Galaxy S25,,,,True,2025.0,8.0,419.0,,,,,,,,
2,Samsung Galaxy S25 Unlocked NAVY BLUE 128GB SM-S931U1 UNLOCKED #Y632,$419.00,2025-08-28,https://www.ebay.com/itm/116740976373,https://i.ebayimg.com/images/g/VBMAAeSwWi9oo-i5/s-l500.webp,128 GB,Unknown,False,Galaxy S25,,,,True,2025.0,8.0,419.0,,,,,,,,
2,Samsung Galaxy S25 5G Fully Unlocked - 256GB - SM-S931U1 AI Smartphone Excellent,$589.99,2025-08-28,https://www.ebay.com/itm/357423499297,https://i.ebayimg.com/images/g/hvUAAOSwc9VoSy7u/s-l500.webp,256 GB,Excellent,False,Galaxy S25,,,,True,2025.0,8.0,589.99,,,,,,,,
2,Samsung Galaxy S25 256GB Icy Blue Unlocked Excellent Condition,$599.99,2025-08-27,https://www.ebay.com/itm/277321953498,https://i.ebayimg.com/images/g/11UAAeSw6jNoyctz/s-l500.webp,256 GB,Excellent,False,Galaxy S25,,,,True,2025.0,8.0,599.99,,,,,,,,
2,Samsung Galaxy S25 Unlocked NAVY BLUE 128GB SM-S931U1 UNLOCKED #Y493,$434.00,2025-08-27,https://www.ebay.com/itm/127292603904,https://i.ebayimg.com/images/g/g-cAAeSwI~tok5TC/s-l500.webp,128 GB,Unknown,False,Galaxy S25,,,,True,2025.0,8.0,434.0,,,,,,,,
2,Samsung Galaxy S25 Edge 512GB Titanium Icyblue Unlocked Excellent Condition,$629.99,2025-08-26,https://www.ebay.com/itm/286785007220,https://i.ebayimg.com/images/g/~-oAAeSwGVZo-nHf/s-l500.webp,512 GB,Excellent,False,Galaxy S25,,,,True,2025.0,8.0,629.99,,,,,,,,
2,Samsung Galaxy S25 Unlocked NAVY BLUE 128GB SM-S931U1 UNLOCKED #Y659,$424.00,2025-08-26,https://www.ebay.com/itm/127316359661,https://i.ebayimg.com/images/g/RBQAAeSwLwFoo1oA/s-l500.webp,128 GB,Unknown,False,Galaxy S25,,,,True,2025.0,8.0,424.0,,,,,,,,
2,UNLOCKED - Samsung Galaxy S25 5G SM-S931U 128GB All Colors 6.2'' - VERY GOOD,$476.99,2025-08-26,https://www.ebay.com/itm/146673520756,https://i.ebayimg.com/images/g/TiUAAOSwjRFoIvZL/s-l500.webp,128 GB,Very Good,False,Galaxy S25,,,,True,2025.0,8.0,476.99,,,,,,,,
2,Samsung Galaxy S25 Edge 256GB Titanium Silver Unlocked Very Good Condition,$589.99,2025-08-25,https://www.ebay.com/itm/297473580757,https://i.ebayimg.com/images/g/lGgAAeSw7Qlo-nFx/s-l500.webp,256 GB,Very Good,False,Galaxy S25,,,,True,2025.0,8.0,589.99,,,,,,,,
2,Samsung Galaxy S25 256GB BLUE SM-S931B FACTORY UNLOCKED #Y631,$549.00,2025-08-24,https://www.ebay.com/itm/146780600671,https://i.ebayimg.com/images/g/zrIAAeSwJDJoo-hg/s-l500.webp,256 GB,Unknown,False,Galaxy S25,,,,True,2025.0,8.0,549.0,,,,,,,,
2,Samsung Galaxy S25 Edge - Unlocked - Titanium Jetblack - 512GB - Excellent,$729.00,2025-08-19,https://www.ebay.com/itm/286760732173,https://i.ebayimg.com/images/g/xmQAAeSwcG9of~mz/s-l500.webp,512 GB,Excellent,False,Galaxy S25,,,,True,2025.0,8.0,729.0,,,,,,,,
2,Samsung Galaxy S25 Unlocked NAVY BLUE 128GB SM-S931U1 UNLOCKED #Y494,$454.00,2025-08-17,https://www.ebay.com/itm/116722600486,https://i.ebayimg.com/images/g/naoAAeSwupZok5Tr/s-l500.webp,128 GB,Unknown,False,Galaxy S25,,,,True,2025.0,8.0,454.0,,,,,,,,
2,Samsung Galaxy S25 128GB Blueblack Unlocked Good Condition,$389.99,2025-08-17,https://www.ebay.com/itm/297433157939,https://i.ebayimg.com/images/g/4ZAAAeSwOYZo98WT/s-l500.webp,128 GB,Good,False,Galaxy S25,,,,True,2025.0,8.0,389.99,,,,,,,,
2,Samsung Galaxy S25  128 GB SM-S931U1 Silver Shadow  UNLOCKED #Y505,$474.00,2025-08-14,https://www.ebay.com/itm/146756420238,https://i.ebayimg.com/images/g/BdoAAeSw-4xok5r0/s-l500.webp,128 GB,Unknown,False,Galaxy S25,,,,True,2025.0,8.0,474.0,,,,,,,,
2,Samsung Galaxy S25 Unlocked Mint Green  128GB SM-S931U1 UNLOCKED #Y497,$444.00,2025-08-13,https://www.ebay.com/itm/127292622191,https://i.ebayimg.com/images/g/uF8AAeSwoilok5g2/s-l500.webp,128 GB,Unknown,False,Galaxy S25,,,,True,2025.0,8.0,444.0,,,,,,,,
2,Samsung Galaxy S25  128 GB SM-S931U1 Silver Shadow  UNLOCKED #Y128,$454.00,2025-08-13,https://www.ebay.com/itm/127304702802,https://i.ebayimg.com/images/g/G~wAAeSwfNRoc9TN/s-l500.webp,128 GB,Unknown,False,Galaxy S25,,,,True,2025.0,8.0,454.0,,,,,,,,
2,Samsung Galaxy S25  128 GB SM-S931U1 Silver Shadow  UNLOCKED #Y516,$444.00,2025-08-13,https://www.ebay.com/itm/116722653503,https://i.ebayimg.com/images/g/KEkAAeSwi8lok575/s-l500.webp,128 GB,Unknown,False,Galaxy S25,,,,True,2025.0,8.0,444.0,,,,,,,,
2,Samsung Galaxy S25 SM-S931U1 Unlocked 256GB Coralred Very Good,$620.79,2025-08-13,https://www.ebay.com/itm/176982087479,https://i.ebayimg.com/images/g/de0AAeSweAhn8FZY/s-l500.webp,256 GB,Very Good,False,Galaxy S25,,,,True,2025.0,8.0,620.79,,,,,,,,
2,Samsung Galaxy S25 SM-S931UZSAXAA Unlocked Android Smartphone 128GB 50MP Camera,$425.00,2025-08-13,https://www.ebay.com/itm/116659604954,https://i.ebayimg.com/images/g/vD4AAeSwhk9o5Vaz/s-l500.webp,128 GB,Unknown,False,Galaxy S25,,,,True,2025.0,8.0,425.0,,,,,,,,
2,Samsung Galaxy S25 (5G) SM-S931U - Unlocked - 256GB Icy Blue - Excellent *Read*,$509.00,2025-08-08,https://www.ebay.com/itm/146756822773,https://i.ebayimg.com/images/g/oXMAAeSwP4tok5Z~/s-l500.webp,256 GB,Excellent,False,Galaxy S25,,,,True,2025.0,8.0,509.0,,,,,,,,
2,Samsung Galaxy S25 - Unlocked - Silver Shadow - 256GB - Excellent,$574.00,2025-08-08,https://www.ebay.com/itm/277054239737,https://i.ebayimg.com/images/g/vJAAAeSwvZdo71hA/s-l500.webp,256 GB,Excellent,False,Galaxy S25,,,,True,2025.0,8.0,574.0,,,,,,,,
2,Samsung Galaxy S25 - 128 GB - SM-S931U1 Icyblue  (Unlocked) Excellent,$484.99,2025-08-08,https://www.ebay.com/itm/127261821539,https://i.ebayimg.com/images/g/~FwAAeSw8n1ogomV/s-l500.webp,128 GB,Excellent,False,Galaxy S25,,,,True,2025.0,8.0,484.99,,,,,,,,
2,Samsung Galaxy S25 Edge Silver 512GB Unlocked - 12GB RAM - Excellent Conditin,$749.99,2025-08-05,https://www.ebay.com/itm/297455815815,https://i.ebayimg.com/images/g/eJUAAeSw1AxobBYy/s-l500.webp,512 GB,Excellent,False,Galaxy S25,,,,True,2025.0,8.0,749.99,,,,,,,,
2,Samsung Galaxy S25 256GB Coral Red Unlocked Excellent Condition,$599.99,2025-07-31,https://www.ebay.com/itm/277300218039,https://i.ebayimg.com/images/g/Lp0AAeSwzwxo4Boa/s-l500.webp,256 GB,Excellent,False,Galaxy S25,,,,True,2025.0,7.0,599.99,,,,,,,,
1,Samsung Galaxy S22 Plus S906 128GB Unlocked - Very Good,$178.95,2025-10-29,https://www.ebay.com/itm/365357929085,https://i.ebayimg.com/images/g/mZcAAOSwUh1n4XZb/s-l500.webp,128 GB,Very Good,False,Galaxy S22+,,,,,,,,True,,,,,,,
1,Samsung Galaxy S22 Plus S906 128GB Unlocked - Excellent,$192.95,2025-10-28,https://www.ebay.com/itm/364894602299,https://i.ebayimg.com/images/g/8sMAAOSw3Thn4Xa5/s-l500.webp,128 GB,Excellent,False,Galaxy S22+,,,,,,,,True,,,,,,,
1,Samsung Galaxy S22 Plus S906 256GB Unlocked - Excellent,$215.95,2025-10-28,https://www.ebay.com/itm/405287989392,https://i.ebayimg.com/images/g/~7sAAOSwRvBjTwKZ/s-l500.webp,256 GB,Excellent,False,Galaxy S22+,,,,,,,,True,,,,,,,
1,Samsung Galaxy S22 Plus 5G 128GB Pink Gold Unlocked Good Condition,$159.99,2025-10-28,https://www.ebay.com/itm/297574788581,https://i.ebayimg.com/images/g/kRkAAeSwrApo1YjR/s-l500.webp,128 GB,Good,False,Galaxy S22+,,,,,,,,True,,,,,,,
1,Samsung Galaxy S22 Plus SM-S906U - 256GB Black (Unlocked) - Very Good Condition,$271.59,2025-04-29,https://www.ebay.com/itm/306205427764,https://i.ebayimg.com/images/g/OyYAAOSw6OlmKNRy/s-l500.webp,256 GB,Very Good,False,Galaxy S22+,,,,,,,,True,,,,,,,
1,Samsung Galaxy S22 Plus S906 256GB Unlocked - Very Good,$206.95,2025-10-25,https://www.ebay.com/itm/406090786662,https://i.ebayimg.com/images/g/~7sAAOSwRvBjTwKZ/s-l500.webp,256 GB,Very Good,False,Galaxy S22+,,,,,,,,True,,,,,,,
1,Samsung Galaxy S22 Plus SM-S906U - 128GB - Phantom Black (Unlocked) - Good Cond.,$188.92,2025-10-17,https://www.ebay.com/itm/306483376194,https://i.ebayimg.com/images/g/XNcAAeSwNiZotWjS/s-l500.webp,128 GB,Good,False,Galaxy S22+,,,,,,,,True,,,,,,,
1,Samsung Galaxy S22 Plus - 128GB 256GB - All Colors - Good Condition,$159.00,2025-10-07,https://www.ebay.com/itm/285843081958,https://i.ebayimg.com/images/g/PeIAAOSwVSZmNUm1/s-l500.webp,128 GB,Good,False,Galaxy S22+,,,,,,,,True,,,,,,,
1,Samsung Galaxy S22 Plus 5G 128GB Phantom White Unlocked Good Condition,$179.99,2025-10-07,https://www.ebay.com/itm/286848076415,https://i.ebayimg.com/images/g/1-kAAeSwI11o2rZ8/s-l500.webp,128 GB,Good,False,Galaxy S22+,,,,,,,,True,,,,,,,
1,Samsung Galaxy S22 Plus 5G 256GB Green Unlocked Very Good Condition,$249.99,2025-09-27,https://www.ebay.com/itm/297312573838,https://i.ebayimg.com/images/g/1WkAAeSwCupo2qHS/s-l500.webp,256 GB,Very Good,False,Galaxy S22+,,,,,,,,True,,,,,,,
1,Samsung Galaxy S22+Plus - 128GB - Green - Fully Unlocked 5G (Good),$169.99,2025-09-26,https://www.ebay.com/itm/267374395646,https://i.ebayimg.com/images/g/VNIAAOSwSItoOOK7/s-l500.webp,128 GB,Good,False,Galaxy S22+,,,,,,,,True,,,,,,,
1,Samsung Galaxy S22 Plus SM-S906U - 128GB - Black (Unlocked) - Very Good Cond.,$199.99,2025-09-24,https://www.ebay.com/itm/306515122693,https://i.ebayimg.com/images/g/-C0AAeSwbtFoyuC-/s-l500.webp,128 GB,Very Good,False,Galaxy S22+,,,,,,,,True,,,,,,,
1,Samsung Galaxy S22 Plus 5G 256GB Phantom Black Unlocked Good Condition,$219.99,2025-09-22,https://www.ebay.com/itm/297395914757,https://i.ebayimg.com/images/g/lrwAAeSwSoVo2qIm/s-l500.webp,256 GB,Good,False,Galaxy S22+,,,,,,,,True,,,,,,,
1,Samsung Galaxy S22 Plus 5G Black 256GB Unlocked - Very Good w/ Discoloration,$149.99,2025-09-16,https://www.ebay.com/itm/277315097924,https://i.ebayimg.com/images/g/AE4AAeSw6M1olh3z/s-l500.webp,256 GB,Very Good,False,Galaxy S22+,,,,,,,,True,,,,,,,
1,Samsung Galaxy S22 Plus 5G 256GB Phantom White Unlocked Good Condition,$219.99,2025-09-14,https://www.ebay.com/itm/286767271203,https://i.ebayimg.com/images/g/6Q0AAeSwgSZo2qGh/s-l500.webp,256 GB,Good,False,Galaxy S22+,,,,,,,,True,,,,,,,
1,Samsung Galaxy S22 Plus SM-S906U - 128GB - Phantom Black (Unlocked) - Good Cond.,$219.99,2025-09-11,https://www.ebay.com/itm/306493880716,https://i.ebayimg.com/images/g/rhwAAeSw3N9ovVwj/s-l500.webp,128 GB,Good,False,Galaxy S22+,,,,,,,,True,,,,,,,
1,Samsung Galaxy S22 Plus Sm-s906 5G Fully Unlocked 128GB - Very Good,$202.00,2025-09-08,https://www.ebay.com/itm/167623615328,https://i.ebayimg.com/images/g/hKAAAeSw0v1om~FV/s-l500.webp,128 GB,Very Good,False,Galaxy S22+,,,,,,,,True,,,,,,,
1,Samsung Galaxy S22 Plus SM-S906U - 128GB - Green (Unlocked) - Very Good Cond.,$188.10,2025-09-03,https://www.ebay.com/itm/306369747524,https://i.ebayimg.com/images/g/IuUAAOSwk1Znf5Cc/s-l500.webp,128 GB,Very Good,False,Galaxy S22+,,,,,,,,True,,,,,,,
1,Samsung Galaxy S22 Plus 5G 256GB Green Unlocked Good Condition,$219.99,2025-08-30,https://www.ebay.com/itm/286628114011,https://i.ebayimg.com/images/g/4fQAAeSwwcVo2qKL/s-l500.webp,256 GB,Good,False,Galaxy S22+,,,,,,,,True,,,,,,,
1,Samsung Galaxy S22 Plus S906 128GB UNLOCKED - Good Black,$174.99,2025-08-28,https://www.ebay.com/itm/116750184105,https://i.ebayimg.com/images/g/pnkAAeSwWhlorJZd/s-l500.webp,128 GB,Good,False,Galaxy S22+,,,,,,,,True,,,,,,,
1,Samsung Galaxy S22 Plus S906U 5G Factory Unlocked - Very Good,$179.99,2025-08-26,https://www.ebay.com/itm/285807829310,https://i.ebayimg.com/images/g/Oi8AAOSwIWFihsKc/s-l500.webp,Unknown,Very Good,False,Galaxy S22+,,,,,,,,True,,,,,,,
1,Samsung Galaxy S22+Plus - 128GB - Green - Fully Unlocked 5G (Good),$169.99,2025-08-08,https://www.ebay.com/itm/267349317171,https://i.ebayimg.com/images/g/VNIAAOSwSItoOOK7/s-l500.webp,128 GB,Good,False,Galaxy S22+,,,,,,,,True,,,,,,,
1,Samsung Galaxy S22 Plus SM-S906U 128GB 8GB Unlocked Green Good Condition,$219.00,2025-08-19,https://www.ebay.com/itm/406142670165,https://i.ebayimg.com/images/g/XOwAAeSwTWhokdCI/s-l500.webp,128 GB,Good,False,Galaxy S22+,,,,,,,,True,,,,,,,
1,Samsung Galaxy S22 Plus - 128 GB - Phantom Black  - Unlocked - Good Refurbished-,$178.00,2025-08-18,https://www.ebay.com/itm/127274500328,https://i.ebayimg.com/images/g/JAwAAeSwmzpoiS8D/s-l500.webp,128 GB,Good,False,Galaxy S22+,,,,,,,,True,,,,,,,
1,Samsung Galaxy S22 Plus 5G Unlocked 128GB SM-S9060 Green Good,$188.99,2025-08-11,https://www.ebay.com/itm/146719890716,https://i.ebayimg.com/images/g/RnAAAeSwz1tofOaC/s-l500.webp,128 GB,Good,False,Galaxy S22+,,,,,,,,True,,,,,,,
1,Samsung Galaxy S22 Plus 5G 128GB Pink Gold Unlocked Very Good Condition,$189.99,2025-08-10,https://www.ebay.com/itm/297527016082,https://i.ebayimg.com/images/g/TeYAAeSwZxJo3ChL/s-l500.webp,128 GB,Very Good,False,Galaxy S22+,,,,,,,,True,,,,,,,
1,Samsung Galaxy S22 Plus 5G Unlocked 128GB SM-S906W Phantom Black Good,$179.99,2025-08-09,https://www.ebay.com/itm/146725413157,https://i.ebayimg.com/images/g/21gAAeSwYcFogHyz/s-l500.webp,128 GB,Good,False,Galaxy S22+,,,,,,,,True,,,,,,,
1,Samsung Galaxy S22 Plus - 128GB 256GB - All Colors - Excellent Condition,$209.00,2025-08-02,https://www.ebay.com/itm/276450687773,https://i.ebayimg.com/images/g/PeIAAOSwVSZmNUm1/s-l500.webp,128 GB,Excellent,False,Galaxy S22+,,,,,,,,True,,,,,,,
1,Samsung Galaxy S22 Plus 5G 128GB Phantom White Unlocked Very Good Condition,$189.99,2025-08-01,https://www.ebay.com/itm/286736988476,https://i.ebayimg.com/images/g/HwAAAeSwV8Jo3Cj3/s-l500.webp,128 GB,Very Good,False,Galaxy S22+,,,,,,,,True,,,,,,,
1,Samsung Galaxy S22 Plus 5G 128GB Green Unlocked - Excellent Condition,$219.99,2025-08-01,https://www.ebay.com/itm/277178161762,https://i.ebayimg.com/images/g/WA8AAOSw~itmdeLo/s-l500.webp,128 GB,Excellent,False,Galaxy S22+,,,,,,,,True,,,,,,,
1,Samsung Galaxy S22 Plus - 128GB 256GB - All Colors - Very Good Condition,$185.00,2025-08-01,https://www.ebay.com/itm/276450689054,https://i.ebayimg.com/images/g/PeIAAOSwVSZmNUm1/s-l500.webp,128 GB,Very Good,False,Galaxy S22+,,,,,,,,True,,,,,,,
1,Samsung Galaxy S23 Plus 256GB Green Unlocked Good Condition,$259.99,2025-10-28,https://www.ebay.com/itm/286695846588,https://i.ebayimg.com/images/g/ugsAAeSwILNn2ch2/s-l500.webp,256 GB,Good,False,Galaxy S23+,,,,,,,,,True,,,,,,
1,Samsung Galaxy S23 Plus 512GB Phantom Black Unlocked Good Condition,$299.99,2025-10-28,https://www.ebay.com/itm/277327561592,https://i.ebayimg.com/images/g/4FYAAeSwlnxo5Ar4/s-l500.webp,512 GB,Good,False,Galaxy S23+,,,,,,,,,True,,,,,,
1,Samsung Galaxy S23 Plus SM-S916U 256GB Unlocked Very Good Condition,$305.18,2025-10-28,https://www.ebay.com/itm/357290692843,https://i.ebayimg.com/images/g/vckAAeSwRbtowxRL/s-l500.webp,256 GB,Very Good,False,Galaxy S23+,,,,,,,,,True,,,,,,
1,Samsung Galaxy S23 Plus S916 256GB Unlocked - Excellent,$309.95,2025-10-27,https://www.ebay.com/itm/387231092932,https://i.ebayimg.com/images/g/Zd8AAOSwT-hmn9ex/s-l500.webp,256 GB,Excellent,False,Galaxy S23+,,,,,,,,,True,,,,,,
1,Samsung Galaxy S23 Plus SM-S916U 512GB Unlocked Very Good Condition,$378.45,2025-10-26,https://www.ebay.com/itm/357295042204,https://i.ebayimg.com/images/g/1cYAAeSwrX1owxPD/s-l500.webp,512 GB,Very Good,False,Galaxy S23+,,,,,,,,,True,,,,,,
1,Samsung Galaxy S23 Plus Sm-s916u Fully Unlocked 256GB - Excellent,$409.00,2025-10-25,https://www.ebay.com/itm/135357114976,https://i.ebayimg.com/images/g/9awAAeSwXZlo7PRq/s-l500.webp,256 GB,Excellent,False,Galaxy S23+,,,,,,,,,True,,,,,,
1,Samsung Galaxy S23 Plus SM-S916U - 256GB - Lavender (Unlocked) - Good Condition,$301.08,2025-10-20,https://www.ebay.com/itm/306529958261,https://i.ebayimg.com/images/g/FVAAAeSwv0lo2kH3/s-l500.webp,256 GB,Good,False,Galaxy S23+,,,,,,,,,True,,,,,,
1,Samsung Galaxy S23 Plus - 512GB - Unlocked - Green - Good,$295.00,2025-10-17,https://www.ebay.com/itm/286819771526,https://i.ebayimg.com/images/g/64UAAeSwqwpoxn37/s-l500.webp,512 GB,Good,False,Galaxy S23+,,,,,,,,,True,,,,,,
1,Samsung Galaxy S23 Plus 256GB Phantom Black Unlocked Very Good Condition,$319.99,2025-10-17,https://www.ebay.com/itm/297130783108,https://i.ebayimg.com/images/g/0jcAAeSwLaRn2y41/s-l500.webp,256 GB,Very Good,False,Galaxy S23+,,,,,,,,,True,,,,,,
1,Samsung Galaxy S23 Plus SM-S916U 256GB Unlocked Excellent Condition,$366.38,2025-10-17,https://www.ebay.com/itm/357290610300,https://i.ebayimg.com/images/g/BMEAAeSwFd9owxgl/s-l500.webp,256 GB,Excellent,False,Galaxy S23+,,,,,,,,,True,,,,,,
1,Samsung Galaxy S23 Plus 256GB Green Unlocked Very Good Condition,$304.99,2025-10-16,https://www.ebay.com/itm/286728301132,https://i.ebayimg.com/images/g/x1MAAeSwAupo8FVK/s-l500.webp,256 GB,Very Good,False,Galaxy S23+,,,,,,,,,True,,,,,,
1,Samsung Galaxy S23 Plus SM-S916U 512GB Unlocked Excellent Condition,$421.59,2025-10-12,https://www.ebay.com/itm/357290712497,https://i.ebayimg.com/images/g/7HsAAeSwhvtowxd3/s-l500.webp,512 GB,Excellent,False,Galaxy S23+,,,,,,,,,True,,,,,,
1,Samsung Galaxy S23 Plus 512GB - Black - Network Unlocked - Very Good,$319.99,2025-10-09,https://www.ebay.com/itm/197759902762,https://i.ebayimg.com/images/g/1RwAAeSw7HtoyvDU/s-l500.webp,512 GB,Very Good,False,Galaxy S23+,,,,,,,,,True,,,,,,
1,Samsung Galaxy S23 Plus 512GB Phantom Black Unlocked Excellent Condition,$349.99,2025-10-08,https://www.ebay.com/itm/297379289744,https://i.ebayimg.com/images/g/wL8AAeSw3VFoyvzy/s-l500.webp,512 GB,Excellent,False,Galaxy S23+,,,,,,,,,True,,,,,,
1,Samsung Galaxy S23 Plus 512GB Phantom Black Unlocked Very Good Condition,$349.99,2025-10-07,https://www.ebay.com/itm/297170760205,https://i.ebayimg.com/images/g/NOUAAeSw6wpo8FSi/s-l500.webp,512 GB,Very Good,False,Galaxy S23+,,,,,,,,,True,,,,,,
1,Samsung Galaxy S23 Plus SM-S916U - 512GB - Green (Unlocked) - Good Condition,$310.49,2025-10-04,https://www.ebay.com/itm/306462310310,https://i.ebayimg.com/images/g/2goAAOSweTVoQALH/s-l500.webp,512 GB,Good,False,Galaxy S23+,,,,,,,,,True,,,,,,
1,Samsung Galaxy S23 Plus S916U 256GB Lavender (Unlocked) - Open Box,$338.99,2025-09-24,https://www.ebay.com/itm/157308887860,https://i.ebayimg.com/images/g/uMwAAeSwuqFowIAC/s-l500.webp,256 GB,Unknown,False,Galaxy S23+,,,,,,,,,True,,,,,,
1,Samsung Galaxy S23 Plus SM-S916U - 512GB Green (Unlocked) - Very Good Condition,$339.99,2025-09-25,https://www.ebay.com/itm/306462312962,https://i.ebayimg.com/images/g/ReoAAeSw8OVooDlg/s-l500.webp,512 GB,Very Good,False,Galaxy S23+,,,,,,,,,True,,,,,,
1,Samsung Galaxy S23 Plus - 256GB 512GB - All Colors - Very Good Condition,$289.00,2025-09-17,https://www.ebay.com/itm/285843168295,https://i.ebayimg.com/images/g/y~cAAOSwIHNmNWH2/s-l500.webp,256 GB,Very Good,False,Galaxy S23+,,,,,,,,,True,,,,,,
1,Samsung Galaxy S23 Plus S916 256GB Unlocked - Good,$271.95,2025-09-13,https://www.ebay.com/itm/365461029639,https://i.ebayimg.com/images/g/Zd8AAOSwT-hmn9ex/s-l500.webp,256 GB,Good,False,Galaxy S23+,,,,,,,,,True,,,,,,
1,Samsung Galaxy S23 Plus SM-S916U - 256GB - Phantom Black (Unlocked) - Good Cond.,$289.99,2025-09-13,https://www.ebay.com/itm/306388479788,https://i.ebayimg.com/images/g/VP8AAOSwWX5mtep-/s-l500.webp,256 GB,Good,False,Galaxy S23+,,,,,,,,,True,,,,,,
1,Samsung Galaxy S23 Plus 256GB Phantom Black Unlocked Good Condition,$279.99,2025-09-13,https://www.ebay.com/itm/276562678836,https://i.ebayimg.com/images/g/GJcAAOSwRNpmnsQz/s-l500.webp,256 GB,Good,False,Galaxy S23+,,,,,,,,,True,,,,,,
1,Samsung Galaxy S23 Plus - Unlocked - Lavender - 256GB - Good,$265.00,2025-09-12,https://www.ebay.com/itm/286361656057,https://i.ebayimg.com/images/g/PAwAAOSwUxBnUNAT/s-l500.webp,256 GB,Good,False,Galaxy S23+,,,,,,,,,True,,,,,,
1,Samsung Galaxy S23 Plus - Unlocked - Phantom Black - 512GB - Good,$295.00,2025-09-11,https://www.ebay.com/itm/286548671913,https://i.ebayimg.com/images/g/HSUAAOSw26dkS98C/s-l500.webp,512 GB,Good,False,Galaxy S23+,,,,,,,,,True,,,,,,
1,Samsung Galaxy S23 Plus 256GB Lavender Unlocked Very Good Condition,$349.99,2025-09-07,https://www.ebay.com/itm/286708384186,https://i.ebayimg.com/images/g/xn4AAeSwfQhoycg4/s-l500.webp,256 GB,Very Good,False,Galaxy S23+,,,,,,,,,True,,,,,,
1,Samsung Galaxy S23 Plus SM-S916B/DS - 512GB Green (Unlocked) - Very Good Cond.,$379.99,2025-08-29,https://www.ebay.com/itm/306450757450,https://i.ebayimg.com/images/g/-UQAAeSw~NdolGie/s-l500.webp,512 GB,Very Good,False,Galaxy S23+,,,,,,,,,True,,,,,,
1,Samsung Galaxy S23 Plus SM-S916U 512GB UNLOCKED Excellent Condition Purple,$347.99,2025-08-25,https://www.ebay.com/itm/116750175007,https://i.ebayimg.com/images/g/vIEAAeSwvnForJBo/s-l500.webp,512 GB,Excellent,False,Galaxy S23+,,,,,,,,,True,,,,,,
1,Samsung Galaxy S23 Plus 512GB Green Unlocked Excellent Condition,$369.99,2025-08-23,https://www.ebay.com/itm/277327580113,https://i.ebayimg.com/images/g/BGAAAeSw9OJo8FUG/s-l500.webp,512 GB,Excellent,False,Galaxy S23+,,,,,,,,,True,,,,,,
1,Samsung Galaxy S23 Plus SM-S916B/DS - 256GB - Lavender (Unlocked) - Good Condit.,$325.99,2025-08-15,https://www.ebay.com/itm/306436958715,https://i.ebayimg.com/images/g/Vu0AAeSws5BolQC9/s-l500.webp,256 GB,Good,False,Galaxy S23+,,,,,,,,,True,,,,,,
1,Samsung Galaxy S23 Plus - Unlocked - Cream - 256GB - Good,$265.00,2025-08-09,https://www.ebay.com/itm/276818875207,https://i.ebayimg.com/images/g/CasAAOSwirxnPkrr/s-l500.webp,256 GB,Good,False,Galaxy S23+,,,,,,,,,True,,,,,,
1,Samsung Galaxy S23 Plus - 256GB - Unlocked - Green - Good,$265.00,2025-08-06,https://www.ebay.com/itm/286257717930,https://i.ebayimg.com/images/g/tl0AAOSw9uFnZKK9/s-l500.webp,256 GB,Good,False,Galaxy S23+,,,,,,,,,True,,,,,,
1,Samsung Galaxy S23 Plus - 256GB - Unlocked - Phantom Black - Excellent,$309.00,2025-08-06,https://www.ebay.com/itm/276775740537,https://i.ebayimg.com/images/g/HSUAAOSw26dkS98C/s-l500.webp,256 GB,Excellent,False,Galaxy S23+,,,,,,,,,True,,,,,,
1,Samsung Galaxy S23 Plus SM-S916U - 256GB - Lavender (Unlocked) - Very Good Cond.,$339.99,2025-08-04,https://www.ebay.com/itm/306369860284,https://i.ebayimg.com/images/g/1GMAAOSwZhpnyFSC/s-l500.webp,256 GB,Very Good,False,Galaxy S23+,,,,,,,,,True,,,,,,
1,Samsung Galaxy S23 Plus 256GB Cream Unlocked Good Condition,$279.99,2025-08-01,https://www.ebay.com/itm/277300622241,https://i.ebayimg.com/images/g/CiEAAeSwXL5o8FTU/s-l500.webp,256 GB,Good,False,Galaxy S23+,,,,,,,,,True,,,,,,
1,Samsung Galaxy S24 Plus Fully Unlocked 6.7in  256GB - Very Good,$429.00,2025-10-27,https://www.ebay.com/itm/136234028196,https://i.ebayimg.com/images/g/tG8AAeSwXcto3UC6/s-l500.webp,256 GB,Very Good,False,Galaxy S24+,,,,,,,,,,True,,,,,
1,Samsung Galaxy S24 Plus - Unlocked 256GB Jade Green - Very Good,$429.00,2025-10-26,https://www.ebay.com/itm/277442488902,https://i.ebayimg.com/images/g/U2sAAeSwtM5o7d90/s-l500.webp,256 GB,Very Good,False,Galaxy S24+,,,,,,,,,,True,,,,,
1,Unlocked Samsung Galaxy S24 Plus 5G - 256GB - Cobalt Violet - SM-S926UZVAXAA,$539.99,2025-01-06,https://www.ebay.com/itm/176597745445,https://i.ebayimg.com/images/g/isYAAOSwsotm9Z3C/s-l500.webp,256 GB,Unknown,False,Galaxy S24+,,,,,,,,,,True,,,,,
1,Samsung Galaxy S24 Plus SM-S926U - 256GB - Onyx Black (Unlocked) - Very Good,$439.99,2025-10-25,https://www.ebay.com/itm/306471931598,https://i.ebayimg.com/images/g/picAAOSwQj1nK1yF/s-l500.webp,256 GB,Very Good,False,Galaxy S24+,,,,,,,,,,True,,,,,
1,Samsung Galaxy S24 Plus - Fully Unlocked - 256GB - 6.7in - Excellent,$466.00,2025-10-25,https://www.ebay.com/itm/167509499672,https://i.ebayimg.com/images/g/JdEAAeSwn5Zo2r9Z/s-l500.webp,256 GB,Excellent,False,Galaxy S24+,,,,,,,,,,True,,,,,
1,Samsung Galaxy S24 Plus - Unlocked 256GB Onyx Black - Very Good,$429.00,2025-10-23,https://www.ebay.com/itm/286150665667,https://i.ebayimg.com/images/g/F5AAAOSwbKtmw8Fr/s-l500.webp,256 GB,Very Good,False,Galaxy S24+,,,,,,,,,,True,,,,,
1,Samsung Galaxy S24 Plus 512GB Marble Gray Unlocked Good Condition,$499.99,2025-10-21,https://www.ebay.com/itm/277275324282,https://i.ebayimg.com/images/g/PQUAAeSwdx9oycj2/s-l500.webp,512 GB,Good,False,Galaxy S24+,,,,,,,,,,True,,,,,
1,Samsung Galaxy S24 Plus SM-S926U 512GB Unlocked Very Good Condition,$520.94,2025-10-20,https://www.ebay.com/itm/357600824104,https://i.ebayimg.com/images/g/G6kAAeSwPqNo5~kR/s-l500.webp,512 GB,Very Good,False,Galaxy S24+,,,,,,,,,,True,,,,,
1,Samsung Galaxy S24 Plus - Unlocked - Amber Yellow - 512GB - Very Good,$489.00,2025-10-20,https://www.ebay.com/itm/277447281266,https://i.ebayimg.com/images/g/hwMAAOSwPeJnh9RD/s-l500.webp,512 GB,Very Good,False,Galaxy S24+,,,,,,,,,,True,,,,,
1,Samsung Galaxy S24 Plus SM-S926U1 - 512GB - Orange (Unlocked) - Good Cond.,$399.99,2025-10-15,https://www.ebay.com/itm/306541747355,https://i.ebayimg.com/images/g/RcIAAeSwpGpodOT-/s-l500.webp,512 GB,Good,False,Galaxy S24+,,,,,,,,,,True,,,,,
1,Samsung Galaxy S24 Plus SM-S926U 256GB Unlocked Very Good Condition,$431.91,2025-10-14,https://www.ebay.com/itm/357295187631,https://i.ebayimg.com/images/g/FEwAAeSwuG1owxpx/s-l500.webp,256 GB,Very Good,False,Galaxy S24+,,,,,,,,,,True,,,,,
1,Samsung Galaxy S24 Plus SM-S926U 512GB Unlocked Excellent Condition,$562.22,2025-10-11,https://www.ebay.com/itm/357600794588,https://i.ebayimg.com/images/g/towAAeSw~5Bo5~kr/s-l500.webp,512 GB,Excellent,False,Galaxy S24+,,,,,,,,,,True,,,,,
1,Samsung Galaxy S24 Plus - Unlocked - Sapphire Blue - 256GB - Excellent,$459.00,2025-10-10,https://www.ebay.com/itm/286391196004,https://i.ebayimg.com/images/g/~GoAAOSweeJnMoSw/s-l500.webp,256 GB,Excellent,False,Galaxy S24+,,,,,,,,,,True,,,,,
1,Samsung Galaxy S24 Plus SM-S926U 256GB Unlocked Excellent Condition,$484.60,2025-10-08,https://www.ebay.com/itm/357600845711,https://i.ebayimg.com/images/g/5Y4AAeSwO1NowxiB/s-l500.webp,256 GB,Excellent,False,Galaxy S24+,,,,,,,,,,True,,,,,
1,Unlocked Samsung Galaxy S24 Plus 5G - 256GB - Amber Yellow - SM-S926UZYAXAA,$534.99,2025-04-07,https://www.ebay.com/itm/205397315154,https://i.ebayimg.com/images/g/unAAAOSwkqpn8EQS/s-l500.webp,256 GB,Unknown,False,Galaxy S24+,,,,,,,,,,True,,,,,
1,Samsung Galaxy S24 Plus SM-S926U - 256GB - Violet (Unlocked) - Good Condition,$389.99,2025-10-02,https://www.ebay.com/itm/306378133603,https://i.ebayimg.com/images/g/oX8AAOSwH1xoWrPy/s-l500.webp,256 GB,Good,False,Galaxy S24+,,,,,,,,,,True,,,,,
1,Samsung Galaxy S24 Plus - Unlocked - Amber Yellow - 256GB - Excellent,$459.00,2025-09-20,https://www.ebay.com/itm/286469371825,https://i.ebayimg.com/images/g/hwMAAOSwPeJnh9RD/s-l500.webp,256 GB,Excellent,False,Galaxy S24+,,,,,,,,,,True,,,,,
1,Samsung Galaxy S24 Plus - Unlocked - Jade Green - 256GB - Excellent,$459.00,2025-09-16,https://www.ebay.com/itm/286817916005,https://i.ebayimg.com/images/g/MAcAAOSw9jFnlAzv/s-l500.webp,256 GB,Excellent,False,Galaxy S24+,,,,,,,,,,True,,,,,
1,Samsung Galaxy S24 Plus SM-S926U 256GB CobaltViolet Unlocked Very Good Condition,$469.21,2025-08-28,https://www.ebay.com/itm/356842421109,https://i.ebayimg.com/images/g/e6MAAeSwX8JoEWJ8/s-l500.webp,256 GB,Very Good,False,Galaxy S24+,,,,,,,,,,True,,,,,
1,Samsung Galaxy S24 Plus SM-S926U 512GB Cobalt Violet Unlocked Good Condition,$520.90,2025-08-25,https://www.ebay.com/itm/356846204442,https://i.ebayimg.com/images/g/QPoAAeSwJPtoqJJz/s-l500.webp,512 GB,Good,False,Galaxy S24+,,,,,,,,,,True,,,,,
1,Samsung Galaxy S24 Plus SM-S926U 512GB Onyx Black Unlocked Good Condition,$469.99,2025-09-09,https://www.ebay.com/itm/356846052854,https://i.ebayimg.com/images/g/SRwAAeSwWNpoEqWs/s-l500.webp,512 GB,Good,False,Galaxy S24+,,,,,,,,,,True,,,,,
1,Samsung Galaxy S24 Plus SM-S926U 512GB Amber Yellow Unlocked Good Condition,$520.90,2025-08-19,https://www.ebay.com/itm/356846199643,https://i.ebayimg.com/images/g/SAUAAeSwcOVoErOm/s-l500.webp,512 GB,Good,False,Galaxy S24+,,,,,,,,,,True,,,,,
1,Samsung Galaxy S24 Plus - Unlocked - Marble Gray - 256GB - Excellent,$459.00,2025-09-09,https://www.ebay.com/itm/286364965277,https://i.ebayimg.com/images/g/KFcAAOSwxP9nLQ3Z/s-l500.webp,256 GB,Excellent,False,Galaxy S24+,,,,,,,,,,True,,,,,
1,Samsung Galaxy S24 Plus 256GB Onyx Black Unlocked Very Good Condition,$389.99,2025-09-07,https://www.ebay.com/itm/297376641648,https://i.ebayimg.com/images/g/ViQAAeSwdappAPUu/s-l500.webp,256 GB,Very Good,False,Galaxy S24+,,,,,,,,,,True,,,,,
1,Samsung Galaxy S24 Plus 256GB Cobalt Violet Unlocked Excellent Condition,$419.99,2025-09-01,https://www.ebay.com/itm/277115698647,https://i.ebayimg.com/images/g/pjQAAOSwW4lnDXSv/s-l500.webp,256 GB,Excellent,False,Galaxy S24+,,,,,,,,,,True,,,,,
1,Samsung Galaxy S24 Plus SM-S926U - 512GB - Amber Yellow (Unlocked) - Good Cond.,$489.99,2025-08-30,https://www.ebay.com/itm/306454289260,https://i.ebayimg.com/images/g/QcoAAOSwb5hoJ2a5/s-l500.webp,512 GB,Good,False,Galaxy S24+,,,,,,,,,,True,,,,,
1,Samsung Galaxy S24 Plus - Unlocked - Onyx Black - 256GB - Excellent,$459.00,2025-08-30,https://www.ebay.com/itm/286206939088,https://i.ebayimg.com/images/g/F5AAAOSwbKtmw8Fr/s-l500.webp,256 GB,Excellent,False,Galaxy S24+,,,,,,,,,,True,,,,,
1,Samsung Galaxy S24 Plus SM-S926U1 - 512GB - Orange (Unlocked) - Good Cond.,$499.99,2025-08-17,https://www.ebay.com/itm/306454289446,https://i.ebayimg.com/images/g/bk8AAeSwYNZodPWG/s-l500.webp,512 GB,Good,False,Galaxy S24+,,,,,,,,,,True,,,,,
1,Samsung Galaxy S24 Plus 512GB Cobalt Violet Unlocked Excellent Condition,$599.99,2025-08-15,https://www.ebay.com/itm/297010854733,https://i.ebayimg.com/images/g/YGgAAOSw0epmoWXI/s-l500.webp,512 GB,Excellent,False,Galaxy S24+,,,,,,,,,,True,,,,,
1,Samsung Galaxy S24 Plus - Unlocked - Marble Gray - 512GB - Excellent,$545.00,2025-08-11,https://www.ebay.com/itm/276773370908,https://i.ebayimg.com/images/g/KFcAAOSwxP9nLQ3Z/s-l500.webp,512 GB,Excellent,False,Galaxy S24+,,,,,,,,,,True,,,,,
1,Samsung Galaxy S24 Plus - Unlocked - Jade Green - 512GB - Very Good,$489.00,2025-08-01,https://www.ebay.com/itm/277298811101,https://i.ebayimg.com/images/g/MAcAAOSw9jFnlAzv/s-l500.webp,512 GB,Very Good,False,Galaxy S24+,,,,,,,,,,True,,,,,
1,Samsung Galaxy S25 Plus 256GB Unlocked Navy SM-S936U1 Cell Phone Excellent,$569.95,2025-10-28,https://www.ebay.com/itm/146605832851,https://i.ebayimg.com/images/g/8M8AAOSw6-1oM7-W/s-l500.webp,256 GB,Excellent,False,Galaxy S25+,,,,,,,,,,,True,,,,
1,Samsung Galaxy S25 Plus 256GB Silver Shadow Unlocked Very Good Condition,$569.99,2025-10-28,https://www.ebay.com/itm/277315048428,https://i.ebayimg.com/images/g/SF8AAeSwwatoycr9/s-l500.webp,256 GB,Very Good,False,Galaxy S25+,,,,,,,,,,,True,,,,
1,Samsung Galaxy S25 Plus 256GB Unlocked Silver Shadow SM-S936U Excellent,$619.95,2025-10-25,https://www.ebay.com/itm/406300907642,https://i.ebayimg.com/images/g/d58AAeSwCupo86Ua/s-l500.webp,256 GB,Excellent,False,Galaxy S25+,,,,,,,,,,,True,,,,
1,Samsung Galaxy S25 Plus 256GB Unlocked Mint  SM-S936U1 Excellent,$594.99,2025-10-25,https://www.ebay.com/itm/127418022083,https://i.ebayimg.com/images/g/ubEAAeSw8hNo5WVv/s-l500.webp,256 GB,Excellent,False,Galaxy S25+,,,,,,,,,,,True,,,,
1,Samsung Galaxy S25 Plus 256GB Navy Unlocked Excellent Condition,$574.99,2025-10-22,https://www.ebay.com/itm/286699406118,https://i.ebayimg.com/images/g/jFwAAeSwvKpn5Ch8/s-l500.webp,256 GB,Excellent,False,Galaxy S25+,,,,,,,,,,,True,,,,
1,Samsung Galaxy S25 Plus - Unlocked - Icy Blue - 256GB - Excellent,$585.00,2025-10-21,https://www.ebay.com/itm/277093754332,https://i.ebayimg.com/images/g/BcwAAOSwaR9oG6px/s-l500.webp,256 GB,Excellent,False,Galaxy S25+,,,,,,,,,,,True,,,,
1,Samsung Galaxy S25 Plus SM-S936U - 256GB - Silver (Unlocked) - Very Good,$559.99,2025-10-21,https://www.ebay.com/itm/306557688295,https://i.ebayimg.com/images/g/yAUAAeSwwiVobqmR/s-l500.webp,256 GB,Very Good,False,Galaxy S25+,,,,,,,,,,,True,,,,
1,"Samsung Galaxy S25 Plus 5G (256GB, 12GB) 6.7"" Factory Unlocked US Model S936U1",$587.99,2025-09-03,https://www.ebay.com/itm/146782259799,https://i.ebayimg.com/images/g/FlUAAeSwSkhopPiN/s-l500.webp,256 GB,Unknown,False,Galaxy S25+,,,,,,,,,,,True,,,,
1,Samsung Galaxy S25 Plus Fully Unlocked All Colors 256GB - 6.7in - Excellent,$590.00,2025-10-13,https://www.ebay.com/itm/146729929314,https://i.ebayimg.com/images/g/aj0AAeSwUW1o5mO7/s-l500.webp,256 GB,Excellent,False,Galaxy S25+,,,,,,,,,,,True,,,,
1,Samsung Galaxy S25 Plus 256GB Navy Unlocked Very Good Condition,$559.99,2025-10-06,https://www.ebay.com/itm/297583486275,https://i.ebayimg.com/images/g/C0AAAeSw0Kto-Rd-/s-l500.webp,256 GB,Very Good,False,Galaxy S25+,,,,,,,,,,,True,,,,
1,Samsung Galaxy S25 Plus - Unlocked - Blue Black - 512GB - Excellent,$669.00,2025-10-06,https://www.ebay.com/itm/277054254803,https://i.ebayimg.com/images/g/E5AAAOSwUJBoBoYN/s-l500.webp,512 GB,Excellent,False,Galaxy S25+,,,,,,,,,,,True,,,,
1,Samsung Galaxy S25 Plus - Unlocked - Silver Shadow - 256GB - Excellent,$585.00,2025-10-04,https://www.ebay.com/itm/286601812420,https://i.ebayimg.com/images/g/JlYAAOSws21nz1FU/s-l500.webp,256 GB,Excellent,False,Galaxy S25+,,,,,,,,,,,True,,,,
1,"Samsung Galaxy S25 Plus 5G (512GB, 12GB) 6.7"" Factory Unlocked US Model S936U1",$783.99,2025-07-05,https://www.ebay.com/itm/156962637756,https://i.ebayimg.com/images/g/UXYAAeSwgOZoGlgy/s-l500.webp,512 GB,Unknown,False,Galaxy S25+,,,,,,,,,,,True,,,,
1,Samsung Galaxy S25 Plus 256GB Icy Blue Unlocked Excellent Condition,$589.99,2025-09-26,https://www.ebay.com/itm/297158611339,https://i.ebayimg.com/images/g/MlUAAeSwu9xo8ajX/s-l500.webp,256 GB,Excellent,False,Galaxy S25+,,,,,,,,,,,True,,,,
1,Samsung Galaxy S25 Plus - Unlocked - Silver Shadow - 512GB - Excellent,$669.00,2025-09-24,https://www.ebay.com/itm/286722427526,https://i.ebayimg.com/images/g/JlYAAOSws21nz1FU/s-l500.webp,512 GB,Excellent,False,Galaxy S25+,,,,,,,,,,,True,,,,
1,Samsung Galaxy S25 Plus - Unlocked - Navy - 256GB - Excellent,$585.00,2025-09-22,https://www.ebay.com/itm/276987157394,https://i.ebayimg.com/images/g/0UMAAOSwh6Fn3Imq/s-l500.webp,256 GB,Excellent,False,Galaxy S25+,,,,,,,,,,,True,,,,
1,Samsung Galaxy S25 Plus 256GB Icy Blue Unlocked Very Good Condition,$579.99,2025-09-22,https://www.ebay.com/itm/277222460055,https://i.ebayimg.com/images/g/PcAAAeSwhk9o8alY/s-l500.webp,256 GB,Very Good,False,Galaxy S25+,,,,,,,,,,,True,,,,
1,Samsung Galaxy S25 Plus 256GB Silver Shadow Unlocked Good Condition,$559.99,2025-09-19,https://www.ebay.com/itm/277359323157,https://i.ebayimg.com/images/g/SOsAAeSwYrBo8akR/s-l500.webp,256 GB,Good,False,Galaxy S25+,,,,,,,,,,,True,,,,
1,Samsung Galaxy S25 Plus - Unlocked - Coralred - 512GB - Very Good,$645.00,2025-09-17,https://www.ebay.com/itm/286730402557,https://i.ebayimg.com/images/g/4H0AAeSwqhNoXsZq/s-l500.webp,512 GB,Very Good,False,Galaxy S25+,,,,,,,,,,,True,,,,
1,Samsung Galaxy S25 Plus - Unlocked - Mint - 256GB - Very Good,$559.00,2025-09-16,https://www.ebay.com/itm/277377660438,https://i.ebayimg.com/images/g/5I8AAOSwLWBn-AR1/s-l500.webp,256 GB,Very Good,False,Galaxy S25+,,,,,,,,,,,True,,,,
1,Samsung Galaxy S25 Plus 256GB Silver Shadow Unlocked Excellent Condition,$629.99,2025-09-14,https://www.ebay.com/itm/276936240120,https://i.ebayimg.com/images/g/BgAAAeSwmZ1nzx8L/s-l500.webp,256 GB,Excellent,False,Galaxy S25+,,,,,,,,,,,True,,,,
1,Samsung Galaxy S25 Plus - Unlocked - Navy - 512GB - Excellent,$669.00,2025-09-12,https://www.ebay.com/itm/277074119474,https://i.ebayimg.com/images/g/0UMAAOSwh6Fn3Imq/s-l500.webp,512 GB,Excellent,False,Galaxy S25+,,,,,,,,,,,True,,,,
1,Samsung Galaxy S25 Plus 512GB Mint Unlocked Very Good Condition,$699.99,2025-09-09,https://www.ebay.com/itm/297599377256,https://i.ebayimg.com/images/g/qMAAAeSwKQRo8akZ/s-l500.webp,512 GB,Very Good,False,Galaxy S25+,,,,,,,,,,,True,,,,
1,Samsung Galaxy S25 Plus 512GB Mint Unlocked Excellent Condition,$699.99,2025-09-01,https://www.ebay.com/itm/277352303757,https://i.ebayimg.com/images/g/Pz8AAeSwXXho58fr/s-l500.webp,512 GB,Excellent,False,Galaxy S25+,,,,,,,,,,,True,,,,
1,Samsung Galaxy S25 Plus - Unlocked - Navy - 256GB - Very Good,$559.00,2025-08-27,https://www.ebay.com/itm/276964673538,https://i.ebayimg.com/images/g/0UMAAOSwh6Fn3Imq/s-l500.webp,256 GB,Very Good,False,Galaxy S25+,,,,,,,,,,,True,,,,
1,Samsung Galaxy S25 Plus - Unlocked - Coralred - 512GB - Excellent,$669.00,2025-08-22,https://www.ebay.com/itm/277237529722,https://i.ebayimg.com/images/g/4H0AAeSwqhNoXsZq/s-l500.webp,512 GB,Excellent,False,Galaxy S25+,,,,,,,,,,,True,,,,
1,Samsung Galaxy S25 Plus - Unlocked - Blue Black - 256GB - Good,$529.00,2025-08-20,https://www.ebay.com/itm/286722426269,https://i.ebayimg.com/images/g/lPUAAOSwjFln9~42/s-l500.webp,256 GB,Good,False,Galaxy S25+,,,,,,,,,,,True,,,,
1,Samsung Galaxy S25 Plus 512GB Blueblack Unlocked Excellent Condition,$749.99,2025-08-14,https://www.ebay.com/itm/297291089647,https://i.ebayimg.com/images/g/sPEAAeSwEyxoycL4/s-l500.webp,512 GB,Excellent,False,Galaxy S25+,,,,,,,,,,,True,,,,
1,Samsung Galaxy S25 Plus - Unlocked - Navy - 256GB - Good,$529.00,2025-08-11,https://www.ebay.com/itm/286681759208,https://i.ebayimg.com/images/g/0UMAAOSwh6Fn3Imq/s-l500.webp,256 GB,Good,False,Galaxy S25+,,,,,,,,,,,True,,,,
1,Samsung Galaxy S22 Ultra 128GB S908U Unlocked - Good,$250.99,2025-10-29,https://www.ebay.com/itm/256412927142,https://i.ebayimg.com/images/g/SrcAAeSwd1loL7rV/s-l500.webp,128 GB,Good,False,Galaxy S22 Ultra,,,,,,,,,,,,True,,,
1,Samsung Galaxy S22 Ultra 512GB S908U Unlocked - Good,$298.99,2025-10-29,https://www.ebay.com/itm/256497629590,https://i.ebayimg.com/images/g/0woAAeSwEFRoL1Ke/s-l500.webp,512 GB,Good,False,Galaxy S22 Ultra,,,,,,,,,,,,True,,,
1,Samsung Galaxy S22 Ultra 512GB Unlocked ATT T-Mobile Verizon Excellent Condition,$376.95,2025-10-29,https://www.ebay.com/itm/306175185652,https://i.ebayimg.com/images/g/96kAAOSwQDdn4arP/s-l500.webp,512 GB,Excellent,False,Galaxy S22 Ultra,,,,,,,,,,,,True,,,
1,Samsung Galaxy S22 Ultra 512GB S908U Unlocked - Very Good,$325.99,2025-10-29,https://www.ebay.com/itm/256483219243,https://i.ebayimg.com/images/g/yTQAAeSwKCRoL7rq/s-l500.webp,512 GB,Very Good,False,Galaxy S22 Ultra,,,,,,,,,,,,True,,,
1,Samsung Galaxy S22 Ultra SM-S908U1 Unlocked 128GB Phantom Black Good,$269.99,2025-10-28,https://www.ebay.com/itm/176490035899,https://i.ebayimg.com/images/g/qW4AAOSwj61mouUK/s-l500.webp,128 GB,Good,False,Galaxy S22 Ultra,,,,,,,,,,,,True,,,
1,Samsung Galaxy S22 Ultra 128GB S908U Unlocked - Very Good,$263.99,2025-10-28,https://www.ebay.com/itm/256363270963,https://i.ebayimg.com/images/g/rQcAAeSwKdVoL7o7/s-l500.webp,128 GB,Very Good,False,Galaxy S22 Ultra,,,,,,,,,,,,True,,,
1,Samsung Galaxy S22 Ultra 128GB S908U Unlocked - Excellent,$278.99,2025-10-28,https://www.ebay.com/itm/256363262192,https://i.ebayimg.com/images/g/yXQAAeSwN2JoL5bK/s-l500.webp,128 GB,Excellent,False,Galaxy S22 Ultra,,,,,,,,,,,,True,,,
1,Samsung Galaxy S22 Ultra 256GB S908U Unlocked - Very Good,$297.99,2025-10-28,https://www.ebay.com/itm/256483219323,https://i.ebayimg.com/images/g/IYwAAeSwAMdoN4JM/s-l500.webp,256 GB,Very Good,False,Galaxy S22 Ultra,,,,,,,,,,,,True,,,
1,Samsung Galaxy S22 Ultra 256GB S908U Unlocked - Good,$279.99,2025-10-28,https://www.ebay.com/itm/256459409583,https://i.ebayimg.com/images/g/PVEAAeSwf21oL2S-/s-l500.webp,256 GB,Good,False,Galaxy S22 Ultra,,,,,,,,,,,,True,,,
1,Samsung Galaxy S22 Ultra 128GB 256GB S908U Unlocked Smartphone - Good,$249.99,2025-10-28,https://www.ebay.com/itm/157238959320,https://i.ebayimg.com/images/g/VA0AAeSwGw1om2wY/s-l500.webp,128 GB,Good,False,Galaxy S22 Ultra,,,,,,,,,,,,True,,,
1,Samsung Galaxy S22 Ultra 256GB S908U Unlocked - Excellent,$316.99,2025-10-28,https://www.ebay.com/itm/256483219301,https://i.ebayimg.com/images/g/MiYAAeSwtIpoL0-7/s-l500.webp,256 GB,Excellent,False,Galaxy S22 Ultra,,,,,,,,,,,,True,,,
1,Samsung Galaxy S22 Ultra 128GB [SM-S908U] Phantom Black (Unlocked) 5197 ⚠️READ⚠️,$259.99,2025-05-01,https://www.ebay.com/itm/116580190210,https://i.ebayimg.com/images/g/4yQAAOSwN0RoEB7R/s-l500.webp,128 GB,Unknown,False,Galaxy S22 Ultra,,,,,,,,,,,,True,,,
1,Samsung Galaxy S22 Ultra 256GB (Unlocked) - Phantom Black,$339.98,2025-10-28,https://www.ebay.com/itm/146925883895,https://i.ebayimg.com/images/g/BY4AAeSwdndpARir/s-l500.webp,256 GB,Unknown,False,Galaxy S22 Ultra,,,,,,,,,,,,True,,,
1,Samsung Galaxy S22 Ultra 128GB Unlocked AT&T T-Mobile Verizon Good Condition,$260.95,2025-10-28,https://www.ebay.com/itm/306175185491,https://i.ebayimg.com/images/g/OcIAAOSwTp9n4arE/s-l500.webp,128 GB,Good,False,Galaxy S22 Ultra,,,,,,,,,,,,True,,,
1,Samsung Galaxy S22 Ultra S908U Unlocked T-Mobile AT&T Mint Verizon 256GB 512GB,$225.59,2025-10-28,https://www.ebay.com/itm/286836639200,https://i.ebayimg.com/images/g/i1UAAOSwcx5oE6xD/s-l500.webp,256 GB,Unknown,False,Galaxy S22 Ultra,,,,,,,,,,,,True,,,
1,Samsung Galaxy S22 Ultra S908 128GB Unlocked - Excellent,$313.95,2025-10-28,https://www.ebay.com/itm/406309146295,https://i.ebayimg.com/images/g/TtcAAOSwgkBmln8M/s-l500.webp,128 GB,Excellent,False,Galaxy S22 Ultra,,,,,,,,,,,,True,,,
1,Samsung Galaxy S22 Ultra S908 128GB Unlocked - Very Good,$298.95,2025-10-28,https://www.ebay.com/itm/389125696190,https://i.ebayimg.com/images/g/TtcAAOSwgkBmln8M/s-l500.webp,128 GB,Very Good,False,Galaxy S22 Ultra,,,,,,,,,,,,True,,,
1,Samsung Galaxy S22 Ultra 256GB (Unlocked) - Burgundy,$299.98,2025-10-28,https://www.ebay.com/itm/317454835800,https://i.ebayimg.com/images/g/oVwAAeSwdjNpAQCL/s-l500.webp,256 GB,Unknown,False,Galaxy S22 Ultra,,,,,,,,,,,,True,,,
1,Samsung Galaxy S22 Ultra 256GB (Unlocked) - Green,$319.98,2025-10-28,https://www.ebay.com/itm/317476087495,https://i.ebayimg.com/images/g/0gUAAeSwtTRpAQrQ/s-l500.webp,256 GB,Unknown,False,Galaxy S22 Ultra,,,,,,,,,,,,True,,,
1,Samsung Galaxy S22 Ultra 128GB Unlocked ATT T-Mobile Verizon Very Good Condition,$273.95,2025-10-28,https://www.ebay.com/itm/306161970651,https://i.ebayimg.com/images/g/G~sAAOSwv45n4apr/s-l500.webp,128 GB,Very Good,False,Galaxy S22 Ultra,,,,,,,,,,,,True,,,
1,Samsung Galaxy S22 Ultra 128GB Unlocked ATT T-Mobile Verizon Excellent Condition,$302.95,2025-10-28,https://www.ebay.com/itm/306164733587,https://i.ebayimg.com/images/g/7fgAAOSwav5n4aqh/s-l500.webp,128 GB,Excellent,False,Galaxy S22 Ultra,,,,,,,,,,,,True,,,
1,Samsung Galaxy S22 Ultra 256GB (Unlocked) - Phantom Black,$299.95,2025-10-28,https://www.ebay.com/itm/316831097582,https://i.ebayimg.com/images/g/tyoAAeSwwINpAQv~/s-l500.webp,256 GB,Unknown,False,Galaxy S22 Ultra,,,,,,,,,,,,True,,,
1,Samsung Galaxy S22 Ultra 512GB (Unlocked) - Sky Blue,$339.98,2025-10-28,https://www.ebay.com/itm/146925835555,https://i.ebayimg.com/images/g/qRoAAeSwEGlpAQ3L/s-l500.webp,512 GB,Unknown,False,Galaxy S22 Ultra,,,,,,,,,,,,True,,,
1,Samsung Galaxy S22 Ultra 5G SMS908U 256GB Unlocked Excellent Condition,$301.84,2025-10-28,https://www.ebay.com/itm/357352753667,https://i.ebayimg.com/images/g/d7UAAeSw3xpog6Aw/s-l500.webp,256 GB,Excellent,False,Galaxy S22 Ultra,,,,,,,,,,,,True,,,
1,Samsung Galaxy S22 Ultra 256GB (Unlocked) - Red,$299.98,2025-10-28,https://www.ebay.com/itm/317475814991,https://i.ebayimg.com/images/g/RoUAAeSw0ndpAPJS/s-l500.webp,256 GB,Unknown,False,Galaxy S22 Ultra,,,,,,,,,,,,True,,,
1,"Samsung Galaxy S22 Ultra 5G SM-S908U 128GB GSM/CDMA FACTORY UNLOCKED ""Good""",$279.88,2025-10-27,https://www.ebay.com/itm/364640804479,https://i.ebayimg.com/images/g/QeMAAOSwhyNlhbIA/s-l500.webp,128 GB,Good,False,Galaxy S22 Ultra,,,,,,,,,,,,True,,,
1,Samsung Galaxy S22 Ultra 256GB Unlocked ATT T-Mobile Verizon Excellent Condition,$349.95,2025-10-27,https://www.ebay.com/itm/297092383729,https://i.ebayimg.com/images/g/9ZYAAOSwqDFn4aqs/s-l500.webp,256 GB,Excellent,False,Galaxy S22 Ultra,,,,,,,,,,,,True,,,
1,Samsung Galaxy S22 Ultra 5G - 128GB Black (UNLOCKED) [SM-S908U] Very Good Refurb,$292.99,2025-10-27,https://www.ebay.com/itm/146898418977,https://i.ebayimg.com/images/g/X4wAAOSwtqFkwpn5/s-l500.webp,128 GB,Very Good,False,Galaxy S22 Ultra,,,,,,,,,,,,True,,,
1,Samsung Galaxy S22 Ultra 512GB S908U Unlocked - Excellent,$354.99,2025-10-27,https://www.ebay.com/itm/256483219229,https://i.ebayimg.com/images/g/E1IAAeSwsuRoL5bL/s-l500.webp,512 GB,Excellent,False,Galaxy S22 Ultra,,,,,,,,,,,,True,,,
1,Samsung Galaxy S22 Ultra 128GB (Unlocked) - Burgundy,$299.98,2025-10-27,https://www.ebay.com/itm/146924041749,https://i.ebayimg.com/images/g/cBkAAeSwNE9o~9CR/s-l500.webp,128 GB,Unknown,False,Galaxy S22 Ultra,,,,,,,,,,,,True,,,
1,Samsung Galaxy S22 Ultra 512GB (Unlocked) - Graphite,$339.98,2025-10-27,https://www.ebay.com/itm/317472252528,https://i.ebayimg.com/images/g/uX8AAeSww4lo~~sE/s-l500.webp,512 GB,Unknown,False,Galaxy S22 Ultra,,,,,,,,,,,,True,,,
1,Samsung Galaxy S22 Ultra SM-S908U 512GB Unlocked Very Good Condition,$398.90,2025-10-27,https://www.ebay.com/itm/357600904207,https://i.ebayimg.com/images/g/8EoAAeSwUuBowxgv/s-l500.webp,512 GB,Very Good,False,Galaxy S22 Ultra,,,,,,,,,,,,True,,,
1,Samsung Galaxy S22 Ultra 256GB (Unlocked) - Phantom White,$359.95,2025-10-27,https://www.ebay.com/itm/365411513994,https://i.ebayimg.com/images/g/eg4AAeSwtLJpATDp/s-l500.webp,256 GB,Unknown,False,Galaxy S22 Ultra,,,,,,,,,,,,True,,,
1,Samsung Galaxy S22 Ultra 256GB Unlocked ATT T-Mobile Verizon Very Good Condition,$307.95,2025-10-27,https://www.ebay.com/itm/297088937845,https://i.ebayimg.com/images/g/CgsAAOSwSk9n4amH/s-l500.webp,256 GB,Very Good,False,Galaxy S22 Ultra,,,,,,,,,,,,True,,,
1,Samsung Galaxy S22 Ultra 5G SM-S908B/DS - 128GB Burgundy (Unlocked) - Good Cond.,$349.99,2025-04-15,https://www.ebay.com/itm/306205429586,https://i.ebayimg.com/images/g/ogsAAOSwCmRn2tRD/s-l500.webp,128 GB,Good,False,Galaxy S22 Ultra,,,,,,,,,,,,True,,,
1,Samsung Galaxy S22 Ultra 5G S908U Verizon Unlocked T-Mobile Straight Cricket ATT,$237.49,2025-10-27,https://www.ebay.com/itm/226764940759,https://i.ebayimg.com/images/g/zqYAAOSwB3Fnkobv/s-l500.webp,Unknown,Unknown,False,Galaxy S22 Ultra,,,,,,,,,,,,True,,,
1,Samsung Galaxy S22 Ultra 256GB Unlocked AT&T T-Mobile Verizon Good Condition,$289.95,2025-10-27,https://www.ebay.com/itm/297113583526,https://i.ebayimg.com/images/g/m0cAAOSwHIVn4arb/s-l500.webp,256 GB,Good,False,Galaxy S22 Ultra,,,,,,,,,,,,True,,,
1,Samsung Galaxy S22 Ultra SM-S908U 128GB 8GB Unlocked Green - Excellent,$310.95,2025-10-27,https://www.ebay.com/itm/177507587257,https://i.ebayimg.com/images/g/P9UAAeSwwhZo9JcS/s-l500.webp,128 GB,Excellent,False,Galaxy S22 Ultra,,,,,,,,,,,,True,,,
1,Samsung Galaxy S22 Ultra 5G S908U Factory Unlocked - Good,$249.99,2025-10-27,https://www.ebay.com/itm/284821452511,https://i.ebayimg.com/images/g/dDkAAOSwRLRihrhm/s-l500.webp,Unknown,Good,False,Galaxy S22 Ultra,,,,,,,,,,,,True,,,
1,Samsung Galaxy S22 Ultra S908U Unlocked T-Mobile AT&T Mint Verizon 256GB 512GB,$263.19,2025-10-26,https://www.ebay.com/itm/286836637340,https://i.ebayimg.com/images/g/i1UAAOSwcx5oE6xD/s-l500.webp,256 GB,Unknown,False,Galaxy S22 Ultra,,,,,,,,,,,,True,,,
1,Samsung Galaxy S22 Ultra 5G 256GB Burgundy Unlocked Excellent Condition,$389.99,2025-10-26,https://www.ebay.com/itm/277154893113,https://i.ebayimg.com/images/g/RNQAAeSwbMFo~6ES/s-l500.webp,256 GB,Excellent,False,Galaxy S22 Ultra,,,,,,,,,,,,True,,,
1,Samsung Galaxy S22 Ultra S908U Unlocked Boost T-Mobile AT&T Mint Mobile Cricket,$225.59,2025-10-26,https://www.ebay.com/itm/286536021759,https://i.ebayimg.com/images/g/X1YAAOSw6PdoE6xE/s-l500.webp,Unknown,Unknown,False,Galaxy S22 Ultra,,,,,,,,,,,,True,,,
1,Samsung Galaxy S22 Ultra SM-S908U 128GB 8GB Unlocked Purple -Excellent,$297.95,2025-10-26,https://www.ebay.com/itm/406306207166,https://i.ebayimg.com/images/g/77wAAeSwJE1o9I3X/s-l500.webp,128 GB,Excellent,False,Galaxy S22 Ultra,,,,,,,,,,,,True,,,
1,Samsung Galaxy S22 Ultra S908U1 256GB Unlocked AT&T T-Mobile Good Refurbish,$296.99,2025-10-25,https://www.ebay.com/itm/205582719979,https://i.ebayimg.com/images/g/kZEAAOSwl2lltC5v/s-l500.webp,256 GB,Good,False,Galaxy S22 Ultra,,,,,,,,,,,,True,,,
1,Samsung Galaxy S22 Ultra 5G 128/256/512GB/1TB Unlocked -Refurbished Excellent,$329.99,2025-10-25,https://www.ebay.com/itm/236404958152,https://i.ebayimg.com/images/g/hHUAAOSwhuRkGg7s/s-l500.webp,512 GB,Excellent,False,Galaxy S22 Ultra,,,,,,,,,,,,True,,,
1,Samsung Galaxy S22 Ultra SM-S908U Unlocked 512GB Green Good,$310.30,2025-10-24,https://www.ebay.com/itm/186589083774,https://i.ebayimg.com/images/g/OW8AAOSwII9moTtg/s-l500.webp,512 GB,Good,False,Galaxy S22 Ultra,,,,,,,,,,,,True,,,
1,"SAMSUNG Galaxy S22 Ultra 5G (128GB, 8GB) 6.8"" Fully Unlocked US & Global S908U1",$364.57,2023-04-05,https://www.ebay.com/itm/155329959887,https://i.ebayimg.com/images/g/3hwAAeSwaPloL6SE/s-l500.webp,128 GB,Unknown,False,Galaxy S22 Ultra,,,,,,,,,,,,True,,,
1,"Samsung Galaxy S22 Ultra 5G, SMS908U, 128GB, Unlocked, Good Condition",$248.69,2025-10-24,https://www.ebay.com/itm/355292925883,https://i.ebayimg.com/images/g/-30AAOSwCcdlfOGo/s-l500.webp,128 GB,Good,False,Galaxy S22 Ultra,,,,,,,,,,,,True,,,
1,Samsung Galaxy S22 Ultra S908U1 256GB Unlocked AT&T T-Mobile Very Good Refurbish,$315.99,2025-10-24,https://www.ebay.com/itm/205582717370,https://i.ebayimg.com/images/g/kZEAAOSwl2lltC5v/s-l500.webp,256 GB,Very Good,False,Galaxy S22 Ultra,,,,,,,,,,,,True,,,
1,Samsung Galaxy S22 Ultra S908U1 512GB Unlocked AT&T T-Mobile Very Good Refurbish,$341.99,2025-10-24,https://www.ebay.com/itm/187038724028,https://i.ebayimg.com/images/g/kZEAAOSwl2lltC5v/s-l500.webp,512 GB,Very Good,False,Galaxy S22 Ultra,,,,,,,,,,,,True,,,
1,Unlocked Samsung Galaxy S22 Ultra SM-S908U 256GB 1-Year Warranty Phone Very Good,$348.49,2025-04-01,https://www.ebay.com/itm/356705563193,https://i.ebayimg.com/images/g/ASwAAOSw3VFnTeZf/s-l500.webp,256 GB,Very Good,False,Galaxy S22 Ultra,,,,,,,,,,,,True,,,
1,Samsung Galaxy S22 Ultra 128GB (Unlocked) - Green,$309.98,2025-10-24,https://www.ebay.com/itm/365940455625,https://i.ebayimg.com/images/g/AYMAAeSwP2JpAUvL/s-l500.webp,128 GB,Unknown,False,Galaxy S22 Ultra,,,,,,,,,,,,True,,,
1,Samsung Galaxy S22 Ultra 512GB Unlocked ATT T-Mobile Verizon Very Good Condition,$338.95,2025-10-23,https://www.ebay.com/itm/306161970760,https://i.ebayimg.com/images/g/T3QAAOSwQp1n4ap-/s-l500.webp,512 GB,Very Good,False,Galaxy S22 Ultra,,,,,,,,,,,,True,,,
1,Samsung Galaxy S22 Ultra SM-S908U Unlocked 128GB Phantom White Good,$272.85,2025-10-23,https://www.ebay.com/itm/176490092520,https://i.ebayimg.com/images/g/WOcAAOSwkslmouxI/s-l500.webp,128 GB,Good,False,Galaxy S22 Ultra,,,,,,,,,,,,True,,,
1,Samsung Galaxy S22 Ultra  256GB FACTORY UNLOCKED AT&T VERIZON T-MOBILE EXCELLENT,$349.48,2025-10-23,https://www.ebay.com/itm/125792100860,https://i.ebayimg.com/images/g/5BkAAOSwnP1lvqkJ/s-l500.webp,256 GB,Excellent,False,Galaxy S22 Ultra,,,,,,,,,,,,True,,,
1,"Samsung Galaxy S22 Ultra 5G, SMS908U, 128GB, Unlocked, Very Good Condition",$249.88,2025-10-22,https://www.ebay.com/itm/355292899197,https://i.ebayimg.com/images/g/vc8AAOSwRg9lfN0E/s-l500.webp,128 GB,Very Good,False,Galaxy S22 Ultra,,,,,,,,,,,,True,,,
1,Samsung Galaxy S22 Ultra Black 128GB Excellent - Refurbished  - Unlocked,$326.99,2025-09-15,https://www.ebay.com/itm/127264717596,https://i.ebayimg.com/images/g/R~8AAeSwl4RoyVsj/s-l500.webp,128 GB,Excellent,False,Galaxy S22 Ultra,,,,,,,,,,,,True,,,
1,Samsung Galaxy S22 Ultra Black 128GB Good - Refurbished  - Unlocked,$286.99,2025-09-08,https://www.ebay.com/itm/127264717526,https://i.ebayimg.com/images/g/1RsAAeSwU~loxKJd/s-l500.webp,128 GB,Good,False,Galaxy S22 Ultra,,,,,,,,,,,,True,,,
1,Samsung Galaxy S22 ULTRA 5G 512GB UNLOCKED AT&T VERIZON TMOBILE METRO EXCELLENT,$389.48,2025-10-22,https://www.ebay.com/itm/125828202549,https://i.ebayimg.com/images/g/l2YAAOSwag9jpJX5/s-l500.webp,512 GB,Excellent,False,Galaxy S22 Ultra,,,,,,,,,,,,True,,,
1,Samsung Galaxy S22 Ultra 5G 256GB Unlocked Very Good Condition,$282.78,2025-10-22,https://www.ebay.com/itm/356387498144,https://i.ebayimg.com/images/g/kk0AAOSwwBtnY2Ja/s-l500.webp,256 GB,Very Good,False,Galaxy S22 Ultra,,,,,,,,,,,,True,,,
1,Samsung Galaxy S22 Ultra - 128GB - Unlocked - Excellent Refurbished - All Colors,$390.00,2025-03-24,https://www.ebay.com/itm/156375282559,https://i.ebayimg.com/images/g/XHkAAOSwU1tnht3v/s-l500.webp,128 GB,Excellent,False,Galaxy S22 Ultra,,,,,,,,,,,,True,,,
1,Samsung Galaxy S22 Ultra SM-S908U Unlocked 128GB Phantom Black Good,$275.99,2025-10-21,https://www.ebay.com/itm/176486387586,https://i.ebayimg.com/images/g/~E0AAOSwlFZmoAJn/s-l500.webp,128 GB,Good,False,Galaxy S22 Ultra,,,,,,,,,,,,True,,,
1,Samsung Galaxy S22 Ultra  6.8in 128GB Fully Unlocked - Good,$379.00,2024-09-13,https://www.ebay.com/itm/145740672322,https://i.ebayimg.com/images/g/JfgAAeSwBEFo6RUg/s-l500.webp,128 GB,Good,False,Galaxy S22 Ultra,,,,,,,,,,,,True,,,
1,"Samsung Galaxy S22 Ultra - Fully Unlocked - 6.8"" - 8GB RAM - 128GB - Good",$399.99,2024-05-09,https://www.ebay.com/itm/145740854945,https://i.ebayimg.com/images/g/k3kAAeSwkHVo7NB1/s-l500.webp,128 GB,Good,False,Galaxy S22 Ultra,,,,,,,,,,,,True,,,
1,Samsung Galaxy S22 Ultra Fully Unlocked 512GB - Good,$409.00,2024-11-28,https://www.ebay.com/itm/166956402827,https://i.ebayimg.com/images/g/SL0AAeSwSulo79z2/s-l500.webp,512 GB,Good,False,Galaxy S22 Ultra,,,,,,,,,,,,True,,,
1,Samsung Galaxy S22 Ultra - Fully Unlocked - 256GB - 12GB RAM - Very Good,$405.00,2025-07-12,https://www.ebay.com/itm/135239448045,https://i.ebayimg.com/images/g/y3gAAeSwzTlopkI1/s-l500.webp,256 GB,Very Good,False,Galaxy S22 Ultra,,,,,,,,,,,,True,,,
1,Samsung Galaxy S22 Ultra Burgundy 128GB Good - Refurbished  - Unlocked,$263.99,2025-10-20,https://www.ebay.com/itm/127321739794,https://i.ebayimg.com/images/g/l8MAAeSwGP9o9wdE/s-l500.webp,128 GB,Good,False,Galaxy S22 Ultra,,,,,,,,,,,,True,,,
1,Samsung Galaxy S22 Ultra Green 256GB Good - Refurbished  - Unlocked,$329.99,2025-08-29,https://www.ebay.com/itm/127195090988,https://i.ebayimg.com/images/g/7n0AAeSwo31osa-J/s-l500.webp,256 GB,Good,False,Galaxy S22 Ultra,,,,,,,,,,,,True,,,
1,Samsung Galaxy S22 Ultra Burgundy 256GB Good - Refurbished  - Unlocked,$329.99,2025-09-15,https://www.ebay.com/itm/127195090943,https://i.ebayimg.com/images/g/6LQAAeSweZFox5RD/s-l500.webp,256 GB,Good,False,Galaxy S22 Ultra,,,,,,,,,,,,True,,,
1,Samsung Galaxy S22 Ultra Burgundy 512GB Good - Refurbished  - Unlocked,$354.99,2025-08-29,https://www.ebay.com/itm/127195090924,https://i.ebayimg.com/images/g/OZYAAeSwP9xosc6Z/s-l500.webp,512 GB,Good,False,Galaxy S22 Ultra,,,,,,,,,,,,True,,,
1,Samsung Galaxy S22 Ultra Burgundy 128GB Excellent - Refurbished  - Unlocked,$326.99,2025-08-27,https://www.ebay.com/itm/127195090830,https://i.ebayimg.com/images/g/DYUAAeSw19Jorwyb/s-l500.webp,128 GB,Excellent,False,Galaxy S22 Ultra,,,,,,,,,,,,True,,,
1,Samsung Galaxy S22 Ultra 5G Verizon Unlocked T-Mobile Straight Talk Mint Cricket,$246.99,2025-10-20,https://www.ebay.com/itm/226861175381,https://i.ebayimg.com/images/g/HewAAOSw-R1nkobv/s-l500.webp,Unknown,Unknown,False,Galaxy S22 Ultra,,,,,,,,,,,,True,,,
1,Samsung Galaxy S22 Ultra SM-S908U 128GB FACTORY UNLOCKED CDMA + GSM -  EXCELLENT,$299.48,2025-10-20,https://www.ebay.com/itm/134662862147,https://i.ebayimg.com/images/g/l2YAAOSwag9jpJX5/s-l500.webp,128 GB,Excellent,False,Galaxy S22 Ultra,,,,,,,,,,,,True,,,
1,Samsung Galaxy S22 Ultra SM-S908U - 128GB - Black (Unlocked) - Good Condition,$309.99,2025-10-19,https://www.ebay.com/itm/306552942823,https://i.ebayimg.com/images/g/lecAAOSw-SVoB475/s-l500.webp,128 GB,Good,False,Galaxy S22 Ultra,,,,,,,,,,,,True,,,
1,Samsung Galaxy S22 Ultra 5G S908U1 128GB 256GB 512GB Unlocked Excellent,$318.99,2025-10-19,https://www.ebay.com/itm/186378185301,https://i.ebayimg.com/images/g/kZEAAOSwl2lltC5v/s-l500.webp,128 GB,Excellent,False,Galaxy S22 Ultra,,,,,,,,,,,,True,,,
1,Samsung Galaxy S22 Ultra SM-S908U1 Unlocked 256GB Phantom White Good,$334.01,2025-10-17,https://www.ebay.com/itm/186586667923,https://i.ebayimg.com/images/g/56QAAOSwAAdmn~xM/s-l500.webp,256 GB,Good,False,Galaxy S22 Ultra,,,,,,,,,,,,True,,,
1,Samsung Galaxy S22 Ultra S908 128GB Unlocked - Very Good,$290.95,2025-10-15,https://www.ebay.com/itm/365371328940,https://i.ebayimg.com/images/g/TtcAAOSwgkBmln8M/s-l500.webp,128 GB,Very Good,False,Galaxy S22 Ultra,,,,,,,,,,,,True,,,
1,Samsung Galaxy S22 Ultra 512GB Unlocked AT&T T-Mobile Verizon Good Condition,$317.95,2025-10-16,https://www.ebay.com/itm/297088938040,https://i.ebayimg.com/images/g/ltkAAOSwxLFn4aqI/s-l500.webp,512 GB,Good,False,Galaxy S22 Ultra,,,,,,,,,,,,True,,,
1,Samsung Galaxy S22 Ultra S908 256GB Unlocked - Excellent,$337.95,2025-10-14,https://www.ebay.com/itm/405105289825,https://i.ebayimg.com/images/g/TtcAAOSwgkBmln8M/s-l500.webp,256 GB,Excellent,False,Galaxy S22 Ultra,,,,,,,,,,,,True,,,
1,Samsung Galaxy S22 Ultra S908 128GB Unlocked - Very Good,$290.95,2025-10-10,https://www.ebay.com/itm/387499041903,https://i.ebayimg.com/images/g/TtcAAOSwgkBmln8M/s-l500.webp,128 GB,Very Good,False,Galaxy S22 Ultra,,,,,,,,,,,,True,,,
1,Samsung Galaxy S22 Ultra S908 128GB Unlocked - Excellent,$304.95,2025-10-12,https://www.ebay.com/itm/365140167271,https://i.ebayimg.com/images/g/TtcAAOSwgkBmln8M/s-l500.webp,128 GB,Excellent,False,Galaxy S22 Ultra,,,,,,,,,,,,True,,,
1,Samsung Galaxy S22 Ultra - 128 GB - Burgundy (Unlocked) Good,$264.99,2025-10-15,https://www.ebay.com/itm/127392149850,https://i.ebayimg.com/images/g/eZYAAeSwE7do0m0f/s-l500.webp,128 GB,Good,False,Galaxy S22 Ultra,,,,,,,,,,,,True,,,
1,"SAMSUNG Galaxy S22 Ultra 5G (256GB, 12GB) 6.8"" Fully Unlocked US & Global S908U1",$436.99,2025-05-15,https://www.ebay.com/itm/155460317269,https://i.ebayimg.com/images/g/Rh4AAeSwnTNoL30W/s-l500.webp,256 GB,Unknown,False,Galaxy S22 Ultra,,,,,,,,,,,,True,,,
1,Samsung Galaxy S22 Ultra S908U1 128GB 256GB 512GB Unlocked Very Good,$299.99,2025-10-15,https://www.ebay.com/itm/186401962835,https://i.ebayimg.com/images/g/kZEAAOSwl2lltC5v/s-l500.webp,128 GB,Very Good,False,Galaxy S22 Ultra,,,,,,,,,,,,True,,,
1,Samsung Galaxy S22 Ultra 5G Unlocked T-Mobile Total AT&T  Mint Boost Verizon,$269.99,2025-08-21,https://www.ebay.com/itm/326686191119,https://i.ebayimg.com/images/g/zqYAAOSwB3Fnkobv/s-l500.webp,Unknown,Unknown,False,Galaxy S22 Ultra,,,,,,,,,,,,True,,,
1,Samsung Galaxy S22 Ultra 5G Verizon Unlocked T-Mobile Straight Talk Mint Boost,$289.99,2025-07-24,https://www.ebay.com/itm/236178696826,https://i.ebayimg.com/images/g/HewAAOSw-R1nkobv/s-l500.webp,Unknown,Unknown,False,Galaxy S22 Ultra,,,,,,,,,,,,True,,,
1,Samsung Galaxy S22 Ultra 5G S908U Verizon Unlocked T-Mobile Straight Cricket ATT,$289.99,2025-07-18,https://www.ebay.com/itm/236178694566,https://i.ebayimg.com/images/g/MG8AAOSwHL5nkobv/s-l500.webp,Unknown,Unknown,False,Galaxy S22 Ultra,,,,,,,,,,,,True,,,
1,Samsung Galaxy S22 Ultra 5G S908U Verizon Unlocked T-Mobile Straight Cricket,$299.99,2025-05-21,https://www.ebay.com/itm/326559504122,https://i.ebayimg.com/images/g/zqYAAOSwB3Fnkobv/s-l500.webp,Unknown,Unknown,False,Galaxy S22 Ultra,,,,,,,,,,,,True,,,
1,Samsung Galaxy S22 Ultra Unlocked Mint T-Mobile Verizon Straight Talk Boost AT&T,$299.99,2025-08-11,https://www.ebay.com/itm/187108627033,https://i.ebayimg.com/images/g/NzIAAOSwf2Bn3aag/s-l500.webp,Unknown,Unknown,False,Galaxy S22 Ultra,,,,,,,,,,,,True,,,
1,Samsung Galaxy S22 Ultra 5G - 128GB Green *UNLOCKED [SM-S908U] Excellent,$322.99,2025-10-14,https://www.ebay.com/itm/146038801406,https://i.ebayimg.com/images/g/LgIAAOSwXylmIrZM/s-l500.webp,128 GB,Excellent,False,Galaxy S22 Ultra,,,,,,,,,,,,True,,,
1,Very Good! Samsung Galaxy S22 Ultra 128GB Phantom Black (Unlocked) Smartphone,$399.99,2025-05-14,https://www.ebay.com/itm/226099032196,https://i.ebayimg.com/images/g/~EUAAOSwlANk5wdt/s-l500.webp,128 GB,Very Good,False,Galaxy S22 Ultra,,,,,,,,,,,,True,,,
1,Samsung Galaxy S22 Ultra 5G Unlocked T-Mobile Total AT&T  Mint Boost Verizon,$256.49,2025-10-13,https://www.ebay.com/itm/236200268922,https://i.ebayimg.com/images/g/zqYAAOSwB3Fnkobv/s-l500.webp,Unknown,Unknown,False,Galaxy S22 Ultra,,,,,,,,,,,,True,,,
1,"SAMSUNG Galaxy S22 Ultra 5G (512GB, 12GB) 6.8"" Fully Unlocked US & Global S908U1",$449.99,2024-11-18,https://www.ebay.com/itm/144990800512,https://i.ebayimg.com/images/g/ZQEAAOSwEtZnm~bb/s-l500.webp,512 GB,Unknown,False,Galaxy S22 Ultra,,,,,,,,,,,,True,,,
1,"SAMSUNG Galaxy S22 Ultra 5G (128GB, 8GB) 6.8"" Fully Unlocked US & Global S908U1",$276.69,2025-01-29,https://www.ebay.com/itm/144990375961,https://i.ebayimg.com/images/g/A~0AAeSw~OJovLxc/s-l500.webp,128 GB,Unknown,False,Galaxy S22 Ultra,,,,,,,,,,,,True,,,
1,Samsung Galaxy S22 Ultra SM-S908U1 Unlocked 512GB Burgundy Good,$310.30,2025-10-13,https://www.ebay.com/itm/196520603266,https://i.ebayimg.com/images/g/KlQAAOSwD4RmoTip/s-l500.webp,512 GB,Good,False,Galaxy S22 Ultra,,,,,,,,,,,,True,,,
1,Samsung Galaxy S22 Ultra Black 256GB Good - Refurbished  - Unlocked,$309.99,2025-10-13,https://www.ebay.com/itm/127402853955,https://i.ebayimg.com/images/g/ZiUAAeSwxVlo7RLa/s-l500.webp,256 GB,Good,False,Galaxy S22 Ultra,,,,,,,,,,,,True,,,
1,Samsung Galaxy S22 Ultra S908U1 512GB Unlocked AT&T T-Mobile Good Refurbish,$318.99,2025-10-13,https://www.ebay.com/itm/205582723075,https://i.ebayimg.com/images/g/kZEAAOSwl2lltC5v/s-l500.webp,512 GB,Good,False,Galaxy S22 Ultra,,,,,,,,,,,,True,,,
1,Samsung Galaxy S22 Ultra Unlocked 128GB SM-S908W Phantom Black Very Good,$285.99,2025-10-13,https://www.ebay.com/itm/146886809277,https://i.ebayimg.com/images/g/PE8AAeSwqBhokKMl/s-l500.webp,128 GB,Very Good,False,Galaxy S22 Ultra,,,,,,,,,,,,True,,,
1,"SAMSUNG Galaxy S22 Ultra 5G (512GB, 12GB) 6.8"" Fully Unlocked US & Global S908U1",$338.53,2025-08-19,https://www.ebay.com/itm/145892543830,https://i.ebayimg.com/images/g/LEkAAeSw4UpopMuv/s-l500.webp,512 GB,Unknown,False,Galaxy S22 Ultra,,,,,,,,,,,,True,,,
1,Unlocked Samsung Galaxy S22 Ultra SM-S908U 128GB 1-Year Warranty Phone Excellent,$329.95,2025-10-12,https://www.ebay.com/itm/356333773126,https://i.ebayimg.com/images/g/ASwAAOSw3VFnTeZf/s-l500.webp,128 GB,Excellent,False,Galaxy S22 Ultra,,,,,,,,,,,,True,,,
1,Samsung Galaxy S22 Ultra SM-S908U - 512GB Burgundy (Unlocked) - Very Good Cond.,$359.99,2025-10-11,https://www.ebay.com/itm/306516761106,https://i.ebayimg.com/images/g/d2MAAeSwNwhoyuKj/s-l500.webp,512 GB,Very Good,False,Galaxy S22 Ultra,,,,,,,,,,,,True,,,
1,Samsung Galaxy S22 Ultra 5G Smartphone  All Colours & Storage (Unlocked) - Good,$358.33,2025-10-11,https://www.ebay.com/itm/405779259022,https://i.ebayimg.com/images/g/HK4AAOSwap1jKahL/s-l500.webp,Unknown,Good,False,Galaxy S22 Ultra,,,,,,,,,,,,True,,,
1,Samsung Galaxy S22 Ultra SM-S908U Unlocked 128GB Burgundy Good,$273.99,2025-10-10,https://www.ebay.com/itm/186586579423,https://i.ebayimg.com/images/g/vd0AAOSwzXZmn-xg/s-l500.webp,128 GB,Good,False,Galaxy S22 Ultra,,,,,,,,,,,,True,,,
1,Samsung Galaxy S22 Ultra SM-S908U Unlocked 256GB Phantom Black Very Good,$343.42,2025-10-10,https://www.ebay.com/itm/186596196338,https://i.ebayimg.com/images/g/0~wAAOSwkOBmpS9W/s-l500.webp,256 GB,Very Good,False,Galaxy S22 Ultra,,,,,,,,,,,,True,,,
1,"Samsung Galaxy S22 Ultra, 512GB Black [Unlocked] Very Good Condition",$404.76,2025-03-21,https://www.ebay.com/itm/388061315346,https://i.ebayimg.com/images/g/0EEAAeSwzVJnzxSP/s-l500.webp,512 GB,Very Good,False,Galaxy S22 Ultra,,,,,,,,,,,,True,,,
1,Samsung Galaxy S22 Ultra - 128GB 256GB 512GB 1TB - All Colors - Good,$259.00,2025-10-08,https://www.ebay.com/itm/285843110947,https://i.ebayimg.com/images/g/rq0AAOSwqCpmNVOb/s-l500.webp,128 GB,Good,False,Galaxy S22 Ultra,,,,,,,,,,,,True,,,
1,Samsung Galaxy S22 Ultra 5G S908U Factory Unlocked - Very Good,$269.99,2025-10-07,https://www.ebay.com/itm/275318072268,https://i.ebayimg.com/images/g/dDkAAOSwRLRihrhm/s-l500.webp,Unknown,Very Good,False,Galaxy S22 Ultra,,,,,,,,,,,,True,,,
1,Samsung Galaxy S22 Ultra Fully Unlocked 6.8in 128GB - Excellent,$317.00,2025-10-06,https://www.ebay.com/itm/145740675702,https://i.ebayimg.com/images/g/2cEAAeSw8E5o3UFE/s-l500.webp,128 GB,Excellent,False,Galaxy S22 Ultra,,,,,,,,,,,,True,,,
1,"SAMSUNG Galaxy S22 Ultra 5G (512GB, 12GB) 6.8"" Fully Unlocked US & Global S908U1",$336.13,2025-02-17,https://www.ebay.com/itm/144992251981,https://i.ebayimg.com/images/g/SEMAAeSwfI9ozjm2/s-l500.webp,512 GB,Unknown,False,Galaxy S22 Ultra,,,,,,,,,,,,True,,,
1,Samsung Galaxy S22 Ultra 5G SM-S908U - 128/256/512GB - LOCKED OR UNLOCKED - Good,$239.99,2025-10-06,https://www.ebay.com/itm/176489581508,https://i.ebayimg.com/images/g/ehcAAOSwtyZmomtI/s-l500.webp,512 GB,Good,False,Galaxy S22 Ultra,,,,,,,,,,,,True,,,
1,Samsung Galaxy S22 Ultra 1TB S908U Unlocked - Very Good,$494.99,2025-10-06,https://www.ebay.com/itm/256462267274,https://i.ebayimg.com/images/g/k18AAeSwN2FoN1GG/s-l500.webp,Unknown,Very Good,False,Galaxy S22 Ultra,,,,,,,,,,,,True,,,
1,"SAMSUNG Galaxy S22 Ultra 5G (256GB, 12GB) 6.8"" T-Mobile Locked S908U",$299.99,2025-08-20,https://www.ebay.com/itm/146696817810,https://i.ebayimg.com/images/g/lwAAAeSwmMpopgs-/s-l500.webp,256 GB,Unknown,False,Galaxy S22 Ultra,,,,,,,,,,,,True,,,
1,Samsung Galaxy S22 Ultra Unlocked 256GB SM-S908U Phantom Black Excellent,$339.95,2025-10-05,https://www.ebay.com/itm/406256930301,https://i.ebayimg.com/images/g/VTAAAeSwFWxo3gRL/s-l500.webp,256 GB,Excellent,False,Galaxy S22 Ultra,,,,,,,,,,,,True,,,
1,"Samsung Galaxy S22 Ultra Fully Unlocked  - 256GB - 12GB RAM - 6.8"" - Excellent",$357.00,2025-10-04,https://www.ebay.com/itm/145676426682,https://i.ebayimg.com/images/g/f0cAAeSw25NotyTO/s-l500.webp,256 GB,Excellent,False,Galaxy S22 Ultra,,,,,,,,,,,,True,,,
1,Samsung Galaxy S22 Ultra - 128GB - Burgundy (Unlocked) SM-S908U Excellent,$304.95,2025-10-04,https://www.ebay.com/itm/406260404166,https://i.ebayimg.com/images/g/Ep4AAeSwrBRo369S/s-l500.webp,128 GB,Excellent,False,Galaxy S22 Ultra,,,,,,,,,,,,True,,,
1,Samsung Galaxy S22 Ultra 5G 128GB Phantom Black Unlocked - Good Condition,$274.99,2025-10-03,https://www.ebay.com/itm/295057958176,https://i.ebayimg.com/images/g/DF0AAOSw5LVk3Q75/s-l500.webp,128 GB,Good,False,Galaxy S22 Ultra,,,,,,,,,,,,True,,,
1,Samsung Galaxy S22 Ultra 5G 512GB Red Unlocked Good Condition,$339.99,2025-10-03,https://www.ebay.com/itm/286791295892,https://i.ebayimg.com/images/g/2JwAAeSwtAloycyW/s-l500.webp,512 GB,Good,False,Galaxy S22 Ultra,,,,,,,,,,,,True,,,
1,Samsung Galaxy S22 Ultra Black 128GB Very Good - Refurbished  - Unlocked,$302.99,2025-10-02,https://www.ebay.com/itm/127402853925,https://i.ebayimg.com/images/g/bocAAeSwpI9o3Ah8/s-l500.webp,128 GB,Very Good,False,Galaxy S22 Ultra,,,,,,,,,,,,True,,,
1,Samsung Galaxy S22 Ultra SM-S908U 128GB 5G Unlocked Smartphone - Good Condition,$280.99,2025-10-02,https://www.ebay.com/itm/195449248495,https://i.ebayimg.com/images/g/vXQAAOSwcHJjYvQC/s-l500.webp,128 GB,Good,False,Galaxy S22 Ultra,,,,,,,,,,,,True,,,
1,Samsung Galaxy S22 Ultra Fully Unlocked 6.8in 512GB - Very Good,$459.99,2025-10-02,https://www.ebay.com/itm/135242818023,https://i.ebayimg.com/images/g/otAAAeSwEk1o53-i/s-l500.webp,512 GB,Very Good,False,Galaxy S22 Ultra,,,,,,,,,,,,True,,,
1,Samsung Galaxy S22 Ultra 1TB Unlocked AT&T T-Mobile Verizon Very Good Condition,$466.95,2025-10-02,https://www.ebay.com/itm/306175185349,https://i.ebayimg.com/images/g/Un0AAOSwHwFn4aq4/s-l500.webp,Unknown,Very Good,False,Galaxy S22 Ultra,,,,,,,,,,,,True,,,
1,Samsung Galaxy S22 Ultra 5G Phantom White 128GB Xfinity Locked - Good Condition,$219.99,2025-10-01,https://www.ebay.com/itm/277390070128,https://i.ebayimg.com/images/g/nYsAAeSw4sdozFHK/s-l500.webp,128 GB,Good,False,Galaxy S22 Ultra,,,,,,,,,,,,True,,,
1,Samsung Galaxy S22 Ultra 1TB Unlocked AT&T T-Mobile Verizon Excellent Condition,$485.95,2025-10-01,https://www.ebay.com/itm/297173987381,https://i.ebayimg.com/images/g/vSkAAOSwcJ1n7XZp/s-l500.webp,Unknown,Excellent,False,Galaxy S22 Ultra,,,,,,,,,,,,True,,,
1,Samsung Galaxy S22 Ultra Unlocked 512GB SM-S908U Phantom Black Very Good,$324.99,2025-10-01,https://www.ebay.com/itm/406235341768,https://i.ebayimg.com/images/g/nPYAAeSwDIxo0lm5/s-l500.webp,512 GB,Very Good,False,Galaxy S22 Ultra,,,,,,,,,,,,True,,,
2,Samsung Galaxy S22 Ultra Unlocked 512GB SM-S908U Phantom Black Very Good,$324.99,2025-10-01,https://www.ebay.com/itm/406235341768,https://i.ebayimg.com/images/g/nPYAAeSwDIxo0lm5/s-l500.webp,512 GB,Very Good,False,Galaxy S22 Ultra,,,,,,,,,,,,True,,,
2,"SAMSUNG Galaxy S22 Ultra 5G (128GB, 8GB) 6.8"" Fully Unlocked US & Global S908U1",$333.19,2024-05-10,https://www.ebay.com/itm/134311826024,https://i.ebayimg.com/images/g/o9cAAeSwvq1oL6R4/s-l500.webp,128 GB,Unknown,False,Galaxy S22 Ultra,,,,,,,,,,,,True,,,
2,"Samsung Galaxy S22 Ultra 128GB 6.8"", Phantom Black",$284.99,2025-09-26,https://www.ebay.com/itm/365884629046,https://i.ebayimg.com/images/g/zSYAAeSwkBdo1gWT/s-l500.webp,128 GB,Unknown,False,Galaxy S22 Ultra,,,,,,,,,,,,True,,,
2,Samsung Galaxy S22 Ultra S908U Unlocked Boost T-Mobile AT&T Mint Mobile Verizon,$225.59,2025-09-25,https://www.ebay.com/itm/267413333207,https://i.ebayimg.com/images/g/4hUAAOSwBmBoE6xE/s-l500.webp,Unknown,Unknown,False,Galaxy S22 Ultra,,,,,,,,,,,,True,,,
2,Samsung Galaxy S22 Ultra 5G S908U Unlocked (Any Carrier) SmartPhone Good,$274.99,2025-09-25,https://www.ebay.com/itm/355335821421,https://i.ebayimg.com/images/g/IF8AAOSwSBdjEFfF/s-l500.webp,Unknown,Good,False,Galaxy S22 Ultra,,,,,,,,,,,,True,,,
2,"Samsung Galaxy S22 Ultra 5G 256GB Unlocked Green 6.8"" 108MP WiFi 6E SM-S908U",$309.99,2025-09-24,https://www.ebay.com/itm/205452973640,https://i.ebayimg.com/images/g/0hMAAOSwTBJjg1ap/s-l500.webp,256 GB,Unknown,False,Galaxy S22 Ultra,,,,,,,,,,,,True,,,
2,Samsung Galaxy S22 Ultra SM-S908U 512GB Unlocked Excellent Condition,$451.23,2025-09-24,https://www.ebay.com/itm/357600885241,https://i.ebayimg.com/images/g/8DsAAeSwy9towxlV/s-l500.webp,512 GB,Excellent,False,Galaxy S22 Ultra,,,,,,,,,,,,True,,,
2,Samsung Galaxy S22 Ultra - 128 GB - Burgundy - Unlocked - Good Refurbished,$265.98,2025-09-24,https://www.ebay.com/itm/127143090633,https://i.ebayimg.com/images/g/UZMAAOSwc7VoOJxu/s-l500.webp,128 GB,Good,False,Galaxy S22 Ultra,,,,,,,,,,,,True,,,
2,Samsung Galaxy S22 Ultra S908U 256GB Unlocked - Good,$317.99,2025-09-24,https://www.ebay.com/itm/326505298186,https://i.ebayimg.com/images/g/D4IAAOSwtJdivGHj/s-l500.webp,256 GB,Good,False,Galaxy S22 Ultra,,,,,,,,,,,,True,,,
2,CERTIFIED Samsung Galaxy S22 Ultra SM-S908U1 5G 512GB  Black Unlocked #L089,$334.00,2025-09-23,https://www.ebay.com/itm/127365997237,https://i.ebayimg.com/images/g/uekAAeSwiupow2yO/s-l500.webp,512 GB,Unknown,False,Galaxy S22 Ultra,,,,,,,,,,,,True,,,
2,"Samsung Galaxy S22 Ultra 5G 512GB Unlocked Green 6.8"" 108MP WiFi 6E SM-S908U",$329.99,2025-09-22,https://www.ebay.com/itm/197669720380,https://i.ebayimg.com/images/g/0hMAAOSwTBJjg1ap/s-l500.webp,512 GB,Unknown,False,Galaxy S22 Ultra,,,,,,,,,,,,True,,,
2,Samsung Galaxy S22 Ultra Green 128GB Good - Refurbished  - Unlocked,$304.99,2025-08-18,https://www.ebay.com/itm/127264717730,https://i.ebayimg.com/images/g/ARcAAeSwHNtoo5v9/s-l500.webp,128 GB,Good,False,Galaxy S22 Ultra,,,,,,,,,,,,True,,,
2,Samsung Galaxy S22 Ultra SM-S908U - 512GB - Black (Carrier Unlocked) B-Stock,$344.98,2025-09-22,https://www.ebay.com/itm/156835061620,https://i.ebayimg.com/images/g/ZlYAAOSw7idjkk-P/s-l500.webp,512 GB,Unknown,False,Galaxy S22 Ultra,,,,,,,,,,,,True,,,
2,Samsung Galaxy S22 Ultra Black 128GB Very Good - Refurbished  - Unlocked,$306.99,2025-08-20,https://www.ebay.com/itm/127195091150,https://i.ebayimg.com/images/g/~rgAAeSwMVVowM8S/s-l500.webp,128 GB,Very Good,False,Galaxy S22 Ultra,,,,,,,,,,,,True,,,
2,Samsung Galaxy S22 Ultra Burgundy 256GB Very Good - Refurbished  - Unlocked,$354.99,2025-08-22,https://www.ebay.com/itm/127195090921,https://i.ebayimg.com/images/g/SXcAAeSwjb9oqf5E/s-l500.webp,256 GB,Very Good,False,Galaxy S22 Ultra,,,,,,,,,,,,True,,,
2,Samsung Galaxy S22 Ultra 1TB S908U Unlocked - Good,$466.99,2025-09-19,https://www.ebay.com/itm/256462267293,https://i.ebayimg.com/images/g/HdQAAeSw0PtoN1Ft/s-l500.webp,Unknown,Good,False,Galaxy S22 Ultra,,,,,,,,,,,,True,,,
2,Samsung Galaxy S22 Ultra 5G 256GB S908U T-Mobile/Unlocked Smartphone - Excellent,$387.35,2025-09-19,https://www.ebay.com/itm/257086182582,https://i.ebayimg.com/images/g/CwwAAOSw4Cli4WJo/s-l500.webp,256 GB,Excellent,False,Galaxy S22 Ultra,,,,,,,,,,,,True,,,
2,Samsung Galaxy S22 Ultra - 128 GB - Burgundy (Unlocked) SM-S908U1 Excellent,$299.95,2025-09-18,https://www.ebay.com/itm/146840607554,https://i.ebayimg.com/images/g/CE4AAeSwpwNozCJi/s-l500.webp,128 GB,Excellent,False,Galaxy S22 Ultra,,,,,,,,,,,,True,,,
2,SAMSUNG GALAXY S22 ULTRA 5G S908U1 128GB│256GB │512GB (FACTORY UNLOCKED) ❖GOOD❖,$399.95,2025-09-18,https://www.ebay.com/itm/226270924513,https://i.ebayimg.com/images/g/QvkAAOSwk~1kwG1x/s-l500.webp,128 GB,Good,False,Galaxy S22 Ultra,,,,,,,,,,,,True,,,
2,Samsung Galaxy S22 Ultra 1TB S908U Unlocked - Excellent,$513.99,2025-09-16,https://www.ebay.com/itm/256461445927,https://i.ebayimg.com/images/g/FN4AAeSw9nloL2yn/s-l500.webp,Unknown,Excellent,False,Galaxy S22 Ultra,,,,,,,,,,,,True,,,
2,Samsung Galaxy S22 Ultra Black 256GB Good - Refurbished  - Unlocked,$334.99,2025-08-18,https://www.ebay.com/itm/127244140231,https://i.ebayimg.com/images/g/gC0AAeSw3mxoo5v0/s-l500.webp,256 GB,Good,False,Galaxy S22 Ultra,,,,,,,,,,,,True,,,
2,Samsung Galaxy S22 Ultra Black 256GB Very Good - Refurbished  - Unlocked,$359.99,2025-08-05,https://www.ebay.com/itm/127187183725,https://i.ebayimg.com/images/g/DSgAAeSwZjdokhmL/s-l500.webp,256 GB,Very Good,False,Galaxy S22 Ultra,,,,,,,,,,,,True,,,
2,Samsung Galaxy S22 Ultra SM-S908U - 128GB - Black (Unlocked) - Very Good Cond.,$349.99,2025-09-15,https://www.ebay.com/itm/306268204128,https://i.ebayimg.com/images/g/6woAAOSwQnpm7Cgl/s-l500.webp,128 GB,Very Good,False,Galaxy S22 Ultra,,,,,,,,,,,,True,,,
2,Samsung Galaxy S22 Ultra Black 512GB Good - Refurbished  - Unlocked,$352.99,2025-08-12,https://www.ebay.com/itm/127240643357,https://i.ebayimg.com/images/g/dXUAAeSwM1Nol5K~/s-l500.webp,512 GB,Good,False,Galaxy S22 Ultra,,,,,,,,,,,,True,,,
2,"Samsung Galaxy S22 Ultra 5G SM-S908U 128GB GSM/CDMA FACTORY UNLOCKED ""Excellent""",$329.88,2025-09-15,https://www.ebay.com/itm/296122565461,https://i.ebayimg.com/images/g/QeMAAOSwhyNlhbIA/s-l500.webp,128 GB,Excellent,False,Galaxy S22 Ultra,,,,,,,,,,,,True,,,
2,Samsung Galaxy S22 Ultra S908U Unlocked Boost T-Mobile AT&T Mint Mobile Verizon,$309.99,2025-08-26,https://www.ebay.com/itm/267367433360,https://i.ebayimg.com/images/g/X1YAAOSw6PdoE6xE/s-l500.webp,Unknown,Unknown,False,Galaxy S22 Ultra,,,,,,,,,,,,True,,,
2,Samsung Galaxy S22 Ultra 5G Verizon Unlocked T-Mobile Straight Talk Mint Cricket,$246.99,2025-09-14,https://www.ebay.com/itm/226861171967,https://i.ebayimg.com/images/g/HewAAOSw-R1nkobv/s-l500.webp,Unknown,Unknown,False,Galaxy S22 Ultra,,,,,,,,,,,,True,,,
2,Samsung Galaxy S22 Ultra SM-S908U1 Unlocked 1TB Green Good,$338.71,2025-09-14,https://www.ebay.com/itm/177410034701,https://i.ebayimg.com/images/g/ciwAAeSwMS1oxcmY/s-l500.webp,Unknown,Good,False,Galaxy S22 Ultra,,,,,,,,,,,,True,,,
2,Samsung Galaxy S22 Ultra SM-S908U1 5G 256GB  Black Unlocked #L088,$334.00,2025-09-14,https://www.ebay.com/itm/146826994594,https://i.ebayimg.com/images/g/iokAAeSwpSJow2wc/s-l500.webp,256 GB,Unknown,False,Galaxy S22 Ultra,,,,,,,,,,,,True,,,
2,"SAMSUNG Galaxy S22 Ultra 5G (512GB, 12GB) 6.8"" Fully Unlocked US & Global S908U1",$336.99,2025-09-14,https://www.ebay.com/itm/145069407506,https://i.ebayimg.com/images/g/eRIAAeSwpGFowMRf/s-l500.webp,512 GB,Unknown,False,Galaxy S22 Ultra,,,,,,,,,,,,True,,,
2,"Samsung Galaxy S22 Ultra 5G 128GB Unlocked S908U 6.8"" 108MP IP68 GSM CDMA Black",$274.99,2025-09-13,https://www.ebay.com/itm/197456163823,https://i.ebayimg.com/images/g/RwQAAOSwkFpijPop/s-l500.webp,128 GB,Unknown,False,Galaxy S22 Ultra,,,,,,,,,,,,True,,,
2,Samsung Galaxy S22 Ultra S908U 512GB Unlocked - Good,$335.99,2025-09-13,https://www.ebay.com/itm/226598469972,https://i.ebayimg.com/images/g/D4IAAOSwtJdivGHj/s-l500.webp,512 GB,Good,False,Galaxy S22 Ultra,,,,,,,,,,,,True,,,
2,Samsung Galaxy S22 Ultra SM-S908U1 Unlocked 1TB Phantom Black Good,$308.37,2025-09-13,https://www.ebay.com/itm/187566387779,https://i.ebayimg.com/images/g/J9IAAeSwOD1oxcFs/s-l500.webp,Unknown,Good,False,Galaxy S22 Ultra,,,,,,,,,,,,True,,,
2,Fully Unlocked Samsung Galaxy S22 Ultra 5G SM-S908U - Excellent Condition,$339.00,2025-09-12,https://www.ebay.com/itm/167348826672,https://i.ebayimg.com/images/g/cxEAAOSw3W1nw6Qu/s-l500.webp,Unknown,Excellent,False,Galaxy S22 Ultra,,,,,,,,,,,,True,,,
2,Samsung Galaxy S22 Ultra 256GB (Unlocked) - Phantom White,$349.98,2025-09-12,https://www.ebay.com/itm/365856366001,https://i.ebayimg.com/images/g/uq0AAeSwMf9pAQU8/s-l500.webp,256 GB,Unknown,False,Galaxy S22 Ultra,,,,,,,,,,,,True,,,
2,REFURBISHED Samsung Galaxy S22 Ultra 128GB SM-S908U1 BURGUNDY GSM CDMA UNLOCKED,$299.00,2025-09-11,https://www.ebay.com/itm/127129028464,https://i.ebayimg.com/images/g/U~cAAOSwZdxoL5ea/s-l500.webp,128 GB,Unknown,False,Galaxy S22 Ultra,,,,,,,,,,,,True,,,
2,Samsung Galaxy S22 Ultra 5G 128GB Burgundy Unlocked Very Good Condition,$339.99,2025-09-10,https://www.ebay.com/itm/297416800764,https://i.ebayimg.com/images/g/rtMAAeSwmoZo-RJn/s-l500.webp,128 GB,Very Good,False,Galaxy S22 Ultra,,,,,,,,,,,,True,,,
2,Samsung Galaxy S22 Ultra 5G 256GB Green Unlocked Very Good Condition,$359.99,2025-09-10,https://www.ebay.com/itm/277275308161,https://i.ebayimg.com/images/g/stIAAeSwgQZo293e/s-l500.webp,256 GB,Very Good,False,Galaxy S22 Ultra,,,,,,,,,,,,True,,,
2,Samsung Galaxy S22 Ultra Unlocked 128GB SM-S908W Phantom Black Good,$289.99,2025-09-10,https://www.ebay.com/itm/406104086651,https://i.ebayimg.com/images/g/PE8AAeSwqBhokKMl/s-l500.webp,128 GB,Good,False,Galaxy S22 Ultra,,,,,,,,,,,,True,,,
2,Samsung Galaxy S22 Ultra SM-S908U 512GB Burgundy Unlocked Good Condition,$398.93,2025-08-26,https://www.ebay.com/itm/356849028974,https://i.ebayimg.com/images/g/socAAeSwjHVoE7Yg/s-l500.webp,512 GB,Good,False,Galaxy S22 Ultra,,,,,,,,,,,,True,,,
2,Samsung Galaxy S22 Ultra SM-S908U 512GB Green Unlocked Good Condition,$309.99,2025-09-04,https://www.ebay.com/itm/356849031106,https://i.ebayimg.com/images/g/ZcMAAeSwJyFoE7dG/s-l500.webp,512 GB,Good,False,Galaxy S22 Ultra,,,,,,,,,,,,True,,,
2,Samsung Galaxy S22 Ultra SM-S908U 512GB Phantom White Unlocked Good Condition,$398.92,2025-08-23,https://www.ebay.com/itm/356849040010,https://i.ebayimg.com/images/g/WLsAAeSwt~loE7hk/s-l500.webp,512 GB,Good,False,Galaxy S22 Ultra,,,,,,,,,,,,True,,,
2,Samsung Galaxy S22 Ultra SM-S908U 512GB Phantom Black Unlocked Good Condition,$398.91,2025-08-23,https://www.ebay.com/itm/356849030073,https://i.ebayimg.com/images/g/5CEAAeSw8rRoE7cf/s-l500.webp,512 GB,Good,False,Galaxy S22 Ultra,,,,,,,,,,,,True,,,
2,Samsung GalaxyS22Ultra SM-S908U 512GB Phantom White Unlocked Very Good Condition,$340.99,2025-09-04,https://www.ebay.com/itm/356845926871,https://i.ebayimg.com/images/g/kMQAAeSwjftoEpai/s-l500.webp,512 GB,Very Good,False,Galaxy S22 Ultra,,,,,,,,,,,,True,,,
2,Samsung Galaxy S22 Ultra - 128GB - Burgundy (Unlocked) SM-S908U Excellent,$314.95,2025-09-10,https://www.ebay.com/itm/146376941184,https://i.ebayimg.com/images/g/Or0AAOSwNrZnp3jN/s-l500.webp,128 GB,Excellent,False,Galaxy S22 Ultra,,,,,,,,,,,,True,,,
2,Samsung Galaxy S22 Ultra SM-S908W - 512GB - Black (Unlocked) - Good Condition,$349.99,2025-09-10,https://www.ebay.com/itm/306436957550,https://i.ebayimg.com/images/g/uOoAAeSwJGdoi49o/s-l500.webp,512 GB,Good,False,Galaxy S22 Ultra,,,,,,,,,,,,True,,,
2,Samsung Galaxy S22 Ultra 5G 128GB Phantom Black Unlocked Excellent Condition,$320.91,2025-09-06,https://www.ebay.com/itm/354773863002,https://i.ebayimg.com/images/g/~28AAOSwXVlkWsq~/s-l500.webp,128 GB,Excellent,False,Galaxy S22 Ultra,,,,,,,,,,,,True,,,
2,Samsung Galaxy S22 Ultra 5G 128GB Burgundy Unlocked Very Good Condition,$317.00,2025-09-05,https://www.ebay.com/itm/356235749288,https://i.ebayimg.com/images/g/GvAAAOSwx3ZnLRPC/s-l500.webp,128 GB,Very Good,False,Galaxy S22 Ultra,,,,,,,,,,,,True,,,
2,Samsung Galaxy S22 Ultra 128GB UNLOCKED  Very Good Condition Burgundy,$299.95,2025-09-08,https://www.ebay.com/itm/116761646977,https://i.ebayimg.com/images/g/VvgAAeSwO25otxYD/s-l500.webp,128 GB,Very Good,False,Galaxy S22 Ultra,,,,,,,,,,,,True,,,
2,REFURBISHED Samsung Galaxy S22 Ultra 128GB SM-S908U1 Black GSM CDMA UNLOCKED,$289.00,2025-09-07,https://www.ebay.com/itm/126287457833,https://i.ebayimg.com/images/g/~YUAAOSw8ENlqFIa/s-l500.webp,128 GB,Unknown,False,Galaxy S22 Ultra,,,,,,,,,,,,True,,,
2,Samsung Galaxy S22 Ultra 256GB - Phantom Black - Unlocked -Refurbished Very Good,$379.99,2025-09-07,https://www.ebay.com/itm/226794340799,https://i.ebayimg.com/images/g/XuEAAOSwNR9oPzco/s-l500.webp,256 GB,Very Good,False,Galaxy S22 Ultra,,,,,,,,,,,,True,,,
2,REFURBISHED Samsung Galaxy S22 Ultra 256GB SM-S908U1 Black GSM CDMA UNLOCKED,$319.00,2025-09-07,https://www.ebay.com/itm/116686623177,https://i.ebayimg.com/images/g/~YUAAOSw8ENlqFIa/s-l500.webp,256 GB,Unknown,False,Galaxy S22 Ultra,,,,,,,,,,,,True,,,
2,Samsung Galaxy S22 Ultra SM-S908U - 128GB - Black (Unlocked) - Good Condition,$310.49,2025-09-07,https://www.ebay.com/itm/306268157423,https://i.ebayimg.com/images/g/lecAAOSw-SVoB475/s-l500.webp,128 GB,Good,False,Galaxy S22 Ultra,,,,,,,,,,,,True,,,
2,Samsung Galaxy S22 Ultra SM-S908U - 128GB - Black (Carrier Unlocked) B-Stock,$292.98,2025-09-06,https://www.ebay.com/itm/156928081882,https://i.ebayimg.com/images/g/ZlYAAOSw7idjkk-P/s-l500.webp,128 GB,Unknown,False,Galaxy S22 Ultra,,,,,,,,,,,,True,,,
2,Samsung Galaxy S22 Ultra 5G 512GB Phantom Black Unlocked Excellent Condition,$449.99,2025-09-05,https://www.ebay.com/itm/277003363482,https://i.ebayimg.com/images/g/lAcAAeSwZm9o4-4o/s-l500.webp,512 GB,Excellent,False,Galaxy S22 Ultra,,,,,,,,,,,,True,,,
2,Samsung Galaxy S22 Ultra 5G 256GB Sky Blue Unlocked Good Condition,$319.99,2025-09-04,https://www.ebay.com/itm/286760393005,https://i.ebayimg.com/images/g/ZLQAAeSw7TBoycrp/s-l500.webp,256 GB,Good,False,Galaxy S22 Ultra,,,,,,,,,,,,True,,,
2,Samsung Galaxy S22 Ultra 128GB S908U UNLOCKED - Good Condition Green,$282.99,2025-09-03,https://www.ebay.com/itm/116753226389,https://i.ebayimg.com/images/g/vrYAAeSwNdVorz9C/s-l500.webp,128 GB,Good,False,Galaxy S22 Ultra,,,,,,,,,,,,True,,,
2,Samsung Galaxy S22 Ultra SM-S908U - 512GB - Burgundy (Unlocked) - Good Condition,$349.99,2025-09-03,https://www.ebay.com/itm/306421531167,https://i.ebayimg.com/images/g/lIQAAeSwjW9ogNu4/s-l500.webp,512 GB,Good,False,Galaxy S22 Ultra,,,,,,,,,,,,True,,,
2,"Samsung Galaxy S22 Ultra 5G SM-S908U 128GB GSM/CDMA FACTORY UNLOCKED ""Very Good""",$309.88,2025-09-02,https://www.ebay.com/itm/364640801877,https://i.ebayimg.com/images/g/QeMAAOSwhyNlhbIA/s-l500.webp,128 GB,Very Good,False,Galaxy S22 Ultra,,,,,,,,,,,,True,,,
2,Samsung Galaxy S22 Ultra Fully Unlocked 6.8in 128GB - Good,$322.00,2025-09-02,https://www.ebay.com/itm/166731657510,https://i.ebayimg.com/images/g/KicAAeSwZxJo5oGE/s-l500.webp,128 GB,Good,False,Galaxy S22 Ultra,,,,,,,,,,,,True,,,
2,"Samsung Galaxy S22 Ultra 5G SM-S908U 128GB Unlocked 6.8"" 108MP WiFi 6E Green",$274.99,2025-08-30,https://www.ebay.com/itm/326648388593,https://i.ebayimg.com/images/g/0hMAAOSwTBJjg1ap/s-l500.webp,128 GB,Unknown,False,Galaxy S22 Ultra,,,,,,,,,,,,True,,,
2,Samsung Galaxy S22 Ultra - 128 GB - Phantom Black - Fully Unlocked 5G  - Good,$279.99,2025-08-27,https://www.ebay.com/itm/267349304918,https://i.ebayimg.com/images/g/FWoAAeSwpwloi8q6/s-l500.webp,128 GB,Good,False,Galaxy S22 Ultra,,,,,,,,,,,,True,,,
2,Samsung Galaxy S22 Ultra 5G 512GB Phantom White Unlocked Very Good Condition,$389.99,2025-08-26,https://www.ebay.com/itm/286779298627,https://i.ebayimg.com/images/g/vekAAeSwjB5oycuf/s-l500.webp,512 GB,Very Good,False,Galaxy S22 Ultra,,,,,,,,,,,,True,,,
2,Samsung Galaxy S22 Ultra - 512GB - Black - Fully Unlocked - Good,$299.99,2025-08-26,https://www.ebay.com/itm/267375673701,https://i.ebayimg.com/images/g/tIEAAeSwF~Nop4lv/s-l500.webp,512 GB,Good,False,Galaxy S22 Ultra,,,,,,,,,,,,True,,,
2,Samsung Galaxy S22 Ultra 5G S908U Unlocked (Any Carrier) Very Good,$274.99,2025-08-24,https://www.ebay.com/itm/355673480689,https://i.ebayimg.com/images/g/IF8AAOSwSBdjEFfF/s-l500.webp,Unknown,Very Good,False,Galaxy S22 Ultra,,,,,,,,,,,,True,,,
2,Samsung Galaxy S22 Ultra 5G - 256GB Black (UNLOCKED) [SM-S908U] Good Refurbished,$312.99,2025-08-21,https://www.ebay.com/itm/145816726078,https://i.ebayimg.com/images/g/X4wAAOSwtqFkwpn5/s-l500.webp,256 GB,Good,False,Galaxy S22 Ultra,,,,,,,,,,,,True,,,
2,Samsung Galaxy S22 Ultra 5G 512GB Phantom White Unlocked Excellent Condition,$419.99,2025-08-20,https://www.ebay.com/itm/277243729072,https://i.ebayimg.com/images/g/-d0AAeSw6wpo1o4~/s-l500.webp,512 GB,Excellent,False,Galaxy S22 Ultra,,,,,,,,,,,,True,,,
2,Samsung Galaxy S22 Ultra - 512 GB - (Unlocked) Very Good Condition,$331.99,2025-08-19,https://www.ebay.com/itm/257019827744,https://i.ebayimg.com/images/g/6kIAAOSwTydoW3qp/s-l500.webp,512 GB,Very Good,False,Galaxy S22 Ultra,,,,,,,,,,,,True,,,
2,Samsung Galaxy S22 Ultra 5G 128GB Red Unlocked Excellent Condition,$319.99,2025-08-19,https://www.ebay.com/itm/277332843104,https://i.ebayimg.com/images/g/LE0AAeSwHEto1X7~/s-l500.webp,128 GB,Excellent,False,Galaxy S22 Ultra,,,,,,,,,,,,True,,,
2,Samsung Galaxy S22 Ultra - 256 GB - Phantom Black - Unlocked - Good Refurbished,$219.99,2025-08-19,https://www.ebay.com/itm/127143091620,https://i.ebayimg.com/images/g/I8QAAOSwihhoOJy9/s-l500.webp,256 GB,Good,False,Galaxy S22 Ultra,,,,,,,,,,,,True,,,
2,"Samsung Galaxy S22 Ultra 5G 128GB Unlocked SM-S908U 6.8"" 108MP IP68 Burgundy",$274.99,2025-08-18,https://www.ebay.com/itm/205666079328,https://i.ebayimg.com/images/g/sHQAAOSwCwdjF7FM/s-l500.webp,128 GB,Unknown,False,Galaxy S22 Ultra,,,,,,,,,,,,True,,,
2,Samsung Galaxy S22 Ultra SM-S908U - 512GB Black (Unlocked) - Very Good Condition,$369.99,2025-08-18,https://www.ebay.com/itm/305820220024,https://i.ebayimg.com/images/g/rHAAAOSwbDBli-T7/s-l500.webp,512 GB,Very Good,False,Galaxy S22 Ultra,,,,,,,,,,,,True,,,
2,Samsung Galaxy S22 Ultra 5G S908U 128GB Unlocked - Excellent,$326.99,2025-08-18,https://www.ebay.com/itm/325247248160,https://i.ebayimg.com/images/g/DckAAOSwNkditevk/s-l500.webp,128 GB,Excellent,False,Galaxy S22 Ultra,,,,,,,,,,,,True,,,
2,Samsung Galaxy S22 Ultra SM-S908U - 256GB - Burgundy (Unlocked) - Very Good Cond,$320.09,2025-08-18,https://www.ebay.com/itm/306219181869,https://i.ebayimg.com/images/g/XREAAOSwQC5n67eU/s-l500.webp,256 GB,Very Good,False,Galaxy S22 Ultra,,,,,,,,,,,,True,,,
2,Samsung Galaxy S22 Ultra - 128 GB - Green - Fully Unlocked 5G - Good,$279.99,2025-08-18,https://www.ebay.com/itm/267349303054,https://i.ebayimg.com/images/g/6PUAAeSwALBoi8kx/s-l500.webp,128 GB,Good,False,Galaxy S22 Ultra,,,,,,,,,,,,True,,,
2,Samsung Galaxy S22 Ultra 5G 256GB Phantom Black Unlocked - Very Good Condition,$339.99,2025-08-17,https://www.ebay.com/itm/294999088553,https://i.ebayimg.com/images/g/3GUAAOSw~ZdlJDSa/s-l500.webp,256 GB,Very Good,False,Galaxy S22 Ultra,,,,,,,,,,,,True,,,
2,Samsung Galaxy S22 Ultra 5G 128GB Black (AT&T & GSM UNLOCKED) VERY GOOD,$310.88,2025-08-16,https://www.ebay.com/itm/187440016778,https://i.ebayimg.com/images/g/3OQAAOSwwUNoPiVx/s-l500.webp,128 GB,Very Good,False,Galaxy S22 Ultra,,,,,,,,,,,,True,,,
2,Samsung Galaxy S22 Ultra 5G S908U 128GB Unlocked - Good,$293.99,2025-08-15,https://www.ebay.com/itm/226604267763,https://i.ebayimg.com/images/g/D4IAAOSwtJdivGHj/s-l500.webp,128 GB,Good,False,Galaxy S22 Ultra,,,,,,,,,,,,True,,,
2,Samsung Galaxy S22 Ultra 128GB (Unlocked) - Phantom White,$299.95,2025-08-14,https://www.ebay.com/itm/316800812973,https://i.ebayimg.com/images/g/hjkAAeSwxi9pAQC~/s-l500.webp,128 GB,Unknown,False,Galaxy S22 Ultra,,,,,,,,,,,,True,,,
2,Samsung Galaxy S22 Ultra 5G - 256GB White *UNLOCKED* SM-S908U Excellent Refurb,$368.99,2025-08-14,https://www.ebay.com/itm/145794618917,https://i.ebayimg.com/images/g/hvgAAOSwkFllw8gV/s-l500.webp,256 GB,Excellent,False,Galaxy S22 Ultra,,,,,,,,,,,,True,,,
2,Samsung Galaxy S22 Ultra 512GB (Unlocked) - Green,$359.98,2025-08-12,https://www.ebay.com/itm/365791725405,https://i.ebayimg.com/images/g/f3UAAeSwROFo8U-e/s-l500.webp,512 GB,Unknown,False,Galaxy S22 Ultra,,,,,,,,,,,,True,,,
2,Samsung Galaxy S22 Ultra 5G Factory Unlocked SM-S908U1 - Pristine Condition,$439.99,2025-08-11,https://www.ebay.com/itm/155001321348,https://i.ebayimg.com/images/g/d3IAAOSwxeFmvPP4/s-l500.webp,Unknown,Unknown,False,Galaxy S22 Ultra,,,,,,,,,,,,True,,,
2,Samsung Galaxy S22 Ultra S908U1 128GB 256GB 512GB Unlocked Good Refurbished,$285.99,2025-08-10,https://www.ebay.com/itm/357175429014,https://i.ebayimg.com/images/g/kZEAAOSwl2lltC5v/s-l500.webp,128 GB,Good,False,Galaxy S22 Ultra,,,,,,,,,,,,True,,,
2,Samsung Galaxy S22 Ultra 512GB (Unlocked) - Green,$399.95,2025-08-09,https://www.ebay.com/itm/316801012715,https://i.ebayimg.com/images/g/ixEAAeSwrBRo4jeO/s-l500.webp,512 GB,Unknown,False,Galaxy S22 Ultra,,,,,,,,,,,,True,,,
2,Samsung Galaxy S22 Ultra SM-S908U - 512GB - Black (Carrier Unlocked) C-Stock,$314.98,2025-08-08,https://www.ebay.com/itm/156835064286,https://i.ebayimg.com/images/g/ZlYAAOSw7idjkk-P/s-l500.webp,512 GB,Unknown,False,Galaxy S22 Ultra,,,,,,,,,,,,True,,,
2,Samsung Galaxy S22 Ultra 512GB (Unlocked) - Phantom Black,$369.95,2025-08-08,https://www.ebay.com/itm/146593165989,https://i.ebayimg.com/images/g/bV0AAeSwQbdpAbjt/s-l500.webp,512 GB,Unknown,False,Galaxy S22 Ultra,,,,,,,,,,,,True,,,
2,Samsung Galaxy S22 Ultra 512GB (Unlocked) - Burgundy,$359.95,2025-08-08,https://www.ebay.com/itm/146751452729,https://i.ebayimg.com/images/g/8DoAAeSw9K5o-6Q3/s-l500.webp,512 GB,Unknown,False,Galaxy S22 Ultra,,,,,,,,,,,,True,,,
2,Samsung Galaxy S22 Ultra SM-S908U 128GB 5G Unlocked Smartphone - Very Good,$324.99,2025-08-07,https://www.ebay.com/itm/403973635566,https://i.ebayimg.com/images/g/vXQAAOSwcHJjYvQC/s-l500.webp,128 GB,Very Good,False,Galaxy S22 Ultra,,,,,,,,,,,,True,,,
2,Samsung Galaxy S22 Ultra - 128GB 256GB 512GB 1TB - All Colors - Excellent,$309.00,2025-08-07,https://www.ebay.com/itm/276450711231,https://i.ebayimg.com/images/g/rq0AAOSwqCpmNVOb/s-l500.webp,128 GB,Excellent,False,Galaxy S22 Ultra,,,,,,,,,,,,True,,,
2,Samsung Galaxy S22 Ultra SM-S908U 256GB 8GB Unlocked Black Good Condition,$348.84,2025-08-06,https://www.ebay.com/itm/406047676366,https://i.ebayimg.com/images/g/MesAAeSwZbJocIR-/s-l500.webp,256 GB,Good,False,Galaxy S22 Ultra,,,,,,,,,,,,True,,,
2,Samsung Galaxy S22 Ultra SM-S908U1 Unlocked 256GB Burgundy Good,$314.99,2025-08-04,https://www.ebay.com/itm/196520692431,https://i.ebayimg.com/images/g/vnEAAOSwNAxmoUXH/s-l500.webp,256 GB,Good,False,Galaxy S22 Ultra,,,,,,,,,,,,True,,,
2,Samsung Galaxy S22 Ultra SM-S908E Unlocked 512GB Phantom Black Good,$301.18,2025-08-03,https://www.ebay.com/itm/176488058455,https://i.ebayimg.com/images/g/m3IAAOSwZFpmoUgE/s-l500.webp,512 GB,Good,False,Galaxy S22 Ultra,,,,,,,,,,,,True,,,
2,Samsung Galaxy S22 Ultra SM-S908U - 128GB - Phantom Black (Unlocked) - Good Cond,$309.99,2025-07-31,https://www.ebay.com/itm/306421528177,https://i.ebayimg.com/images/g/6woAAOSwQnpm7Cgl/s-l500.webp,128 GB,Good,False,Galaxy S22 Ultra,,,,,,,,,,,,True,,,
1,Samsung Galaxy S23 Ultra 512GB S918U Unlocked - Good,$419.99,2025-10-20,https://www.ebay.com/itm/256413667885,https://i.ebayimg.com/images/g/~wAAAeSwVshoPGVL/s-l500.webp,512 GB,Good,False,Galaxy S23 Ultra,,,,,,,,,,,,,True,,
1,Samsung Galaxy S23 Ultra 256GB S918U Unlocked - Excellent,$429.99,2025-10-20,https://www.ebay.com/itm/256379350806,https://i.ebayimg.com/images/g/3zUAAeSwx09oL5cI/s-l500.webp,256 GB,Excellent,False,Galaxy S23 Ultra,,,,,,,,,,,,,True,,
1,Samsung Galaxy S23 Ultra 512GB S918U Unlocked - Very Good,$443.99,2025-10-20,https://www.ebay.com/itm/256613651818,https://i.ebayimg.com/images/g/gksAAeSwbetoNKMA/s-l500.webp,512 GB,Very Good,False,Galaxy S23 Ultra,,,,,,,,,,,,,True,,
1,Samsung Galaxy S23 Ultra 256GB S918U Unlocked - Very Good,$410.99,2025-10-20,https://www.ebay.com/itm/256379350872,https://i.ebayimg.com/images/g/GmkAAeSwNEBoL7tf/s-l500.webp,256 GB,Very Good,False,Galaxy S23 Ultra,,,,,,,,,,,,,True,,
1,Samsung Galaxy S23 Ultra 256GB Unlocked ATT T-Mobile Verizon Excellent Condition,$442.95,2025-10-18,https://www.ebay.com/itm/306207383416,https://i.ebayimg.com/images/g/ffsAAOSw-iNn6r0c/s-l500.webp,256 GB,Excellent,False,Galaxy S23 Ultra,,,,,,,,,,,,,True,,
1,Samsung Galaxy S23 Ultra 512GB Unlocked ATT T-Mobile Verizon Very Good Condition,$456.95,2025-10-20,https://www.ebay.com/itm/306207382298,https://i.ebayimg.com/images/g/W5EAAOSwD79n6rz1/s-l500.webp,512 GB,Very Good,False,Galaxy S23 Ultra,,,,,,,,,,,,,True,,
1,Samsung Galaxy S23 Ultra 512GB S918U Unlocked - Excellent,$466.99,2025-10-20,https://www.ebay.com/itm/256482045980,https://i.ebayimg.com/images/g/S10AAeSwJz5oL11N/s-l500.webp,512 GB,Excellent,False,Galaxy S23 Ultra,,,,,,,,,,,,,True,,
1,Samsung Galaxy S23 Ultra SM-S918U1 5G 256GB - Green (Unlocked) #L399,$349.00,2025-10-20,https://www.ebay.com/itm/146860286840,https://i.ebayimg.com/images/g/pfkAAeSw6WFo2YLT/s-l500.webp,256 GB,Unknown,False,Galaxy S23 Ultra,,,,,,,,,,,,,True,,
1,Samsung Galaxy S23 Ultra SM-S918U1 256GB Black FACTORY Unlocked #L613,$379.00,2025-10-20,https://www.ebay.com/itm/116826063658,https://i.ebayimg.com/images/g/1VUAAeSwWlJo7Sis/s-l500.webp,256 GB,Unknown,False,Galaxy S23 Ultra,,,,,,,,,,,,,True,,
1,Samsung Galaxy S23 Ultra SM-S918U1 Unlocked 256GB Phantom Black Good,$360.74,2025-10-20,https://www.ebay.com/itm/196518721966,https://i.ebayimg.com/images/g/deYAAOSwyVRmoAA6/s-l500.webp,256 GB,Good,False,Galaxy S23 Ultra,,,,,,,,,,,,,True,,
1,Samsung Galaxy S23 Ultra SM-S918U1 256GB Black FACTORY Unlocked REFURBISHED,$399.00,2025-10-20,https://www.ebay.com/itm/146896466218,https://i.ebayimg.com/images/g/fSkAAeSw~YBo7wRU/s-l500.webp,256 GB,Unknown,False,Galaxy S23 Ultra,,,,,,,,,,,,,True,,
1,Samsung Galaxy S23 Ultra SM-S918U1 512GB FACTORY UNLOCKED CDMA + GSM - EXCELLENT,$459.48,2025-10-20,https://www.ebay.com/itm/135187534483,https://i.ebayimg.com/images/g/JnUAAOSw7NxmLl3S/s-l500.webp,512 GB,Excellent,False,Galaxy S23 Ultra,,,,,,,,,,,,,True,,
1,Samsung Galaxy S23 Ultra 256GB SM-S918U1 Factory Unlocked - Excellent,$419.48,2025-10-20,https://www.ebay.com/itm/116285984225,https://i.ebayimg.com/images/g/JnUAAOSw7NxmLl3S/s-l500.webp,256 GB,Excellent,False,Galaxy S23 Ultra,,,,,,,,,,,,,True,,
1,Unlocked Samsung Galaxy S23 Ultra 5G SM-S918U - Excellent Condition -  ALL Color,$429.00,2025-10-20,https://www.ebay.com/itm/167374964707,https://i.ebayimg.com/images/g/wxsAAOSwjUJnp6BB/s-l500.webp,Unknown,Excellent,False,Galaxy S23 Ultra,,,,,,,,,,,,,True,,
1,Samsung Galaxy S23 Ultra SM-S918U1 512GB GREEN FACTORY Unlocked #L472,$469.00,2025-10-20,https://www.ebay.com/itm/116826362571,https://i.ebayimg.com/images/g/dLMAAeSweIJo7Wth/s-l500.webp,512 GB,Unknown,False,Galaxy S23 Ultra,,,,,,,,,,,,,True,,
1,Samsung Galaxy S23 Ultra SM-S918U1 256GB Lavender Unlocked #L462,$429.00,2025-10-20,https://www.ebay.com/itm/127429929812,https://i.ebayimg.com/images/g/GyYAAeSwnUxo7Wmd/s-l500.webp,256 GB,Unknown,False,Galaxy S23 Ultra,,,,,,,,,,,,,True,,
1,Samsung Galaxy S23 Ultra SM-S918U1 512GB GREEN FACTORY Unlocked #L470,$469.00,2025-10-20,https://www.ebay.com/itm/127429936735,https://i.ebayimg.com/images/g/eRMAAeSwj8Vo7Wrh/s-l500.webp,512 GB,Unknown,False,Galaxy S23 Ultra,,,,,,,,,,,,,True,,
1,Samsung Galaxy S23 Ultra SM-S918U1 512GB GREEN FACTORY Unlocked #L189,$449.00,2025-10-20,https://www.ebay.com/itm/127380829255,https://i.ebayimg.com/images/g/ar8AAeSw44VozOPp/s-l500.webp,512 GB,Unknown,False,Galaxy S23 Ultra,,,,,,,,,,,,,True,,
1,Samsung Galaxy S23 Ultra 512GB Unlocked ATT T-Mobile Verizon Excellent Condition,$503.95,2025-10-20,https://www.ebay.com/itm/297159037333,https://i.ebayimg.com/images/g/TVcAAOSwJjxn6rze/s-l500.webp,512 GB,Excellent,False,Galaxy S23 Ultra,,,,,,,,,,,,,True,,
1,Samsung Galaxy S23 Ultra SM-S918U1  5G 256GB - Green (Unlocked) #L580,$379.00,2025-10-19,https://www.ebay.com/itm/146893596117,https://i.ebayimg.com/images/g/GRsAAeSwRuVo7Sx0/s-l500.webp,256 GB,Unknown,False,Galaxy S23 Ultra,,,,,,,,,,,,,True,,
1,Samsung Galaxy S23 Ultra SM-S918U1 Unlocked 1TB Red Very Good,$685.99,2025-10-20,https://www.ebay.com/itm/187574093916,https://i.ebayimg.com/images/g/QHAAAeSwXhxoyawa/s-l500.webp,Unknown,Very Good,False,Galaxy S23 Ultra,,,,,,,,,,,,,True,,
1,Samsung Galaxy S23 Ultra SM-S918U 256GB Unlocked Excellent Condition,$591.59,2025-10-19,https://www.ebay.com/itm/357600866011,https://i.ebayimg.com/images/g/3C4AAeSw-z5owxXv/s-l500.webp,256 GB,Excellent,False,Galaxy S23 Ultra,,,,,,,,,,,,,True,,
1,Samsung Galaxy S23 Ultra 256GB S918U Unlocked - Good,$382.99,2025-10-19,https://www.ebay.com/itm/256460585805,https://i.ebayimg.com/images/g/am8AAeSwvzdoL7An/s-l500.webp,256 GB,Good,False,Galaxy S23 Ultra,,,,,,,,,,,,,True,,
1,Samsung Galaxy S23 Ultra SM-S918U1 512GB Black FACTORY Unlocked REFURBISHED,$439.00,2025-10-19,https://www.ebay.com/itm/127091229776,https://i.ebayimg.com/images/g/ntIAAOSwj39oCo8N/s-l500.webp,512 GB,Unknown,False,Galaxy S23 Ultra,,,,,,,,,,,,,True,,
1,Samsung Galaxy S23 Ultra 512GB Phantom Black Unlocked Excellent Condition,$539.99,2025-10-18,https://www.ebay.com/itm/275767438548,https://i.ebayimg.com/images/g/SVMAAOSwZIxkUAHY/s-l500.webp,512 GB,Excellent,False,Galaxy S23 Ultra,,,,,,,,,,,,,True,,
1,Samsung Galaxy S23 Ultra 256GB Unlocked ATT T-Mobile Verizon Very Good Condition,$409.95,2025-10-18,https://www.ebay.com/itm/306207382094,https://i.ebayimg.com/images/g/hOIAAOSwRKpn6rzq/s-l500.webp,256 GB,Very Good,False,Galaxy S23 Ultra,,,,,,,,,,,,,True,,
1,"SAMSUNG Galaxy S23 Ultra 5G (256GB, 8GB) 6.8"" Fully Unlocked US & Global S918U",$457.51,2025-07-01,https://www.ebay.com/itm/135114419612,https://i.ebayimg.com/images/g/rP4AAeSw1HBoqzxp/s-l500.webp,256 GB,Unknown,False,Galaxy S23 Ultra,,,,,,,,,,,,,True,,
1,Samsung Galaxy S23 Ultra SM-S918U 512GB Unlocked Excellent Condition,$553.98,2025-10-18,https://www.ebay.com/itm/357498582015,https://i.ebayimg.com/images/g/JMAAAeSwNmxosLkB/s-l500.webp,512 GB,Excellent,False,Galaxy S23 Ultra,,,,,,,,,,,,,True,,
1,Samsung Galaxy S23 Ultra SM-S918U - 256GB - Lavender (Carrier Unlocked),$519.98,2025-10-18,https://www.ebay.com/itm/157160924146,https://i.ebayimg.com/images/g/O4EAAOSwIxhmFbbe/s-l500.webp,256 GB,Unknown,False,Galaxy S23 Ultra,,,,,,,,,,,,,True,,
1,Samsung Galaxy S23 Ultra SM-S918U1 512GB BLUE Unlocked #L608,$474.00,2025-10-17,https://www.ebay.com/itm/127429657432,https://i.ebayimg.com/images/g/ya0AAeSw6lZo7SQR/s-l500.webp,512 GB,Unknown,False,Galaxy S23 Ultra,,,,,,,,,,,,,True,,
1,Samsung Galaxy S23 Ultra SM-S918U 512GB Unlocked Very Good Condition,$566.04,2025-10-17,https://www.ebay.com/itm/357295093960,https://i.ebayimg.com/images/g/ywIAAeSwTKpowxOP/s-l500.webp,512 GB,Very Good,False,Galaxy S23 Ultra,,,,,,,,,,,,,True,,
1,Samsung Galaxy S23 Ultra Black 256GB Good - Refurbished  - Unlocked,$412.99,2025-10-17,https://www.ebay.com/itm/127429969918,https://i.ebayimg.com/images/g/V1oAAeSwFEho9rcA/s-l500.webp,256 GB,Good,False,Galaxy S23 Ultra,,,,,,,,,,,,,True,,
1,Samsung Galaxy S23 Ultra - 512 GB - GSM+CDMA (Unlocked) W/SPEN - GRADE A,$522.99,2025-10-16,https://www.ebay.com/itm/276522510804,https://i.ebayimg.com/images/g/qg8AAOSwy6dmeQqv/s-l500.webp,512 GB,Unknown,False,Galaxy S23 Ultra,,,,,,,,,,,,,True,,
1,Samsung Galaxy S23 Ultra 256GB Unlocked AT&T T-Mobile Verizon Good Condition,$385.95,2025-10-16,https://www.ebay.com/itm/297177337583,https://i.ebayimg.com/images/g/ZtgAAOSwDxdn7syf/s-l500.webp,256 GB,Good,False,Galaxy S23 Ultra,,,,,,,,,,,,,True,,
1,Samsung Galaxy S23 Ultra SM-S918U 256GB Unlocked Very Good Condition,$447.49,2025-10-16,https://www.ebay.com/itm/357600872258,https://i.ebayimg.com/images/g/7cwAAeSwZPZoww90/s-l500.webp,256 GB,Very Good,False,Galaxy S23 Ultra,,,,,,,,,,,,,True,,
1,Samsung Galaxy S23 Ultra SM-S918U1 512GB 5G LAVENDER Unlocked #L545,$449.00,2025-10-15,https://www.ebay.com/itm/116826206305,https://i.ebayimg.com/images/g/uYUAAeSwkBdo7Uej/s-l500.webp,512 GB,Unknown,False,Galaxy S23 Ultra,,,,,,,,,,,,,True,,
1,Samsung Galaxy S23 Ultra SM-S918U1  256 GB - Sky Blue (Unlocked) #L439,$399.00,2025-10-15,https://www.ebay.com/itm/116829184982,https://i.ebayimg.com/images/g/L2cAAeSwWlJo7W3Z/s-l500.webp,256 GB,Unknown,False,Galaxy S23 Ultra,,,,,,,,,,,,,True,,
1,Samsung Galaxy S23 Ultra SM-S918U1 256GB Black FACTORY Unlocked #L603,$389.00,2025-10-15,https://www.ebay.com/itm/127429659384,https://i.ebayimg.com/images/g/CLkAAeSw~fJo7SRO/s-l500.webp,256 GB,Unknown,False,Galaxy S23 Ultra,,,,,,,,,,,,,True,,
1,Samsung Galaxy S23 Ultra SM-S918U1 512GB 5G LAVENDER Unlocked #L589,$424.00,2025-10-15,https://www.ebay.com/itm/146893609209,https://i.ebayimg.com/images/g/Le4AAeSwilNo7S8h/s-l500.webp,512 GB,Unknown,False,Galaxy S23 Ultra,,,,,,,,,,,,,True,,
1,Samsung Galaxy S23 Ultra SM-S918U1 512GB RED Unlocked #L591,$439.00,2025-10-15,https://www.ebay.com/itm/127429717082,https://i.ebayimg.com/images/g/kHkAAeSwgG1o7S-j/s-l500.webp,512 GB,Unknown,False,Galaxy S23 Ultra,,,,,,,,,,,,,True,,
1,Samsung Galaxy S23 Ultra SM-S918U1  5G 256GB - Green (Unlocked) #L560,$389.00,2025-10-15,https://www.ebay.com/itm/116826150503,https://i.ebayimg.com/images/g/Y6sAAeSwRg9o7Trh/s-l500.webp,256 GB,Unknown,False,Galaxy S23 Ultra,,,,,,,,,,,,,True,,
1,Samsung Galaxy S23 Ultra SM-S918U1 512GB RED Unlocked #L313,$424.00,2025-10-15,https://www.ebay.com/itm/116801258764,https://i.ebayimg.com/images/g/XX8AAeSwESto2ZQK/s-l500.webp,512 GB,Unknown,False,Galaxy S23 Ultra,,,,,,,,,,,,,True,,
1,Samsung Galaxy S23 Ultra SM-S918U1 256GB Black FACTORY Unlocked #L289,$364.00,2025-10-15,https://www.ebay.com/itm/116801390281,https://i.ebayimg.com/images/g/n9EAAeSwjwNo2bIA/s-l500.webp,256 GB,Unknown,False,Galaxy S23 Ultra,,,,,,,,,,,,,True,,
1,Samsung Galaxy S23 Ultra SM-S918U1 5G 256GB - Green (Unlocked) #L482,$419.00,2025-10-14,https://www.ebay.com/itm/127429857253,https://i.ebayimg.com/images/g/m~MAAeSwtM5o7VSw/s-l500.webp,256 GB,Unknown,False,Galaxy S23 Ultra,,,,,,,,,,,,,True,,
1,Samsung Galaxy S23 Ultra SM-S918U1 512GB GREEN FACTORY Unlocked #L460,$479.00,2025-10-14,https://www.ebay.com/itm/116826348239,https://i.ebayimg.com/images/g/xrkAAeSw9OJo7Wjk/s-l500.webp,512 GB,Unknown,False,Galaxy S23 Ultra,,,,,,,,,,,,,True,,
1,Samsung Galaxy S23 Ultra SM-S918U1 512GB GREEN FACTORY Unlocked #L467,$479.00,2025-10-14,https://www.ebay.com/itm/146893915999,https://i.ebayimg.com/images/g/brAAAeSwUW1o7Wpy/s-l500.webp,512 GB,Unknown,False,Galaxy S23 Ultra,,,,,,,,,,,,,True,,
1,Samsung Galaxy S23 Ultra SM-S918U1  5G 256GB - Green (Unlocked) #L534,$389.00,2025-10-14,https://www.ebay.com/itm/146896280631,https://i.ebayimg.com/images/g/2bIAAeSwTjZo7URs/s-l500.webp,256 GB,Unknown,False,Galaxy S23 Ultra,,,,,,,,,,,,,True,,
1,Samsung Galaxy S23 Ultra 5G 256/512/1TB Unlocked T-Mobile AT&T Verizon Good,$581.79,2025-10-15,https://www.ebay.com/itm/315387892947,https://i.ebayimg.com/images/g/XeQAAOSwQJVmR54f/s-l500.webp,Unknown,Good,False,Galaxy S23 Ultra,,,,,,,,,,,,,True,,
1,Samsung Galaxy S23 Ultra SM-S918U1  5G 256GB - Green (Unlocked) #L534,$389.00,2025-10-14,https://www.ebay.com/itm/127429794216,https://i.ebayimg.com/images/g/2bIAAeSwTjZo7URs/s-l500.webp,256 GB,Unknown,False,Galaxy S23 Ultra,,,,,,,,,,,,,True,,
1,Samsung Galaxy S23 Ultra SM-S918U1 256GB Black FACTORY Unlocked REFURBISHED,$419.00,2025-10-13,https://www.ebay.com/itm/116574704264,https://i.ebayimg.com/images/g/ntIAAOSwj39oCo8N/s-l500.webp,256 GB,Unknown,False,Galaxy S23 Ultra,,,,,,,,,,,,,True,,
1,Samsung Galaxy S23 Ultra SM-S918U1 5G 256GB - Green (Unlocked) #Y684,$359.00,2025-10-14,https://www.ebay.com/itm/146838740596,https://i.ebayimg.com/images/g/aloAAeSwzTloo1K0/s-l500.webp,256 GB,Unknown,False,Galaxy S23 Ultra,,,,,,,,,,,,,True,,
1,Samsung Galaxy S23 Ultra SM-S918U1 512GB GREEN FACTORY Unlocked #L480,$439.00,2025-10-14,https://www.ebay.com/itm/116826364883,https://i.ebayimg.com/images/g/hSMAAeSwbmJo7WzB/s-l500.webp,512 GB,Unknown,False,Galaxy S23 Ultra,,,,,,,,,,,,,True,,
1,Samsung Galaxy S23 Ultra SM-S918U1 512GB RED Unlocked #L590,$469.00,2025-10-14,https://www.ebay.com/itm/146893610063,https://i.ebayimg.com/images/g/jf0AAeSwZm9o7S9K/s-l500.webp,512 GB,Unknown,False,Galaxy S23 Ultra,,,,,,,,,,,,,True,,
1,Samsung Galaxy S23 Ultra SM-S918U1  5G 256GB - Green (Unlocked) #L283,$389.00,2025-10-14,https://www.ebay.com/itm/127429953365,https://i.ebayimg.com/images/g/v68AAeSwpFxo7XCW/s-l500.webp,256 GB,Unknown,False,Galaxy S23 Ultra,,,,,,,,,,,,,True,,
1,Samsung Galaxy S23 Ultra SM-S918U - 256GB - Black (Unlocked) - Very Good Cond.,$429.99,2025-10-14,https://www.ebay.com/itm/306145242850,https://i.ebayimg.com/images/g/wP4AAOSwEfxmNQM2/s-l500.webp,256 GB,Very Good,False,Galaxy S23 Ultra,,,,,,,,,,,,,True,,
1,Samsung Galaxy S23 Ultra SM-S918U1 - 256GB - Phantom Black UNLOCKED 5G,$469.00,2025-10-14,https://www.ebay.com/itm/145146125329,https://i.ebayimg.com/images/g/PB0AAOSw4pRkdjUK/s-l500.webp,256 GB,Unknown,False,Galaxy S23 Ultra,,,,,,,,,,,,,True,,
1,Samsung Galaxy S23 Ultra SM-S918B/DS 512GB FACTORY UNLOCKED DUAL SIM CDMA + GSM,$699.48,2025-03-26,https://www.ebay.com/itm/126673992413,https://i.ebayimg.com/images/g/JnUAAOSw7NxmLl3S/s-l500.webp,512 GB,Unknown,False,Galaxy S23 Ultra,,,,,,,,,,,,,True,,
1,Samsung Galaxy S23 Ultra SM-S918U1 256GB Lavender Unlocked #L465,$439.00,2025-10-13,https://www.ebay.com/itm/116826352528,https://i.ebayimg.com/images/g/SiEAAeSwwfdo7Wos/s-l500.webp,256 GB,Unknown,False,Galaxy S23 Ultra,,,,,,,,,,,,,True,,
1,Samsung Galaxy S23 Ultra 5G 256GB SM-S918U1  Cream Unlocked #L466,$439.00,2025-10-13,https://www.ebay.com/itm/116826352822,https://i.ebayimg.com/images/g/bT4AAeSwsPlo7WpI/s-l500.webp,256 GB,Unknown,False,Galaxy S23 Ultra,,,,,,,,,,,,,True,,
1,Samsung Galaxy S23 Ultra 5G 256GB SM-S918U1  Cream Unlocked #L398,$419.00,2025-10-13,https://www.ebay.com/itm/127400431089,https://i.ebayimg.com/images/g/2ZAAAeSwS2ho2YMn/s-l500.webp,256 GB,Unknown,False,Galaxy S23 Ultra,,,,,,,,,,,,,True,,
1,Samsung Galaxy S23 Ultra SM-S918U1 512GB GREEN FACTORY Unlocked #L393,$459.00,2025-10-13,https://www.ebay.com/itm/116801171448,https://i.ebayimg.com/images/g/x68AAeSwt61o2YGF/s-l500.webp,512 GB,Unknown,False,Galaxy S23 Ultra,,,,,,,,,,,,,True,,
1,Samsung Galaxy S23 Ultra SM-S918U1 512GB CREAM  FACTORY Unlocked #L290,$454.00,2025-10-13,https://www.ebay.com/itm/127400621609,https://i.ebayimg.com/images/g/vM0AAeSwV-xo2bIo/s-l500.webp,512 GB,Unknown,False,Galaxy S23 Ultra,,,,,,,,,,,,,True,,
1,Samsung Galaxy S23 Ultra 5G 256GB SM-S918U1  Cream Unlocked #L354,$419.00,2025-10-13,https://www.ebay.com/itm/146890826496,https://i.ebayimg.com/images/g/NoAAAeSwPqNo2Y4d/s-l500.webp,256 GB,Unknown,False,Galaxy S23 Ultra,,,,,,,,,,,,,True,,
1,Samsung Galaxy S23 Ultra SM-S918U1 256GB Black FACTORY Unlocked #L532,$389.00,2025-10-13,https://www.ebay.com/itm/116826189104,https://i.ebayimg.com/images/g/kcsAAeSwlFVo7UPY/s-l500.webp,256 GB,Unknown,False,Galaxy S23 Ultra,,,,,,,,,,,,,True,,
1,Samsung Galaxy S23 Ultra SM-S918U1 256GB Black FACTORY Unlocked #L614,$389.00,2025-10-13,https://www.ebay.com/itm/116826071146,https://i.ebayimg.com/images/g/gjUAAeSwrXFo7Slg/s-l500.webp,256 GB,Unknown,False,Galaxy S23 Ultra,,,,,,,,,,,,,True,,
1,Samsung Galaxy S23 Ultra SM-S918U1 512GB GREEN FACTORY Unlocked #L612,$439.00,2025-10-13,https://www.ebay.com/itm/146893569715,https://i.ebayimg.com/images/g/KAAAAeSwzeJo7SgM/s-l500.webp,512 GB,Unknown,False,Galaxy S23 Ultra,,,,,,,,,,,,,True,,
1,Samsung Galaxy S23 Ultra SM-S918U1 256GB Black FACTORY Unlocked #L592,$389.00,2025-10-13,https://www.ebay.com/itm/127429717614,https://i.ebayimg.com/images/g/MzAAAeSwEQho7S-8/s-l500.webp,256 GB,Unknown,False,Galaxy S23 Ultra,,,,,,,,,,,,,True,,
1,Samsung Galaxy S23 Ultra SM-S918U1 256GB Black FACTORY Unlocked #L593,$389.00,2025-10-13,https://www.ebay.com/itm/146893612177,https://i.ebayimg.com/images/g/U8wAAeSwpFxo7S~p/s-l500.webp,256 GB,Unknown,False,Galaxy S23 Ultra,,,,,,,,,,,,,True,,
1,Samsung Galaxy S23 Ultra SM-S918U - 1TB - Black (Unlocked) - Very Good Condition,$749.99,2025-03-18,https://www.ebay.com/itm/306177222012,https://i.ebayimg.com/images/g/k7EAAOSwXuVmte2K/s-l500.webp,Unknown,Very Good,False,Galaxy S23 Ultra,,,,,,,,,,,,,True,,
1,Samsung Galaxy S23 Ultra 5G - 256GB Black *UNLOCKED* [SM-S918U] Good Refurbished,$405.99,2025-10-13,https://www.ebay.com/itm/145812921828,https://i.ebayimg.com/images/g/YZQAAOSwdRlmOVyM/s-l500.webp,256 GB,Good,False,Galaxy S23 Ultra,,,,,,,,,,,,,True,,
1,Samsung Galaxy S23 Ultra SM-S918U1  256 GB - Sky Blue (Unlocked) #L292,$429.00,2025-10-12,https://www.ebay.com/itm/146860634561,https://i.ebayimg.com/images/g/duMAAeSw9J5o2bKq/s-l500.webp,256 GB,Unknown,False,Galaxy S23 Ultra,,,,,,,,,,,,,True,,
1,Samsung Galaxy S23 Ultra SM-S918U1 512GB GREEN FACTORY Unlocked #L409,$444.00,2025-10-12,https://www.ebay.com/itm/116801065588,https://i.ebayimg.com/images/g/OmQAAeSwg5Vo2Wsm/s-l500.webp,512 GB,Unknown,False,Galaxy S23 Ultra,,,,,,,,,,,,,True,,
1,Samsung Galaxy S23 Ultra 512GB Sky Blue Unlocked Excellent Condition,$539.99,2025-10-12,https://www.ebay.com/itm/297663763708,https://i.ebayimg.com/images/g/67sAAeSwuHZo8ltW/s-l500.webp,512 GB,Excellent,False,Galaxy S23 Ultra,,,,,,,,,,,,,True,,
1,Samsung Galaxy S23 Ultra 5G 256GB SM-S918U1  Cream Unlocked #L354,$424.00,2025-10-11,https://www.ebay.com/itm/146860349968,https://i.ebayimg.com/images/g/NoAAAeSwPqNo2Y4d/s-l500.webp,256 GB,Unknown,False,Galaxy S23 Ultra,,,,,,,,,,,,,True,,
1,Samsung Galaxy S23 Ultra SM-S918U1 512GB GREEN FACTORY Unlocked #L192,$449.00,2025-10-10,https://www.ebay.com/itm/116786785246,https://i.ebayimg.com/images/g/NFgAAeSwJAxozORw/s-l500.webp,512 GB,Unknown,False,Galaxy S23 Ultra,,,,,,,,,,,,,True,,
1,Samsung Galaxy S23 Ultra SM-S918U1 512GB GRAPHITE Unlocked #L316,$464.00,2025-10-10,https://www.ebay.com/itm/146860388757,https://i.ebayimg.com/images/g/K34AAeSwTjZo2ZWl/s-l500.webp,512 GB,Unknown,False,Galaxy S23 Ultra,,,,,,,,,,,,,True,,
1,Samsung Galaxy S23 Ultra SM-S918U1 512GB Black FACTORY Unlocked #L397,$439.00,2025-10-10,https://www.ebay.com/itm/127400424305,https://i.ebayimg.com/images/g/zhkAAeSwQc1o2YJj/s-l500.webp,512 GB,Unknown,False,Galaxy S23 Ultra,,,,,,,,,,,,,True,,
1,Samsung Galaxy S23 Ultra SM-S918U1 512GB CREAM  FACTORY Unlocked #L279,$474.00,2025-10-10,https://www.ebay.com/itm/127417709655,https://i.ebayimg.com/images/g/qFcAAeSwKe1o2bAH/s-l500.webp,512 GB,Unknown,False,Galaxy S23 Ultra,,,,,,,,,,,,,True,,
1,"Samsung Galaxy S23 Ultra 256GB Unlocked SM-S918U 6.8"" 200MP 5G NFC Phantom Black",$389.99,2025-10-10,https://www.ebay.com/itm/197420296920,https://i.ebayimg.com/images/g/IlwAAOSw3kRkpd2X/s-l500.webp,256 GB,Unknown,False,Galaxy S23 Ultra,,,,,,,,,,,,,True,,
1,Samsung Galaxy S23 Ultra SM-S918U1 512GB GREEN FACTORY UNLOCKED 5G,$519.00,2025-10-10,https://www.ebay.com/itm/145713371436,https://i.ebayimg.com/images/g/ui8AAOSwe31l7z3R/s-l500.webp,512 GB,Unknown,False,Galaxy S23 Ultra,,,,,,,,,,,,,True,,
1,Samsung Galaxy S23 Ultra SM-S918U - 256GB - Green (Unlocked) - Very Good Cond.,$429.99,2025-10-10,https://www.ebay.com/itm/305884846128,https://i.ebayimg.com/images/g/sbcAAOSwpctnGl4-/s-l500.webp,256 GB,Very Good,False,Galaxy S23 Ultra,,,,,,,,,,,,,True,,
1,Samsung Galaxy S23 Ultra SM-S918U1 5G 256GB - Green (Unlocked) #L285,$404.00,2025-10-09,https://www.ebay.com/itm/116801388651,https://i.ebayimg.com/images/g/mfoAAeSwfSJo2bFt/s-l500.webp,256 GB,Unknown,False,Galaxy S23 Ultra,,,,,,,,,,,,,True,,
1,Samsung Galaxy S23 Ultra SM-S918U1 5G 256GB - Green (Unlocked) #L284,$404.00,2025-10-09,https://www.ebay.com/itm/146860619893,https://i.ebayimg.com/images/g/dr8AAeSwgDlo2bFX/s-l500.webp,256 GB,Unknown,False,Galaxy S23 Ultra,,,,,,,,,,,,,True,,
1,Samsung Galaxy S23 Ultra SM-S918U1 512GB GREEN FACTORY Unlocked #L191,$454.00,2025-10-09,https://www.ebay.com/itm/116786784388,https://i.ebayimg.com/images/g/KWwAAeSwKu1ozORL/s-l500.webp,512 GB,Unknown,False,Galaxy S23 Ultra,,,,,,,,,,,,,True,,
1,Samsung Galaxy S23 Ultra SM-S918U1 512GB Black FACTORY Unlocked #L326,$429.00,2025-10-09,https://www.ebay.com/itm/116801173391,https://i.ebayimg.com/images/g/onYAAeSwt9Fo2YKF/s-l500.webp,512 GB,Unknown,False,Galaxy S23 Ultra,,,,,,,,,,,,,True,,
1,Samsung Galaxy S23 Ultra SM-S918U1 512GB Black FACTORY Unlocked #L356,$429.00,2025-10-09,https://www.ebay.com/itm/127400543154,https://i.ebayimg.com/images/g/JqIAAeSwi~No2Zwm/s-l500.webp,512 GB,Unknown,False,Galaxy S23 Ultra,,,,,,,,,,,,,True,,
1,Samsung Galaxy S23 Ultra SM-S918U1 5G 256GB - Green (Unlocked) #L394,$404.00,2025-10-09,https://www.ebay.com/itm/146860282205,https://i.ebayimg.com/images/g/0YUAAeSwzwxo2YGx/s-l500.webp,256 GB,Unknown,False,Galaxy S23 Ultra,,,,,,,,,,,,,True,,
1,Samsung Galaxy S23 Ultra SM-S918U1 512GB Black FACTORY Unlocked #L325,$429.00,2025-10-09,https://www.ebay.com/itm/146860307193,https://i.ebayimg.com/images/g/uJ0AAeSwXXho2YWK/s-l500.webp,512 GB,Unknown,False,Galaxy S23 Ultra,,,,,,,,,,,,,True,,
1,Samsung Galaxy S23 Ultra SM-S918U1 512GB Black FACTORY Unlocked #L315,$429.00,2025-10-09,https://www.ebay.com/itm/146860387979,https://i.ebayimg.com/images/g/MFIAAeSwxWNo2ZV~/s-l500.webp,512 GB,Unknown,False,Galaxy S23 Ultra,,,,,,,,,,,,,True,,
1,Samsung Galaxy S23 Ultra SM-S918U1 512GB Black FACTORY Unlocked #L155,$444.00,2025-10-09,https://www.ebay.com/itm/116786761791,https://i.ebayimg.com/images/g/EiQAAeSw7txozNzB/s-l500.webp,512 GB,Unknown,False,Galaxy S23 Ultra,,,,,,,,,,,,,True,,
1,Samsung Galaxy S23 Ultra SM-S918U1 256GB Lavender Unlocked #L402,$419.00,2025-10-09,https://www.ebay.com/itm/127400434238,https://i.ebayimg.com/images/g/q1sAAeSwgDlo2YP5/s-l500.webp,256 GB,Unknown,False,Galaxy S23 Ultra,,,,,,,,,,,,,True,,
1,Samsung Galaxy S23 Ultra SM-S918U1 256GB Lavender Unlocked #L281,$419.00,2025-10-09,https://www.ebay.com/itm/116801388008,https://i.ebayimg.com/images/g/pRYAAeSwFvBo2bEM/s-l500.webp,256 GB,Unknown,False,Galaxy S23 Ultra,,,,,,,,,,,,,True,,
1,Samsung Galaxy S23 Ultra 5G S918U1 1TB (Factory Unlocked) -  Excellent,$998.99,2024-09-15,https://www.ebay.com/itm/225611401094,https://i.ebayimg.com/images/g/~RwAAOSwn9FkXnEY/s-l500.webp,Unknown,Excellent,False,Galaxy S23 Ultra,,,,,,,,,,,,,True,,
1,Samsung Galaxy S23 Ultra Black 256GB Good - Refurbished  - Unlocked,$444.99,2025-09-09,https://www.ebay.com/itm/127359632016,https://i.ebayimg.com/images/g/Zm8AAeSwMalov3T9/s-l500.webp,256 GB,Good,False,Galaxy S23 Ultra,,,,,,,,,,,,,True,,
1,Samsung Galaxy S23 Ultra SM-S918U1 5G 256GB - Green (Unlocked) #L395,$409.00,2025-10-08,https://www.ebay.com/itm/116801141352,https://i.ebayimg.com/images/g/42cAAeSw5QFo2XqG/s-l500.webp,256 GB,Unknown,False,Galaxy S23 Ultra,,,,,,,,,,,,,True,,
1,Samsung Galaxy S23 Ultra SM-S918U1 512GB GREEN FACTORY Unlocked #L190,$439.00,2025-10-08,https://www.ebay.com/itm/127380829963,https://i.ebayimg.com/images/g/twUAAeSwswdozOQY/s-l500.webp,512 GB,Unknown,False,Galaxy S23 Ultra,,,,,,,,,,,,,True,,
1,Samsung Galaxy S23 Ultra SM-S918U1 - 256GB - Cream White UNLOCKED 5G,$459.00,2025-10-08,https://www.ebay.com/itm/126701435784,https://i.ebayimg.com/images/g/PBsAAOSwekVm~GCB/s-l500.webp,256 GB,Unknown,False,Galaxy S23 Ultra,,,,,,,,,,,,,True,,
1,Fully Unlocked Samsung Galaxy S23 Ultra 5G SM-S918U - GOOD Condition,$540.00,2025-03-13,https://www.ebay.com/itm/156683308232,https://i.ebayimg.com/images/g/qY8AAOSwt9dnp6l~/s-l500.webp,Unknown,Good,False,Galaxy S23 Ultra,,,,,,,,,,,,,True,,
1,Samsung Galaxy S23 Ultra SM-S918U1 5G 256GB - Green (Unlocked) #L392,$409.00,2025-10-08,https://www.ebay.com/itm/116801171060,https://i.ebayimg.com/images/g/pHoAAeSwwcVo2YFM/s-l500.webp,256 GB,Unknown,False,Galaxy S23 Ultra,,,,,,,,,,,,,True,,
1,Samsung Galaxy S23 Ultra SM-S918U1 512GB GREEN FACTORY Unlocked #L264,$439.00,2025-10-08,https://www.ebay.com/itm/116786666840,https://i.ebayimg.com/images/g/pxEAAeSwyI1ozMZm/s-l500.webp,512 GB,Unknown,False,Galaxy S23 Ultra,,,,,,,,,,,,,True,,
1,Samsung Galaxy S23 Ultra 5G SM-S918U 128GB 256GB 512GB Unlocked Grade B,$509.99,2025-04-07,https://www.ebay.com/itm/276458545147,https://i.ebayimg.com/images/g/Ap4AAOSw5aJmFUsk/s-l500.webp,128 GB,Unknown,False,Galaxy S23 Ultra,,,,,,,,,,,,,True,,
1,"SAMSUNG Galaxy S23 Ultra 5G (256GB, 8GB) 6.8"" Fully Unlocked US & Global S918U",$393.99,2025-09-07,https://www.ebay.com/itm/146085003275,https://i.ebayimg.com/images/g/AhgAAeSwtt9ouFdk/s-l500.webp,256 GB,Unknown,False,Galaxy S23 Ultra,,,,,,,,,,,,,True,,
1,Samsung Galaxy S23 Ultra SM-S918U1 256GB Lavender Unlocked #L391,$429.00,2025-10-06,https://www.ebay.com/itm/127400419930,https://i.ebayimg.com/images/g/x-cAAeSwjIZo2YC9/s-l500.webp,256 GB,Unknown,False,Galaxy S23 Ultra,,,,,,,,,,,,,True,,
1,Samsung Galaxy S23 Ultra SM-S918U1 512GB RED Unlocked #L312,$469.00,2025-10-07,https://www.ebay.com/itm/127400508629,https://i.ebayimg.com/images/g/~0UAAeSwyKpo2ZPk/s-l500.webp,512 GB,Unknown,False,Galaxy S23 Ultra,,,,,,,,,,,,,True,,
1,Samsung Galaxy S23 Ultra SM-S918U - 512GB - Black (Unlocked) - Very Good Cond.,$469.99,2025-10-06,https://www.ebay.com/itm/306460813915,https://i.ebayimg.com/images/g/k7EAAOSwXuVmte2K/s-l500.webp,512 GB,Very Good,False,Galaxy S23 Ultra,,,,,,,,,,,,,True,,
1,"SAMSUNG Galaxy S23 Ultra 5G (512GB, 12GB) 6.8"" Fully Unlocked US & Global S918U",$469.99,2024-11-26,https://www.ebay.com/itm/135255345719,https://i.ebayimg.com/images/g/SJ0AAeSwT45oyXrC/s-l500.webp,512 GB,Unknown,False,Galaxy S23 Ultra,,,,,,,,,,,,,True,,
1,"SAMSUNG Galaxy S23 Ultra 5G (256GB, 8GB) 6.8"" Fully Unlocked US & Global S918U",$540.99,2025-06-11,https://www.ebay.com/itm/156270448899,https://i.ebayimg.com/images/g/6-sAAeSwIyVot1nP/s-l500.webp,256 GB,Unknown,False,Galaxy S23 Ultra,,,,,,,,,,,,,True,,
1,"Samsung Galaxy S23 ULTRA 5G 256GB 6.8"" Smartphone - EXCELLENT",$456.00,2025-10-06,https://www.ebay.com/itm/236293133126,https://i.ebayimg.com/images/g/NIgAAeSwmxZor2zF/s-l500.webp,256 GB,Excellent,False,Galaxy S23 Ultra,,,,,,,,,,,,,True,,
1,Samsung Galaxy S23 Ultra SM-S918U1 5G 256GB - Green (Unlocked) #L404,$419.00,2025-10-05,https://www.ebay.com/itm/116801184594,https://i.ebayimg.com/images/g/56sAAeSwAMho2YR9/s-l500.webp,256 GB,Unknown,False,Galaxy S23 Ultra,,,,,,,,,,,,,True,,
1,Samsung Galaxy S23 Ultra SM-S918U1 512GB BLUE Unlocked #L266,$459.00,2025-10-05,https://www.ebay.com/itm/116786651096,https://i.ebayimg.com/images/g/lWEAAeSwyI1ozMJ6/s-l500.webp,512 GB,Unknown,False,Galaxy S23 Ultra,,,,,,,,,,,,,True,,
1,Samsung Galaxy S23 Ultra SM-S918U1 256GB Lavender Unlocked #L408,$434.00,2025-10-05,https://www.ebay.com/itm/127400313706,https://i.ebayimg.com/images/g/Nb0AAeSwpHZo2Wpc/s-l500.webp,256 GB,Unknown,False,Galaxy S23 Ultra,,,,,,,,,,,,,True,,
1,Samsung Galaxy S23 Ultra 5G 256GB SM-S918U1  Cream Unlocked #L293,$449.00,2025-10-05,https://www.ebay.com/itm/146860634833,https://i.ebayimg.com/images/g/qrIAAeSwd9to2bME/s-l500.webp,256 GB,Unknown,False,Galaxy S23 Ultra,,,,,,,,,,,,,True,,
1,Samsung Galaxy S23 Ultra - 256 GB -  Lavender (Unlocked) SM-S918U Good,$404.99,2025-10-05,https://www.ebay.com/itm/127383894862,https://i.ebayimg.com/images/g/sycAAeSw7QRozss2/s-l500.webp,256 GB,Good,False,Galaxy S23 Ultra,,,,,,,,,,,,,True,,
1,Samsung Galaxy S23 Ultra 1TB S918U Unlocked - Very Good,$587.99,2025-10-04,https://www.ebay.com/itm/256482126329,https://i.ebayimg.com/images/g/p-kAAeSwvdFoMK8s/s-l500.webp,Unknown,Very Good,False,Galaxy S23 Ultra,,,,,,,,,,,,,True,,
1,Samsung Galaxy S23 Ultra 256GB [SM-S918U1] Phantom Black (Unlocked) 6953 ⚠️READ⚠,$434.99,2025-03-09,https://www.ebay.com/itm/116506459591,https://i.ebayimg.com/images/g/QboAAOSw7Wdnx6A4/s-l500.webp,256 GB,Unknown,False,Galaxy S23 Ultra,,,,,,,,,,,,,True,,
1,Samsung Galaxy S23 Ultra SM-S918U1 512GB Black FACTORY Unlocked #L161,$459.00,2025-10-04,https://www.ebay.com/itm/127406836164,https://i.ebayimg.com/images/g/CGgAAeSwKfJozNmD/s-l500.webp,512 GB,Unknown,False,Galaxy S23 Ultra,,,,,,,,,,,,,True,,
1,"SAMSUNG Galaxy S23 Ultra 5G (512GB, 12GB) 6.8"" Fully Unlocked US & Global S918U",$579.99,2024-11-01,https://www.ebay.com/itm/134797515059,https://i.ebayimg.com/images/g/b8wAAeSwPqxoL6Q4/s-l500.webp,512 GB,Unknown,False,Galaxy S23 Ultra,,,,,,,,,,,,,True,,
1,"SAMSUNG Galaxy S23 Ultra 5G (256GB, 8GB) 6.8"" Fully Unlocked US & Global S918U",$529.99,2023-05-13,https://www.ebay.com/itm/134561917590,https://i.ebayimg.com/images/g/PMgAAeSwvNdoL6Sx/s-l500.webp,256 GB,Unknown,False,Galaxy S23 Ultra,,,,,,,,,,,,,True,,
1,Samsung Galaxy S23 Ultra Phantom Black 256GB Unlocked - Good,$407.99,2025-10-03,https://www.ebay.com/itm/297653667779,https://i.ebayimg.com/images/g/~nUAAeSwQnpo3sjL/s-l500.webp,256 GB,Good,False,Galaxy S23 Ultra,,,,,,,,,,,,,True,,
1,Samsung Galaxy S23 ULTRA  256GB FACTORY UNLOCKED DUAL SIM Smartphone -VERY GOOD,$456.00,2025-10-03,https://www.ebay.com/itm/236306367287,https://i.ebayimg.com/images/g/NIgAAeSwmxZor2zF/s-l500.webp,256 GB,Very Good,False,Galaxy S23 Ultra,,,,,,,,,,,,,True,,
1,Samsung Galaxy S23 Ultra 256GB Green Unlocked Good Condition,$449.99,2025-10-03,https://www.ebay.com/itm/285691621177,https://i.ebayimg.com/images/g/4h8AAOSwmONlxP7q/s-l500.webp,256 GB,Good,False,Galaxy S23 Ultra,,,,,,,,,,,,,True,,
1,Samsung Galaxy S23 Ultra SM-S918U1 Unlocked 1TB Green Good,$569.99,2025-10-03,https://www.ebay.com/itm/197507351409,https://i.ebayimg.com/images/g/Z-cAAeSw21hoa~kU/s-l500.webp,Unknown,Good,False,Galaxy S23 Ultra,,,,,,,,,,,,,True,,
1,Samsung Galaxy S23 Ultra S918U1 5G 1TB Factory Unlocked - Excellent,$949.99,2025-03-17,https://www.ebay.com/itm/226628332299,https://i.ebayimg.com/images/g/~RwAAOSwn9FkXnEY/s-l500.webp,Unknown,Excellent,False,Galaxy S23 Ultra,,,,,,,,,,,,,True,,
1,Samsung Galaxy S23 Ultra 5G - 512GB - Black - Network Unlocked - Very Good,$459.99,2025-09-18,https://www.ebay.com/itm/197700119078,https://i.ebayimg.com/images/g/Do0AAeSwjB5oyDoY/s-l500.webp,512 GB,Very Good,False,Galaxy S23 Ultra,,,,,,,,,,,,,True,,
1,Samsung Galaxy S23 Ultra SM-S918U1 5G 256GB - Green (Unlocked) #L405,$394.00,2025-10-02,https://www.ebay.com/itm/127400390556,https://i.ebayimg.com/images/g/rlAAAeSwppxo2Xqq/s-l500.webp,256 GB,Unknown,False,Galaxy S23 Ultra,,,,,,,,,,,,,True,,
1,Samsung Galaxy S23 Ultra SM-S918U1 256GB Black FACTORY Unlocked #L410,$404.00,2025-10-02,https://www.ebay.com/itm/146860150132,https://i.ebayimg.com/images/g/WbwAAeSwwb1o2Wth/s-l500.webp,256 GB,Unknown,False,Galaxy S23 Ultra,,,,,,,,,,,,,True,,
1,Samsung Galaxy S23 Ultra SM-S918U1 256GB Black FACTORY Unlocked #L165,$404.00,2025-10-02,https://www.ebay.com/itm/116786765263,https://i.ebayimg.com/images/g/pAoAAeSwC-VozN8L/s-l500.webp,256 GB,Unknown,False,Galaxy S23 Ultra,,,,,,,,,,,,,True,,
1,Samsung Galaxy S23 Ultra SM-S918U1 256GB Black FACTORY Unlocked #L353,$404.00,2025-10-01,https://www.ebay.com/itm/127400480284,https://i.ebayimg.com/images/g/GicAAeSwCFZo2Y3m/s-l500.webp,256 GB,Unknown,False,Galaxy S23 Ultra,,,,,,,,,,,,,True,,
1,REFURBISHED Samsung Galaxy S23 Ultra SM-S918U1 256GB BLACK FACTORY Unlocked L327,$389.00,2025-10-02,https://www.ebay.com/itm/127400445103,https://i.ebayimg.com/images/g/tAQAAeSwO3Fo2YXS/s-l500.webp,256 GB,Unknown,False,Galaxy S23 Ultra,,,,,,,,,,,,,True,,
1,Samsung Galaxy S23 Ultra Phantom Black 512GB Unlocked - Very Good,$439.99,2025-10-02,https://www.ebay.com/itm/277387699114,https://i.ebayimg.com/images/g/wH0AAeSwcD9oyvGR/s-l500.webp,512 GB,Very Good,False,Galaxy S23 Ultra,,,,,,,,,,,,,True,,
1,Samsung Galaxy S23 Ultra SM-S918U AT&T Unlocked 256GB Lavender Very Good,$538.99,2024-12-08,https://www.ebay.com/itm/176714717594,https://i.ebayimg.com/images/g/004AAOSw-elnTSCS/s-l500.webp,256 GB,Very Good,False,Galaxy S23 Ultra,,,,,,,,,,,,,True,,
1,Samsung Galaxy S23 Ultra SM-S918U1 512GB Lavender FACTORY UNLOCKED 5G,$539.00,2025-10-01,https://www.ebay.com/itm/145411158927,https://i.ebayimg.com/images/g/DIcAAOSwZxFkpy6F/s-l500.webp,512 GB,Unknown,False,Galaxy S23 Ultra,,,,,,,,,,,,,True,,
1,Samsung Galaxy S23 Ultra 512GB Unlocked AT&T T-Mobile Verizon Good Condition,$433.95,2025-10-01,https://www.ebay.com/itm/297159036795,https://i.ebayimg.com/images/g/iEAAAOSwVMNn6r0E/s-l500.webp,512 GB,Good,False,Galaxy S23 Ultra,,,,,,,,,,,,,True,,
1,Samsung Galaxy S23 Ultra SM-S918U1 512GB CREAM  FACTORY Unlocked #L279,$489.00,2025-09-30,https://www.ebay.com/itm/127400613222,https://i.ebayimg.com/images/g/qFcAAeSwKe1o2bAH/s-l500.webp,512 GB,Unknown,False,Galaxy S23 Ultra,,,,,,,,,,,,,True,,
1,Samsung Galaxy S23 Ultra SM-S918U1 256GB Lavender Purple UNLOCKED 5G,$469.00,2025-09-30,https://www.ebay.com/itm/146489330705,https://i.ebayimg.com/images/g/DIcAAOSwZxFkpy6F/s-l500.webp,256 GB,Unknown,False,Galaxy S23 Ultra,,,,,,,,,,,,,True,,
1,Samsung Galaxy S23 Ultra SM-S918U1 256GB Black FACTORY Unlocked #L329,$389.00,2025-09-30,https://www.ebay.com/itm/146860313639,https://i.ebayimg.com/images/g/3z8AAeSw8plo2YZ6/s-l500.webp,256 GB,Unknown,False,Galaxy S23 Ultra,,,,,,,,,,,,,True,,
1,Samsung Galaxy S23 Ultra SM-S918U1 256GB Black FACTORY Unlocked #L314,$399.00,2025-09-30,https://www.ebay.com/itm/127400514097,https://i.ebayimg.com/images/g/QS8AAeSwzeJo2ZVM/s-l500.webp,256 GB,Unknown,False,Galaxy S23 Ultra,,,,,,,,,,,,,True,,
1,Samsung Galaxy S23 Ultra SM-S918U - 512GB - Green (Unlocked) - Very Good Cond.,$479.99,2025-09-30,https://www.ebay.com/itm/306378131697,https://i.ebayimg.com/images/g/oygAAeSwEvtoX~3M/s-l500.webp,512 GB,Very Good,False,Galaxy S23 Ultra,,,,,,,,,,,,,True,,
1,Samsung Galaxy S23 Ultra 512GB Unlocked SM-S918B/DS 6.8 200MP 5G Graphite,$539.99,2025-09-30,https://www.ebay.com/itm/326698845435,https://i.ebayimg.com/images/g/d4cAAeSwhbxog9C7/s-l500.webp,512 GB,Unknown,False,Galaxy S23 Ultra,,,,,,,,,,,,,True,,
1,Samsung Galaxy S23 Ultra SM-S918U1 256GB Lavender Unlocked #L291,$439.00,2025-09-30,https://www.ebay.com/itm/127400623306,https://i.ebayimg.com/images/g/fBgAAeSwSUFo2bJa/s-l500.webp,256 GB,Unknown,False,Galaxy S23 Ultra,,,,,,,,,,,,,True,,
1,Samsung Galaxy S23 Ultra 5G 256GB SM-S918U1  Cream Unlocked #L330,$389.00,2025-09-29,https://www.ebay.com/itm/116801191901,https://i.ebayimg.com/images/g/4iIAAeSwlbto2Ya-/s-l500.webp,256 GB,Unknown,False,Galaxy S23 Ultra,,,,,,,,,,,,,True,,
1,Samsung Galaxy S23 Ultra 5G 256GB SM-S918U1  Cream Unlocked #L294,$389.00,2025-09-29,https://www.ebay.com/itm/116801398687,https://i.ebayimg.com/images/g/cd0AAeSw8hNo2bMm/s-l500.webp,256 GB,Unknown,False,Galaxy S23 Ultra,,,,,,,,,,,,,True,,
1,Samsung Galaxy S23 Ultra SM-S918U1 256GB Black FACTORY Unlocked #L280,$389.00,2025-09-29,https://www.ebay.com/itm/127400613932,https://i.ebayimg.com/images/g/Zj8AAeSwSmdo2bA~/s-l500.webp,256 GB,Unknown,False,Galaxy S23 Ultra,,,,,,,,,,,,,True,,
1,Samsung Galaxy S23 Ultra SM-S918U1 5G 256GB - Green (Unlocked) #L286,$394.00,2025-09-29,https://www.ebay.com/itm/127400618127,https://i.ebayimg.com/images/g/eUEAAeSwu~to2bGR/s-l500.webp,256 GB,Unknown,False,Galaxy S23 Ultra,,,,,,,,,,,,,True,,
1,Samsung Galaxy S23 Ultra SM-S918U1 256GB Black FACTORY Unlocked #L156,$404.00,2025-09-29,https://www.ebay.com/itm/116786763133,https://i.ebayimg.com/images/g/YWAAAeSwNh9ozN1W/s-l500.webp,256 GB,Unknown,False,Galaxy S23 Ultra,,,,,,,,,,,,,True,,
1,Samsung Galaxy S23 Ultra SM-S918U1 256GB Black FACTORY Unlocked #L163,$404.00,2025-09-29,https://www.ebay.com/itm/116786764412,https://i.ebayimg.com/images/g/UWIAAeSwpwNozN5b/s-l500.webp,256 GB,Unknown,False,Galaxy S23 Ultra,,,,,,,,,,,,,True,,
1,Samsung Galaxy S23 Ultra SM-S918U1 256GB Black FACTORY Unlocked #L153,$404.00,2025-09-29,https://www.ebay.com/itm/127380800933,https://i.ebayimg.com/images/g/6BYAAeSw1eVozNxc/s-l500.webp,256 GB,Unknown,False,Galaxy S23 Ultra,,,,,,,,,,,,,True,,
1,Samsung Galaxy S23 Ultra SM-S918U1 256GB Black FACTORY Unlocked #L158,$404.00,2025-09-29,https://www.ebay.com/itm/146841464881,https://i.ebayimg.com/images/g/pTwAAeSwMbxozN4C/s-l500.webp,256 GB,Unknown,False,Galaxy S23 Ultra,,,,,,,,,,,,,True,,
1,Samsung Galaxy S23 Ultra SM-S918U1 512GB 5G LAVENDER Unlocked #L269,$464.00,2025-09-29,https://www.ebay.com/itm/146841350799,https://i.ebayimg.com/images/g/raUAAeSwRXpozMb-/s-l500.webp,512 GB,Unknown,False,Galaxy S23 Ultra,,,,,,,,,,,,,True,,
1,Samsung Galaxy S23 Ultra 5G - 256GB Green *UNLOCKED* [SM-S918U] Very Good,$429.99,2025-09-29,https://www.ebay.com/itm/145794622165,https://i.ebayimg.com/images/g/0tMAAOSwXAVmS8yX/s-l500.webp,256 GB,Very Good,False,Galaxy S23 Ultra,,,,,,,,,,,,,True,,
1,Samsung Galaxy S23 Ultra 256GB Lime Unlocked Good Condition,$419.99,2025-09-29,https://www.ebay.com/itm/297646435308,https://i.ebayimg.com/images/g/CDAAAeSw-Xto5~Bz/s-l500.webp,256 GB,Good,False,Galaxy S23 Ultra,,,,,,,,,,,,,True,,
1,Samsung Galaxy S23 Ultra SM-S918U1 512GB RED Unlocked #Y641,$419.00,2025-09-28,https://www.ebay.com/itm/116794036454,https://i.ebayimg.com/images/g/8L8AAeSwT-9oo1U7/s-l500.webp,512 GB,Unknown,False,Galaxy S23 Ultra,,,,,,,,,,,,,True,,
1,Samsung Galaxy S23 Ultra SM-S918U1 5G 256GB - Green (Unlocked) #L151,$424.00,2025-09-28,https://www.ebay.com/itm/116786685666,https://i.ebayimg.com/images/g/-FIAAeSwl4RozMtl/s-l500.webp,256 GB,Unknown,False,Galaxy S23 Ultra,,,,,,,,,,,,,True,,
1,Samsung Galaxy S23 Ultra SM-S918U1 256GB Black FACTORY Unlocked #L058,$404.00,2025-09-28,https://www.ebay.com/itm/146826943039,https://i.ebayimg.com/images/g/KjUAAeSwWxZow2E8/s-l500.webp,256 GB,Unknown,False,Galaxy S23 Ultra,,,,,,,,,,,,,True,,
1,Samsung Galaxy S23 Ultra - 512GB - Graphite (Unlocked) SM-S918U1 Good,$524.95,2025-03-14,https://www.ebay.com/itm/405592552685,https://i.ebayimg.com/images/g/E4sAAOSwiklnwZyS/s-l500.webp,512 GB,Good,False,Galaxy S23 Ultra,,,,,,,,,,,,,True,,
1,Samsung Galaxy S23 Ultra 256GB [SM-S918U1] Lavender (Unlocked) 7270 ⚠️READ⚠️,$458.99,2025-03-16,https://www.ebay.com/itm/116459186953,https://i.ebayimg.com/images/g/xmYAAOSwa1BnmB-O/s-l500.webp,256 GB,Unknown,False,Galaxy S23 Ultra,,,,,,,,,,,,,True,,
1,Samsung Galaxy S23 Ultra - 256 GB - Green - Unlocked - Good Refurbished,$389.00,2025-09-27,https://www.ebay.com/itm/127196650379,https://i.ebayimg.com/images/g/mYEAAOSwVZRkS5S7/s-l500.webp,256 GB,Good,False,Galaxy S23 Ultra,,,,,,,,,,,,,True,,
1,Samsung Galaxy S23 Ultra - 512 GB - Graphite- Unlocked - Good Refurbished,$359.00,2025-09-27,https://www.ebay.com/itm/127274261383,https://i.ebayimg.com/images/g/hroAAOSwjjBk5LGa/s-l500.webp,512 GB,Good,False,Galaxy S23 Ultra,,,,,,,,,,,,,True,,
1,Samsung Galaxy S23 Ultra 5G 256GB Factory Unlocked - Excellent,$654.99,2025-02-06,https://www.ebay.com/itm/326068962189,https://i.ebayimg.com/images/g/~RwAAOSwn9FkXnEY/s-l500.webp,256 GB,Excellent,False,Galaxy S23 Ultra,,,,,,,,,,,,,True,,
1,Samsung Galaxy S23 Ultra SM-S918U1 256GB Black FACTORY Unlocked #L184,$374.00,2025-09-26,https://www.ebay.com/itm/116786780204,https://i.ebayimg.com/images/g/uhQAAeSww8FozOM5/s-l500.webp,256 GB,Unknown,False,Galaxy S23 Ultra,,,,,,,,,,,,,True,,
1,Samsung Galaxy S23 Ultra SM-S918U1 256GB Black FACTORY Unlocked #L159,$409.00,2025-09-26,https://www.ebay.com/itm/146841403609,https://i.ebayimg.com/images/g/-r8AAeSwIqRozM~r/s-l500.webp,256 GB,Unknown,False,Galaxy S23 Ultra,,,,,,,,,,,,,True,,
1,Samsung Galaxy S23 Ultra SM-S918U1 512GB Black FACTORY Unlocked #L166,$469.00,2025-09-26,https://www.ebay.com/itm/116786765507,https://i.ebayimg.com/images/g/H2UAAeSwKfJozN9D/s-l500.webp,512 GB,Unknown,False,Galaxy S23 Ultra,,,,,,,,,,,,,True,,
1,Samsung Galaxy S23 Ultra SM-S918U - 512GB - Black (Unlocked) - Very Good Cond.,$599.99,2025-03-15,https://www.ebay.com/itm/305807062901,https://i.ebayimg.com/images/g/k7EAAOSwXuVmte2K/s-l500.webp,512 GB,Very Good,False,Galaxy S23 Ultra,,,,,,,,,,,,,True,,
1,Samsung Galaxy S23 Ultra SM-S918U1 512GB Black FACTORY Unlocked #L168,$469.00,2025-09-26,https://www.ebay.com/itm/146841469489,https://i.ebayimg.com/images/g/uUsAAeSwEFxozN~Q/s-l500.webp,512 GB,Unknown,False,Galaxy S23 Ultra,,,,,,,,,,,,,True,,
1,Samsung Galaxy S23 Ultra 256GB Lavender Unlocked Good Condition,$419.99,2025-09-26,https://www.ebay.com/itm/276371540233,https://i.ebayimg.com/images/g/wisAAOSwVGpl6yws/s-l500.webp,256 GB,Good,False,Galaxy S23 Ultra,,,,,,,,,,,,,True,,
1,Samsung Galaxy S23 Ultra SM-S918U1 256GB Black FACTORY Unlocked #L164,$409.00,2025-09-26,https://www.ebay.com/itm/127380811466,https://i.ebayimg.com/images/g/PnMAAeSwD5pozN55/s-l500.webp,256 GB,Unknown,False,Galaxy S23 Ultra,,,,,,,,,,,,,True,,
1,Samsung Galaxy S23 Ultra 256GB Sky Blue Unlocked Good Condition,$419.99,2025-09-25,https://www.ebay.com/itm/286834709128,https://i.ebayimg.com/images/g/ZGkAAeSwFoZo5~AH/s-l500.webp,256 GB,Good,False,Galaxy S23 Ultra,,,,,,,,,,,,,True,,
1,Samsung Galaxy S23 Ultra SM-S918U1 256GB Black FACTORY Unlocked #L186,$384.00,2025-09-24,https://www.ebay.com/itm/116786780274,https://i.ebayimg.com/images/g/PagAAeSwrdhozONV/s-l500.webp,256 GB,Unknown,False,Galaxy S23 Ultra,,,,,,,,,,,,,True,,
1,Fully Unlocked Samsung Galaxy S23 Ultra 5G SM-S918U - Very Good Condition,$460.00,2025-09-24,https://www.ebay.com/itm/167358396341,https://i.ebayimg.com/images/g/wxsAAOSwjUJnp6BB/s-l500.webp,Unknown,Very Good,False,Galaxy S23 Ultra,,,,,,,,,,,,,True,,
1,Samsung Galaxy S23 Ultra SM-S918U1 256GB Lavender Unlocked #Y958,$404.00,2025-09-24,https://www.ebay.com/itm/116763969379,https://i.ebayimg.com/images/g/eMYAAeSw4lJouPkC/s-l500.webp,256 GB,Unknown,False,Galaxy S23 Ultra,,,,,,,,,,,,,True,,
1,Samsung Galaxy S23 Ultra SM-S918U1 256GB Black FACTORY Unlocked #L184,$384.00,2025-09-23,https://www.ebay.com/itm/116786780088,https://i.ebayimg.com/images/g/TjUAAeSweZFozOMZ/s-l500.webp,256 GB,Unknown,False,Galaxy S23 Ultra,,,,,,,,,,,,,True,,
2,Samsung Galaxy S23 Ultra SM-S918U1 256GB Black FACTORY Unlocked #L184,$384.00,2025-09-23,https://www.ebay.com/itm/116786780088,https://i.ebayimg.com/images/g/TjUAAeSweZFozOMZ/s-l500.webp,256 GB,Unknown,False,Galaxy S23 Ultra,,,,,,,,,,,,,True,,
2,Samsung Galaxy S23 Ultra SM-S918U1 256GB Black FACTORY Unlocked #L183,$384.00,2025-09-23,https://www.ebay.com/itm/116786779352,https://i.ebayimg.com/images/g/V6EAAeSwcR1ozOLu/s-l500.webp,256 GB,Unknown,False,Galaxy S23 Ultra,,,,,,,,,,,,,True,,
2,Samsung Galaxy S23 Ultra SM-S918U1 256GB Lavender Unlocked #L154,$404.00,2025-09-24,https://www.ebay.com/itm/146841462326,https://i.ebayimg.com/images/g/pXwAAeSwU~lozNyD/s-l500.webp,256 GB,Unknown,False,Galaxy S23 Ultra,,,,,,,,,,,,,True,,
2,Samsung Galaxy S23 Ultra 1TB S918U Unlocked - Good,$559.99,2025-09-24,https://www.ebay.com/itm/256482126350,https://i.ebayimg.com/images/g/5oAAAeSwZItoL6UN/s-l500.webp,Unknown,Good,False,Galaxy S23 Ultra,,,,,,,,,,,,,True,,
2,Samsung Galaxy S23 Ultra SM-S918U1 256GB Black FACTORY Unlocked #L147,$394.00,2025-09-21,https://www.ebay.com/itm/116786747511,https://i.ebayimg.com/images/g/o2cAAeSwVclozNpf/s-l500.webp,256 GB,Unknown,False,Galaxy S23 Ultra,,,,,,,,,,,,,True,,
2,Samsung Galaxy S23 Ultra SM-S918U1  1TB BLUE  FACTORY Unlocked #Y823,$529.00,2025-09-21,https://www.ebay.com/itm/146798136507,https://i.ebayimg.com/images/g/vPAAAeSwIaNor877/s-l500.webp,Unknown,Unknown,False,Galaxy S23 Ultra,,,,,,,,,,,,,True,,
2,Samsung Galaxy S23 Ultra SM-S918U1 256GB Black FACTORY Unlocked #L146,$394.00,2025-09-21,https://www.ebay.com/itm/146841453977,https://i.ebayimg.com/images/g/hAsAAeSwtVhozNox/s-l500.webp,256 GB,Unknown,False,Galaxy S23 Ultra,,,,,,,,,,,,,True,,
2,Samsung Galaxy S23 Ultra SM-S918U1 512GB GREEN FACTORY Unlocked #Y539,$414.00,2025-09-21,https://www.ebay.com/itm/116783175527,https://i.ebayimg.com/images/g/Ll4AAeSwNf5ok76L/s-l500.webp,512 GB,Unknown,False,Galaxy S23 Ultra,,,,,,,,,,,,,True,,
2,"Samsung Galaxy S23 ULTRA 5G 256GB 6.8"" Smartphone - VERY GOOD",$434.00,2025-09-21,https://www.ebay.com/itm/236308172391,https://i.ebayimg.com/images/g/NIgAAeSwmxZor2zF/s-l500.webp,256 GB,Very Good,False,Galaxy S23 Ultra,,,,,,,,,,,,,True,,
2,Samsung Galaxy S23 Ultra 5G 256GB SM-S918U1  Cream Unlocked #Y960,$389.00,2025-09-21,https://www.ebay.com/itm/146811620328,https://i.ebayimg.com/images/g/YmsAAeSwBVlouPlM/s-l500.webp,256 GB,Unknown,False,Galaxy S23 Ultra,,,,,,,,,,,,,True,,
2,Samsung Galaxy S23 Ultra 512GB UNLOCKED Very Good Condition,$491.95,2025-09-21,https://www.ebay.com/itm/116763306145,https://i.ebayimg.com/images/g/bYMAAeSwUYhouGxo/s-l500.webp,512 GB,Very Good,False,Galaxy S23 Ultra,,,,,,,,,,,,,True,,
2,REFURBISHED Samsung Galaxy S23 Ultra SM-S918U1 256GB BLACK FACTORY Unlocked L268,$389.00,2025-09-20,https://www.ebay.com/itm/127380680012,https://i.ebayimg.com/images/g/npgAAeSwJwpozMLa/s-l500.webp,256 GB,Unknown,False,Galaxy S23 Ultra,,,,,,,,,,,,,True,,
2,Samsung Galaxy S23 Ultra SM-S918U1 256GB Lavender Unlocked #L265,$439.00,2025-09-20,https://www.ebay.com/itm/146841349663,https://i.ebayimg.com/images/g/UF0AAeSwp6xozMaQ/s-l500.webp,256 GB,Unknown,False,Galaxy S23 Ultra,,,,,,,,,,,,,True,,
2,Samsung Galaxy S23 Ultra SM-S918U1 5G 256GB - Green (Unlocked) #L267,$419.00,2025-09-20,https://www.ebay.com/itm/127380699966,https://i.ebayimg.com/images/g/Q~QAAeSwRJBozMbO/s-l500.webp,256 GB,Unknown,False,Galaxy S23 Ultra,,,,,,,,,,,,,True,,
2,Samsung Galaxy S23 Ultra SM-S918U1 256GB Lavender Unlocked #L104,$439.00,2025-09-20,https://www.ebay.com/itm/116776191221,https://i.ebayimg.com/images/g/lXMAAeSwYlBow3Ab/s-l500.webp,256 GB,Unknown,False,Galaxy S23 Ultra,,,,,,,,,,,,,True,,
2,Samsung Galaxy S23 Ultra SM-S918U1 Unlocked 1TB Lime Good,$553.00,2025-09-19,https://www.ebay.com/itm/197711103290,https://i.ebayimg.com/images/g/5jEAAeSwrApozYSG/s-l500.webp,Unknown,Good,False,Galaxy S23 Ultra,,,,,,,,,,,,,True,,
2,Samsung Galaxy S23 Ultra 5G 512GB Black *UNLOCKED* SM-S918U Very Good,$469.99,2025-09-19,https://www.ebay.com/itm/145733756376,https://i.ebayimg.com/images/g/WxsAAOSwA79l~gnm/s-l500.webp,512 GB,Very Good,False,Galaxy S23 Ultra,,,,,,,,,,,,,True,,
2,REFURBISHED Samsung Galaxy S23 Ultra SM-S918U1 512GB BLACK FACTORY Unlocked L041,$409.00,2025-09-19,https://www.ebay.com/itm/116776109864,https://i.ebayimg.com/images/g/FPMAAeSwCVNow1yg/s-l500.webp,512 GB,Unknown,False,Galaxy S23 Ultra,,,,,,,,,,,,,True,,
2,Samsung Galaxy S23 Ultra 5G - 512GB Lavender *UNLOCKED* [SM-S918U] Excellent,$539.99,2025-09-19,https://www.ebay.com/itm/145733726662,https://i.ebayimg.com/images/g/AcYAAOSwodlmIrjt/s-l500.webp,512 GB,Excellent,False,Galaxy S23 Ultra,,,,,,,,,,,,,True,,
2,Samsung Galaxy S23 Ultra SM-S918U1 256GB Black FACTORY Unlocked #Y778,$394.00,2025-09-16,https://www.ebay.com/itm/127331146506,https://i.ebayimg.com/images/g/iMAAAeSw5xhorMy3/s-l500.webp,256 GB,Unknown,False,Galaxy S23 Ultra,,,,,,,,,,,,,True,,
2,Samsung Galaxy S23 Ultra 1TB Unlocked AT&T T-Mobile Verizon Excellent Condition,$625.95,2025-09-16,https://www.ebay.com/itm/306425155767,https://i.ebayimg.com/images/g/YNIAAeSwvuVoi7Nw/s-l500.webp,Unknown,Excellent,False,Galaxy S23 Ultra,,,,,,,,,,,,,True,,
2,Samsung Galaxy S23 Ultra SM-S918B/DS - 512GB - Lavender (Unlocked) - Good Cond.,$509.99,2025-09-16,https://www.ebay.com/itm/306449970012,https://i.ebayimg.com/images/g/iLQAAeSwVdxolGoD/s-l500.webp,512 GB,Good,False,Galaxy S23 Ultra,,,,,,,,,,,,,True,,
2,Samsung Galaxy S23 Ultra SM-S918U1 256GB Black FACTORY Unlocked #Y762,$394.00,2025-09-15,https://www.ebay.com/itm/116750400386,https://i.ebayimg.com/images/g/pBYAAeSwOPdorMl1/s-l500.webp,256 GB,Unknown,False,Galaxy S23 Ultra,,,,,,,,,,,,,True,,
2,Samsung Galaxy S23 Ultra SM-S918U1 256GB Lavender Unlocked #Y801,$414.00,2025-09-15,https://www.ebay.com/itm/116750444734,https://i.ebayimg.com/images/g/rosAAeSwqqZorNZa/s-l500.webp,256 GB,Unknown,False,Galaxy S23 Ultra,,,,,,,,,,,,,True,,
2,Samsung Galaxy S23 Ultra SM-S918U1 256GB Black FACTORY Unlocked #Y775,$394.00,2025-09-15,https://www.ebay.com/itm/127331139196,https://i.ebayimg.com/images/g/s~oAAeSwZNhorMu0/s-l500.webp,256 GB,Unknown,False,Galaxy S23 Ultra,,,,,,,,,,,,,True,,
2,Samsung Galaxy S23 Ultra SM-S918U1 256GB Black FACTORY Unlocked #Y777,$394.00,2025-09-15,https://www.ebay.com/itm/146794005655,https://i.ebayimg.com/images/g/hawAAeSwCN1orMw7/s-l500.webp,256 GB,Unknown,False,Galaxy S23 Ultra,,,,,,,,,,,,,True,,
2,"Samsung Galaxy S23 Ultra 256GB Unlocked SM-S918U 6.8"" 200MP 5G NFC 3.36GHz Green",$389.99,2025-09-15,https://www.ebay.com/itm/205725703460,https://i.ebayimg.com/images/g/pYAAAOSwRFpkeSZ0/s-l500.webp,256 GB,Unknown,False,Galaxy S23 Ultra,,,,,,,,,,,,,True,,
2,Samsung Galaxy S23 Ultra SM-S918U1 512GB CREAM  FACTORY Unlocked #Y950,$444.00,2025-09-14,https://www.ebay.com/itm/146811604065,https://i.ebayimg.com/images/g/yOUAAeSw~V9ouPXI/s-l500.webp,512 GB,Unknown,False,Galaxy S23 Ultra,,,,,,,,,,,,,True,,
2,Samsung Galaxy S23 Ultra SM-S918U1 256GB Black FACTORY Unlocked #Y945,$394.00,2025-09-14,https://www.ebay.com/itm/127357076653,https://i.ebayimg.com/images/g/X90AAeSwl6douPHO/s-l500.webp,256 GB,Unknown,False,Galaxy S23 Ultra,,,,,,,,,,,,,True,,
2,Samsung Galaxy S23 ULTRA  256GB FACTORY UNLOCKED DUAL SIM Smartphone - EXCELLENT,$478.00,2025-09-14,https://www.ebay.com/itm/236293209766,https://i.ebayimg.com/images/g/NIgAAeSwmxZor2zF/s-l500.webp,256 GB,Excellent,False,Galaxy S23 Ultra,,,,,,,,,,,,,True,,
2,Samsung Galaxy S23 Ultra SM-S918U1 256GB RED FACTORY Unlocked #Y949,$434.00,2025-09-13,https://www.ebay.com/itm/116763962259,https://i.ebayimg.com/images/g/1pwAAeSwN~touPVP/s-l500.webp,256 GB,Unknown,False,Galaxy S23 Ultra,,,,,,,,,,,,,True,,
2,Samsung Galaxy S23 Ultra SM-S918U1 5G 256GB - Green (Unlocked) #Y933,$424.00,2025-09-13,https://www.ebay.com/itm/127350426075,https://i.ebayimg.com/images/g/V-YAAeSwKntouPC6/s-l500.webp,256 GB,Unknown,False,Galaxy S23 Ultra,,,,,,,,,,,,,True,,
2,Samsung Galaxy S23 Ultra SM-S918U1 5G 256GB - Green (Unlocked) #L061,$454.00,2025-09-13,https://www.ebay.com/itm/127365892147,https://i.ebayimg.com/images/g/LmoAAeSwFTVow2KX/s-l500.webp,256 GB,Unknown,False,Galaxy S23 Ultra,,,,,,,,,,,,,True,,
2,Samsung Galaxy S23 Ultra SM-S918U1 5G 256GB - Green (Unlocked) #L060,$454.00,2025-09-13,https://www.ebay.com/itm/146826945457,https://i.ebayimg.com/images/g/RmUAAeSwuqFow2I7/s-l500.webp,256 GB,Unknown,False,Galaxy S23 Ultra,,,,,,,,,,,,,True,,
2,Samsung Galaxy S23 Ultra SM-S918U1 5G 256GB - Green (Unlocked) #Y939,$424.00,2025-09-13,https://www.ebay.com/itm/146811559708,https://i.ebayimg.com/images/g/IE0AAeSwPRJouO64/s-l500.webp,256 GB,Unknown,False,Galaxy S23 Ultra,,,,,,,,,,,,,True,,
2,Samsung Galaxy S23 Ultra SM-S918U1 512GB Black FACTORY Unlocked #Y774,$434.00,2025-09-11,https://www.ebay.com/itm/127331138615,https://i.ebayimg.com/images/g/rboAAeSwiOVorMuB/s-l500.webp,512 GB,Unknown,False,Galaxy S23 Ultra,,,,,,,,,,,,,True,,
2,Samsung Galaxy S23 Ultra SM-S918U1 512GB RED Unlocked #Y641,$439.00,2025-09-12,https://www.ebay.com/itm/146779978210,https://i.ebayimg.com/images/g/8L8AAeSwT-9oo1U7/s-l500.webp,512 GB,Unknown,False,Galaxy S23 Ultra,,,,,,,,,,,,,True,,
2,Samsung Galaxy S23 Ultra SM-S918U1 512GB GRAPHITE Unlocked #Y687,$459.00,2025-09-12,https://www.ebay.com/itm/146780543742,https://i.ebayimg.com/images/g/BXsAAeSw1vVoo9nb/s-l500.webp,512 GB,Unknown,False,Galaxy S23 Ultra,,,,,,,,,,,,,True,,
2,Samsung Galaxy S23 Ultra SM-S918U1 256GB Black FACTORY Unlocked #Y760,$409.00,2025-09-10,https://www.ebay.com/itm/146793993311,https://i.ebayimg.com/images/g/wvoAAeSwjlForMke/s-l500.webp,256 GB,Unknown,False,Galaxy S23 Ultra,,,,,,,,,,,,,True,,
2,Samsung Galaxy S23 Ultra SM-S918U1 5G 256GB - Green (Unlocked) #Y937,$434.00,2025-09-10,https://www.ebay.com/itm/116763945149,https://i.ebayimg.com/images/g/WZ0AAeSwqrFouPDc/s-l500.webp,256 GB,Unknown,False,Galaxy S23 Ultra,,,,,,,,,,,,,True,,
2,Samsung Galaxy S23 Ultra SM-S918U1 256GB Lavender Unlocked #Y944,$429.00,2025-09-10,https://www.ebay.com/itm/116763948875,https://i.ebayimg.com/images/g/YN0AAeSwcTdouPJO/s-l500.webp,256 GB,Unknown,False,Galaxy S23 Ultra,,,,,,,,,,,,,True,,
2,Samsung Galaxy S23 Ultra SM-S918U1 256GB Black FACTORY Unlocked #Y951,$409.00,2025-09-10,https://www.ebay.com/itm/127350470536,https://i.ebayimg.com/images/g/2OsAAeSwjpBouPYI/s-l500.webp,256 GB,Unknown,False,Galaxy S23 Ultra,,,,,,,,,,,,,True,,
2,Samsung Galaxy S23 Ultra SM-S918U1 512GB GREEN FACTORY Unlocked #Y946,$479.00,2025-09-10,https://www.ebay.com/itm/116763952633,https://i.ebayimg.com/images/g/WuMAAeSwcXBouPPM/s-l500.webp,512 GB,Unknown,False,Galaxy S23 Ultra,,,,,,,,,,,,,True,,
2,Samsung Galaxy S23 Ultra SM-S918U 256GB Green Unlocked Good Condition,$399.99,2025-09-10,https://www.ebay.com/itm/356849148874,https://i.ebayimg.com/images/g/wXkAAeSwR8hoE8WU/s-l500.webp,256 GB,Good,False,Galaxy S23 Ultra,,,,,,,,,,,,,True,,
2,Samsung Galaxy S23 Ultra SM-S918U 256GB Phantom Black Unlocked Good Condition,$444.28,2025-09-07,https://www.ebay.com/itm/356849172349,https://i.ebayimg.com/images/g/TqAAAeSwgBhoE8fo/s-l500.webp,256 GB,Good,False,Galaxy S23 Ultra,,,,,,,,,,,,,True,,
2,Samsung Galaxy S23 Ultra SM-S918U 256GB Lavender Unlocked Good Condition,$472.71,2025-08-30,https://www.ebay.com/itm/356849174477,https://i.ebayimg.com/images/g/RzYAAeSww-poE8gR/s-l500.webp,256 GB,Good,False,Galaxy S23 Ultra,,,,,,,,,,,,,True,,
2,Samsung Galaxy S23 Ultra SM-S918U 256GB Cream Unlocked Good Condition,$472.69,2025-08-05,https://www.ebay.com/itm/356849155446,https://i.ebayimg.com/images/g/LVgAAeSwNbFoE8Xa/s-l500.webp,256 GB,Good,False,Galaxy S23 Ultra,,,,,,,,,,,,,True,,
2,Samsung Galaxy S23 Ultra SM-S918U 256GB Green Unlocked Very Good Condition,$429.99,2025-07-26,https://www.ebay.com/itm/356846025084,https://i.ebayimg.com/images/g/X~0AAOSw8NBoGpnr/s-l500.webp,256 GB,Very Good,False,Galaxy S23 Ultra,,,,,,,,,,,,,True,,
2,Samsung Galaxy S23 Ultra SM-S918U 256GB Lavender Unlocked Very Good Condition,$533.22,2025-08-26,https://www.ebay.com/itm/356846041936,https://i.ebayimg.com/images/g/gdIAAeSwaKdoEqPT/s-l500.webp,256 GB,Very Good,False,Galaxy S23 Ultra,,,,,,,,,,,,,True,,
2,Samsung Galaxy S23 Ultra 1TB S918U Unlocked - Excellent,$606.99,2025-09-10,https://www.ebay.com/itm/256482031316,https://i.ebayimg.com/images/g/EkcAAeSw6mZoMBej/s-l500.webp,Unknown,Excellent,False,Galaxy S23 Ultra,,,,,,,,,,,,,True,,
2,Samsung Galaxy S23 Ultra 5G 256GB SM-S918U1  Cream Unlocked #Y947,$454.00,2025-09-09,https://www.ebay.com/itm/116763953127,https://i.ebayimg.com/images/g/UuEAAeSw2q5ouPQc/s-l500.webp,256 GB,Unknown,False,Galaxy S23 Ultra,,,,,,,,,,,,,True,,
2,Samsung Galaxy S23 Ultra SM-S918U1 5G 256GB GRAPHITE Unlocked #Y779,$429.00,2025-09-09,https://www.ebay.com/itm/146794001723,https://i.ebayimg.com/images/g/zIgAAeSwyfhorMsG/s-l500.webp,256 GB,Unknown,False,Galaxy S23 Ultra,,,,,,,,,,,,,True,,
2,Samsung Galaxy S23 Ultra SM-S918U1 256GB Black FACTORY Unlocked #Y764,$424.00,2025-09-08,https://www.ebay.com/itm/116750400769,https://i.ebayimg.com/images/g/P6kAAeSwo3JorMm~/s-l500.webp,256 GB,Unknown,False,Galaxy S23 Ultra,,,,,,,,,,,,,True,,
2,Samsung Galaxy S23 Ultra SM-S918U1 256GB Black FACTORY Unlocked #Y829,$424.00,2025-09-08,https://www.ebay.com/itm/116753871098,https://i.ebayimg.com/images/g/pTcAAeSweShor9OK/s-l500.webp,256 GB,Unknown,False,Galaxy S23 Ultra,,,,,,,,,,,,,True,,
2,REFURBISHED Samsung Galaxy S23 Ultra SM-S918U1 256GB Black Unlocked #Y952,$389.00,2025-09-08,https://www.ebay.com/itm/116763964049,https://i.ebayimg.com/images/g/J7YAAeSwKj5ouPZn/s-l500.webp,256 GB,Unknown,False,Galaxy S23 Ultra,,,,,,,,,,,,,True,,
2,Samsung Galaxy S23 Ultra SM-S918U 512GB Cream Unlocked Very Good Condition,$546.33,2025-08-17,https://www.ebay.com/itm/356846021737,https://i.ebayimg.com/images/g/clAAAOSwjRFoGplf/s-l500.webp,512 GB,Very Good,False,Galaxy S23 Ultra,,,,,,,,,,,,,True,,
2,Samsung Galaxy S23 Ultra SM-S918U1 512GB 5G LAVENDER Unlocked #Y770,$464.00,2025-09-07,https://www.ebay.com/itm/116750402689,https://i.ebayimg.com/images/g/LDwAAeSw5-ForMrh/s-l500.webp,512 GB,Unknown,False,Galaxy S23 Ultra,,,,,,,,,,,,,True,,
2,Samsung Galaxy S23 Ultra 5G 256GB SM-S918U1  Cream Unlocked #Y771,$394.00,2025-09-07,https://www.ebay.com/itm/146793991770,https://i.ebayimg.com/images/g/c6gAAeSwOMtorMjZ/s-l500.webp,256 GB,Unknown,False,Galaxy S23 Ultra,,,,,,,,,,,,,True,,
2,Samsung Galaxy S23 Ultra SM-S918U1 256GB Black FACTORY Unlocked #Y763,$424.00,2025-09-07,https://www.ebay.com/itm/116750400572,https://i.ebayimg.com/images/g/owAAAeSw2wNorMmb/s-l500.webp,256 GB,Unknown,False,Galaxy S23 Ultra,,,,,,,,,,,,,True,,
2,Samsung Galaxy S23 Ultra SM-S918U1 256GB Black FACTORY Unlocked #Y761,$394.00,2025-09-06,https://www.ebay.com/itm/116750400068,https://i.ebayimg.com/images/g/eGsAAeSwr0ForMlG/s-l500.webp,256 GB,Unknown,False,Galaxy S23 Ultra,,,,,,,,,,,,,True,,
2,Samsung Galaxy S23 Ultra SM-S918U1 256GB Black FACTORY Unlocked #Y945,$399.00,2025-09-06,https://www.ebay.com/itm/116763947854,https://i.ebayimg.com/images/g/X90AAeSwl6douPHO/s-l500.webp,256 GB,Unknown,False,Galaxy S23 Ultra,,,,,,,,,,,,,True,,
2,Samsung Galaxy S23 Ultra SM-S918U1 5G 256GB - Green (Unlocked) #Y684,$394.00,2025-09-05,https://www.ebay.com/itm/146779951416,https://i.ebayimg.com/images/g/aloAAeSwzTloo1K0/s-l500.webp,256 GB,Unknown,False,Galaxy S23 Ultra,,,,,,,,,,,,,True,,
2,Samsung Galaxy S23 Ultra SM-S918U1 5G 256GB - Green (Unlocked) #Y959,$394.00,2025-09-05,https://www.ebay.com/itm/116763969523,https://i.ebayimg.com/images/g/fpUAAeSwvw5ouPkp/s-l500.webp,256 GB,Unknown,False,Galaxy S23 Ultra,,,,,,,,,,,,,True,,
2,"Samsung Galaxy S23 Ultra 5G SM-S918U 256GB GSM/CDMA FACTORY UNLOCKED ""Good""",$444.88,2025-09-06,https://www.ebay.com/itm/296454202427,https://i.ebayimg.com/images/g/2OoAAOSw4A9mT7T0/s-l500.webp,256 GB,Good,False,Galaxy S23 Ultra,,,,,,,,,,,,,True,,
2,Samsung Galaxy S23 Ultra 512GB Phantom Black Unlocked Good Condition,$469.99,2025-09-05,https://www.ebay.com/itm/285593614681,https://i.ebayimg.com/images/g/uZQAAOSwd9Blb52T/s-l500.webp,512 GB,Good,False,Galaxy S23 Ultra,,,,,,,,,,,,,True,,
2,"Samsung Galaxy S23 ULTRA 5G 256GB FACTORY UNLOCKED 6.8"" Smartphone - EXCELLENT",$456.00,2025-09-05,https://www.ebay.com/itm/326748217055,https://i.ebayimg.com/images/g/NIgAAeSwmxZor2zF/s-l500.webp,256 GB,Excellent,False,Galaxy S23 Ultra,,,,,,,,,,,,,True,,
2,Samsung Galaxy S23 Ultra SM-S918U1 512GB Black FACTORY Unlocked #Y773,$464.00,2025-09-04,https://www.ebay.com/itm/116750403349,https://i.ebayimg.com/images/g/S~UAAeSwVZRorMtq/s-l500.webp,512 GB,Unknown,False,Galaxy S23 Ultra,,,,,,,,,,,,,True,,
2,Samsung Galaxy S23 Ultra SM-S918U1 512GB Black FACTORY Unlocked #Y716,$464.00,2025-09-04,https://www.ebay.com/itm/127333952294,https://i.ebayimg.com/images/g/1KQAAeSw0RpornnO/s-l500.webp,512 GB,Unknown,False,Galaxy S23 Ultra,,,,,,,,,,,,,True,,
2,Samsung Galaxy S23 Ultra SM-S918U1 512GB Black FACTORY Unlocked #Y772,$464.00,2025-09-04,https://www.ebay.com/itm/127331137491,https://i.ebayimg.com/images/g/uQYAAeSw0XlorMs8/s-l500.webp,512 GB,Unknown,False,Galaxy S23 Ultra,,,,,,,,,,,,,True,,
2,REFURBISHED Samsung Galaxy S23 Ultra SM-S918U1 5G 512GB - Green (Unlocked) #Y941,$449.00,2025-09-04,https://www.ebay.com/itm/127350439922,https://i.ebayimg.com/images/g/5eUAAeSwzfxouPKF/s-l500.webp,512 GB,Unknown,False,Galaxy S23 Ultra,,,,,,,,,,,,,True,,
2,Samsung Galaxy S23 Ultra SM-S918U1 5G 256GB - Green (Unlocked) #Y953,$399.00,2025-09-03,https://www.ebay.com/itm/116763952296,https://i.ebayimg.com/images/g/Y7EAAeSwNPVouPOZ/s-l500.webp,256 GB,Unknown,False,Galaxy S23 Ultra,,,,,,,,,,,,,True,,
2,Samsung Galaxy S23 Ultra SM-S918U - 256GB - Lavender (Carrier Unlocked) B-Stock,$467.98,2025-09-04,https://www.ebay.com/itm/156980796356,https://i.ebayimg.com/images/g/O4EAAOSwIxhmFbbe/s-l500.webp,256 GB,Unknown,False,Galaxy S23 Ultra,,,,,,,,,,,,,True,,
2,Excellent Samsung Galaxy S23 Ultra 256GB Cream Verizon Android Smartphone,$449.99,2025-09-03,https://www.ebay.com/itm/146767950691,https://i.ebayimg.com/images/g/jhgAAeSwi~RoeBMc/s-l500.webp,256 GB,Excellent,False,Galaxy S23 Ultra,,,,,,,,,,,,,True,,
2,Samsung Galaxy S23 Ultra SM-S918U1 512GB GREEN FACTORY Unlocked #Y921,$484.00,2025-09-02,https://www.ebay.com/itm/146798033344,https://i.ebayimg.com/images/g/cp4AAeSwGgBor8Gy/s-l500.webp,512 GB,Unknown,False,Galaxy S23 Ultra,,,,,,,,,,,,,True,,
2,Samsung Galaxy S23 Ultra SM-S918U1 5G 256GB - Green (Unlocked) #Y824,$404.00,2025-09-01,https://www.ebay.com/itm/116753844557,https://i.ebayimg.com/images/g/nIkAAeSwg9Jor8zB/s-l500.webp,256 GB,Unknown,False,Galaxy S23 Ultra,,,,,,,,,,,,,True,,
2,Samsung Galaxy S23 Ultra SM-S918U1 512GB GREEN FACTORY Unlocked #Y533,$419.00,2025-08-31,https://www.ebay.com/itm/127292789968,https://i.ebayimg.com/images/g/P5wAAeSwn1Vok71P/s-l500.webp,512 GB,Unknown,False,Galaxy S23 Ultra,,,,,,,,,,,,,True,,
2,Samsung Galaxy S23 Ultra SM-S918U1 512GB GRAPHITE Unlocked #Y604,$429.00,2025-08-31,https://www.ebay.com/itm/146756686202,https://i.ebayimg.com/images/g/x0MAAeSwfydok7fd/s-l500.webp,512 GB,Unknown,False,Galaxy S23 Ultra,,,,,,,,,,,,,True,,
2,Samsung Galaxy S23 Ultra SM-S918U1 512GB 5G LAVENDER Unlocked #Y780,$479.00,2025-08-31,https://www.ebay.com/itm/116750413918,https://i.ebayimg.com/images/g/nnIAAeSwJiForMzS/s-l500.webp,512 GB,Unknown,False,Galaxy S23 Ultra,,,,,,,,,,,,,True,,
2,Samsung Galaxy S23 Ultra SM-S918U1 512GB GREEN FACTORY Unlocked #Y539,$424.00,2025-08-31,https://www.ebay.com/itm/146785397239,https://i.ebayimg.com/images/g/Ll4AAeSwNf5ok76L/s-l500.webp,512 GB,Unknown,False,Galaxy S23 Ultra,,,,,,,,,,,,,True,,
2,Samsung Galaxy S23 Ultra SM-S918U1 256GB Black FACTORY Unlocked #Y799,$409.00,2025-08-31,https://www.ebay.com/itm/146794069507,https://i.ebayimg.com/images/g/368AAeSwvyJorNW7/s-l500.webp,256 GB,Unknown,False,Galaxy S23 Ultra,,,,,,,,,,,,,True,,
2,Samsung Galaxy S23 Ultra SM-S918U1 512GB GREEN FACTORY Unlocked #Y417,$419.00,2025-08-31,https://www.ebay.com/itm/127292624947,https://i.ebayimg.com/images/g/8WIAAeSwmzpok5jV/s-l500.webp,512 GB,Unknown,False,Galaxy S23 Ultra,,,,,,,,,,,,,True,,
2,REFURBISHED Samsung Galaxy S23 Ultra SM-S918U1  1TB BLACK FACTORY Unlocked #Y867,$604.00,2025-08-31,https://www.ebay.com/itm/127338293654,https://i.ebayimg.com/images/g/6FkAAeSwcHRorn8m/s-l500.webp,Unknown,Unknown,False,Galaxy S23 Ultra,,,,,,,,,,,,,True,,
2,Samsung Galaxy S23 Ultra SM-S918U1 256GB Black FACTORY Unlocked #Y627,$424.00,2025-08-31,https://www.ebay.com/itm/127317190343,https://i.ebayimg.com/images/g/dywAAeSwm95oo-bD/s-l500.webp,256 GB,Unknown,False,Galaxy S23 Ultra,,,,,,,,,,,,,True,,
2,Samsung Galaxy S23 Ultra SM-S918U1 256GB Black FACTORY Unlocked #Y649,$394.00,2025-08-31,https://www.ebay.com/itm/127316347852,https://i.ebayimg.com/images/g/0hgAAeSwQkBoo1dE/s-l500.webp,256 GB,Unknown,False,Galaxy S23 Ultra,,,,,,,,,,,,,True,,
2,Samsung Galaxy S23 Ultra SM-S918U1 256GB Lavender Unlocked #Y765,$464.00,2025-08-30,https://www.ebay.com/itm/127331132893,https://i.ebayimg.com/images/g/7SAAAeSwhsForMoE/s-l500.webp,256 GB,Unknown,False,Galaxy S23 Ultra,,,,,,,,,,,,,True,,
2,Samsung Galaxy S23 Ultra SM-S918U1 256GB RED Unlocked #Y821,$449.00,2025-08-30,https://www.ebay.com/itm/146798174617,https://i.ebayimg.com/images/g/xvkAAeSwmjlor9In/s-l500.webp,256 GB,Unknown,False,Galaxy S23 Ultra,,,,,,,,,,,,,True,,
2,Samsung Galaxy S23 Ultra SM-S918U1 512GB Black FACTORY Unlocked #Y802,$479.00,2025-08-29,https://www.ebay.com/itm/116750445066,https://i.ebayimg.com/images/g/mhQAAeSwkxporNaj/s-l500.webp,512 GB,Unknown,False,Galaxy S23 Ultra,,,,,,,,,,,,,True,,
2,Samsung Galaxy S23 Ultra SM-S918U1 512GB GRAPHITE Unlocked #Y826,$504.00,2025-08-29,https://www.ebay.com/itm/127336167056,https://i.ebayimg.com/images/g/ygIAAeSwjsJor9Kf/s-l500.webp,512 GB,Unknown,False,Galaxy S23 Ultra,,,,,,,,,,,,,True,,
2,Samsung Galaxy S23 Ultra 5G 256GB Black *UNLOCKED* SM-S918U Very Good,$408.99,2025-08-30,https://www.ebay.com/itm/145733754899,https://i.ebayimg.com/images/g/WxsAAOSwA79l~gnm/s-l500.webp,256 GB,Very Good,False,Galaxy S23 Ultra,,,,,,,,,,,,,True,,
2,"Samsung Galaxy S23 Ultra 5G SM-S918U 256GB GSM/CDMA FACTORY UNLOCKED ""Very Good""",$449.88,2025-08-29,https://www.ebay.com/itm/296454198103,https://i.ebayimg.com/images/g/2OoAAOSw4A9mT7T0/s-l500.webp,256 GB,Very Good,False,Galaxy S23 Ultra,,,,,,,,,,,,,True,,
2,Samsung Galaxy S23 Ultra SM-S918U1 256GB Black FACTORY Unlocked #Y689,$404.00,2025-08-28,https://www.ebay.com/itm/127317091345,https://i.ebayimg.com/images/g/EcsAAeSw5KZoo9oY/s-l500.webp,256 GB,Unknown,False,Galaxy S23 Ultra,,,,,,,,,,,,,True,,
2,Samsung Galaxy S23 Ultra SM-S918U1 5G 256GB - Green (Unlocked) #Y707,$434.00,2025-08-28,https://www.ebay.com/itm/116740953373,https://i.ebayimg.com/images/g/OKwAAeSwAb1oo-Ew/s-l500.webp,256 GB,Unknown,False,Galaxy S23 Ultra,,,,,,,,,,,,,True,,
2,REFURBISHED Samsung Galaxy S23 Ultra SM-S918U1  1TB BLACK FACTORY Unlocked #Y867,$619.00,2025-08-28,https://www.ebay.com/itm/116752304090,https://i.ebayimg.com/images/g/6FkAAeSwcHRorn8m/s-l500.webp,Unknown,Unknown,False,Galaxy S23 Ultra,,,,,,,,,,,,,True,,
2,Samsung Galaxy S23 Ultra 256GB Phantom Black Unlocked Very Good Condition,$469.99,2025-08-28,https://www.ebay.com/itm/275901728149,https://i.ebayimg.com/images/g/43YAAOSw0axkiKyL/s-l500.webp,256 GB,Very Good,False,Galaxy S23 Ultra,,,,,,,,,,,,,True,,
2,Samsung Galaxy S23 Ultra SM-S918U1 512GB 5G LAVENDER Unlocked #Y608,$424.00,2025-08-28,https://www.ebay.com/itm/146756690320,https://i.ebayimg.com/images/g/dcYAAeSwmtFok7l5/s-l500.webp,512 GB,Unknown,False,Galaxy S23 Ultra,,,,,,,,,,,,,True,,
2,Samsung Galaxy S23 Ultra SM-S918U1 512GB Black FACTORY Unlocked #Y800,$434.00,2025-08-27,https://www.ebay.com/itm/146794070850,https://i.ebayimg.com/images/g/YuEAAeSw8HporNXt/s-l500.webp,512 GB,Unknown,False,Galaxy S23 Ultra,,,,,,,,,,,,,True,,
2,Samsung Galaxy S23 Ultra SM-S918U1 5G 256GB - Green (Unlocked) #Y756,$439.00,2025-08-27,https://www.ebay.com/itm/116741003235,https://i.ebayimg.com/images/g/eW0AAeSw8P5oo-~T/s-l500.webp,256 GB,Unknown,False,Galaxy S23 Ultra,,,,,,,,,,,,,True,,
2,Samsung Galaxy S23 Ultra SM-S918U1 512GB CREAM  FACTORY Unlocked #Y769,$504.00,2025-08-27,https://www.ebay.com/itm/116750402154,https://i.ebayimg.com/images/g/7QAAAeSwAuBorMqt/s-l500.webp,512 GB,Unknown,False,Galaxy S23 Ultra,,,,,,,,,,,,,True,,
2,Samsung Galaxy S23 Ultra SM-S918U1 5G 256GB - Green (Unlocked) #Y794,$464.00,2025-08-27,https://www.ebay.com/itm/116750434727,https://i.ebayimg.com/images/g/9w8AAeSwGE1orNRE/s-l500.webp,256 GB,Unknown,False,Galaxy S23 Ultra,,,,,,,,,,,,,True,,
2,Samsung Galaxy S23 Ultra SM-S918U1 512GB GREEN FACTORY Unlocked #Y863,$469.00,2025-08-26,https://www.ebay.com/itm/127333976035,https://i.ebayimg.com/images/g/AukAAeSwL45orn6G/s-l500.webp,512 GB,Unknown,False,Galaxy S23 Ultra,,,,,,,,,,,,,True,,
2,Samsung Galaxy S23 Ultra SM-S918U1 512GB Black FACTORY Unlocked #Y551,$449.00,2025-08-26,https://www.ebay.com/itm/146766123806,https://i.ebayimg.com/images/g/-N0AAeSwik1ok8D7/s-l500.webp,512 GB,Unknown,False,Galaxy S23 Ultra,,,,,,,,,,,,,True,,
2,Samsung Galaxy S23 Ultra SM-S918U1 5G 256GB - Green (Unlocked) #Y645,$439.00,2025-08-26,https://www.ebay.com/itm/116740458432,https://i.ebayimg.com/images/g/fy4AAeSwAHxoo1Y7/s-l500.webp,256 GB,Unknown,False,Galaxy S23 Ultra,,,,,,,,,,,,,True,,
2,Samsung Galaxy S23 Ultra SM-S918U1 256GB Black FACTORY Unlocked #Y776,$454.00,2025-08-26,https://www.ebay.com/itm/127331128366,https://i.ebayimg.com/images/g/IL8AAeSw5qlorMg~/s-l500.webp,256 GB,Unknown,False,Galaxy S23 Ultra,,,,,,,,,,,,,True,,
2,Samsung Galaxy S23 Ultra SM-S918U1 512GB GREEN FACTORY Unlocked #Y620,$469.00,2025-08-25,https://www.ebay.com/itm/116740964868,https://i.ebayimg.com/images/g/LFwAAeSwJR5oo-Ul/s-l500.webp,512 GB,Unknown,False,Galaxy S23 Ultra,,,,,,,,,,,,,True,,
2,Samsung Galaxy S23 Ultra 256GB Cream Unlocked Good Condition,$419.99,2025-08-25,https://www.ebay.com/itm/276236080784,https://i.ebayimg.com/images/g/53cAAOSwtdplgI2m/s-l500.webp,256 GB,Good,False,Galaxy S23 Ultra,,,,,,,,,,,,,True,,
2,Samsung Galaxy S23 Ultra SM-S918U1 5G 256GB - Green (Unlocked) #Y686,$429.00,2025-08-23,https://www.ebay.com/itm/116740928458,https://i.ebayimg.com/images/g/nnQAAeSwXz9oo9mL/s-l500.webp,256 GB,Unknown,False,Galaxy S23 Ultra,,,,,,,,,,,,,True,,
2,Samsung Galaxy S23 Ultra SM-S918U1 256GB Black FACTORY Unlocked #Y706,$449.00,2025-08-25,https://www.ebay.com/itm/116740947715,https://i.ebayimg.com/images/g/frAAAeSwt6Roo9-v/s-l500.webp,256 GB,Unknown,False,Galaxy S23 Ultra,,,,,,,,,,,,,True,,
2,Samsung Galaxy S23 Ultra 5G 256GB SM-S918U1  Cream Unlocked #Y625,$429.00,2025-08-23,https://www.ebay.com/itm/116740968434,https://i.ebayimg.com/images/g/mWIAAeSwoIdoo-YC/s-l500.webp,256 GB,Unknown,False,Galaxy S23 Ultra,,,,,,,,,,,,,True,,
2,Samsung Galaxy S23 Ultra SM-S918U1 512GB Black FACTORY Unlocked #Y626,$439.00,2025-08-23,https://www.ebay.com/itm/116740972171,https://i.ebayimg.com/images/g/O4sAAeSwJMVoo-ZT/s-l500.webp,512 GB,Unknown,False,Galaxy S23 Ultra,,,,,,,,,,,,,True,,
2,Samsung Galaxy S23 Ultra SM-S918U1 512GB GREEN FACTORY Unlocked #Y683,$474.00,2025-08-24,https://www.ebay.com/itm/146779940035,https://i.ebayimg.com/images/g/VLwAAeSwoIdoo1Gu/s-l500.webp,512 GB,Unknown,False,Galaxy S23 Ultra,,,,,,,,,,,,,True,,
2,Samsung Galaxy S23 Ultra SM-S918U1 256GB Lavender Unlocked #Y619,$409.00,2025-08-23,https://www.ebay.com/itm/127317171861,https://i.ebayimg.com/images/g/JUoAAeSwSuRoo-RP/s-l500.webp,256 GB,Unknown,False,Galaxy S23 Ultra,,,,,,,,,,,,,True,,
2,Samsung Galaxy S23 Ultra SM-S918U1 256GB Black FACTORY Unlocked #Y642,$424.00,2025-08-22,https://www.ebay.com/itm/116740457358,https://i.ebayimg.com/images/g/nDEAAeSwe2xoo1WC/s-l500.webp,256 GB,Unknown,False,Galaxy S23 Ultra,,,,,,,,,,,,,True,,
2,Samsung Galaxy S23 Ultra SM-S918U1 256GB Black FACTORY Unlocked #Y627,$454.00,2025-08-22,https://www.ebay.com/itm/146780635213,https://i.ebayimg.com/images/g/d1sAAeSwwWloo-~2/s-l500.webp,256 GB,Unknown,False,Galaxy S23 Ultra,,,,,,,,,,,,,True,,
2,Samsung Galaxy S23 Ultra 5G - 256GB Green *UNLOCKED* [SM-S918U] Good Refurbished,$438.99,2025-08-22,https://www.ebay.com/itm/146495638116,https://i.ebayimg.com/images/g/NIoAAOSwRdNmaL9w/s-l500.webp,256 GB,Good,False,Galaxy S23 Ultra,,,,,,,,,,,,,True,,
2,Samsung Galaxy S23 Ultra SM-S918U1 512GB GREEN FACTORY Unlocked #Y682,$484.00,2025-08-21,https://www.ebay.com/itm/116740445068,https://i.ebayimg.com/images/g/bQwAAeSw5thoo1KD/s-l500.webp,512 GB,Unknown,False,Galaxy S23 Ultra,,,,,,,,,,,,,True,,
2,Samsung Galaxy S23 Ultra SM-S918U1 512GB GREEN FACTORY Unlocked #Y681,$484.00,2025-08-22,https://www.ebay.com/itm/127316319417,https://i.ebayimg.com/images/g/HhUAAeSwk0Boo1JK/s-l500.webp,512 GB,Unknown,False,Galaxy S23 Ultra,,,,,,,,,,,,,True,,
2,Samsung Galaxy S23 Ultra SM-S918U1 512GB CREAM  FACTORY Unlocked #Y643,$509.00,2025-08-21,https://www.ebay.com/itm/146779981931,https://i.ebayimg.com/images/g/R3wAAeSwpFVoo1XB/s-l500.webp,512 GB,Unknown,False,Galaxy S23 Ultra,,,,,,,,,,,,,True,,
2,Samsung Galaxy S23 Ultra SM-S918U1 512GB Black FACTORY Unlocked #Y623,$489.00,2025-08-22,https://www.ebay.com/itm/146780579013,https://i.ebayimg.com/images/g/Zd4AAeSwAY1oo-IN/s-l500.webp,512 GB,Unknown,False,Galaxy S23 Ultra,,,,,,,,,,,,,True,,
2,Samsung Galaxy S23 Ultra SM-S918U1 5G 256GB - Green (Unlocked) #Y755,$459.00,2025-08-21,https://www.ebay.com/itm/127317246128,https://i.ebayimg.com/images/g/4XgAAeSwaqZoo--v/s-l500.webp,256 GB,Unknown,False,Galaxy S23 Ultra,,,,,,,,,,,,,True,,
2,Samsung Galaxy S23 Ultra SM-S918U1 512GB BLUE Unlocked #Y644,$489.00,2025-08-21,https://www.ebay.com/itm/127316340183,https://i.ebayimg.com/images/g/AQ4AAeSwEEdoo1Xp/s-l500.webp,512 GB,Unknown,False,Galaxy S23 Ultra,,,,,,,,,,,,,True,,
2,Samsung Galaxy S23 Ultra S918U 256GB Unlocked - Good,$447.99,2025-08-21,https://www.ebay.com/itm/226666566044,https://i.ebayimg.com/images/g/~RwAAOSwn9FkXnEY/s-l500.webp,256 GB,Good,False,Galaxy S23 Ultra,,,,,,,,,,,,,True,,
2,Samsung Galaxy S23 Ultra SM-S918U1 512GB 5G LAVENDER Unlocked #Y680,$479.00,2025-08-20,https://www.ebay.com/itm/116740439675,https://i.ebayimg.com/images/g/Or0AAeSwpFVoo1Hk/s-l500.webp,512 GB,Unknown,False,Galaxy S23 Ultra,,,,,,,,,,,,,True,,
2,Samsung Galaxy S23 Ultra SM-S918U1 512GB GREEN FACTORY Unlocked #Y539,$459.00,2025-08-20,https://www.ebay.com/itm/116730152225,https://i.ebayimg.com/images/g/Ll4AAeSwNf5ok76L/s-l500.webp,512 GB,Unknown,False,Galaxy S23 Ultra,,,,,,,,,,,,,True,,
2,Samsung Galaxy S23 Ultra - 256GB Phantom Black (Unlocked) SM-S918B/DS Excellent,$489.99,2025-08-20,https://www.ebay.com/itm/406104495111,https://i.ebayimg.com/images/g/68AAAeSwe91okHk6/s-l500.webp,256 GB,Excellent,False,Galaxy S23 Ultra,,,,,,,,,,,,,True,,
2,Samsung Galaxy S23 Ultra SM-S918U - 256GB - Black (Unlocked) - Good Condition,$439.99,2025-08-20,https://www.ebay.com/itm/306326516119,https://i.ebayimg.com/images/g/UKUAAOSwThJoNrYv/s-l500.webp,256 GB,Good,False,Galaxy S23 Ultra,,,,,,,,,,,,,True,,
2,Samsung Galaxy S23 Ultra 256GB (Unlocked) - Phantom Black,$479.96,2025-08-20,https://www.ebay.com/itm/146416458402,https://i.ebayimg.com/images/g/dX8AAeSwzwxo4tRU/s-l500.webp,256 GB,Unknown,False,Galaxy S23 Ultra,,,,,,,,,,,,,True,,
2,Samsung Galaxy S23 Ultra SM-S918U1 5G 256GB - Green (Unlocked) #Y646,$469.00,2025-08-19,https://www.ebay.com/itm/127316341440,https://i.ebayimg.com/images/g/MFgAAeSwBdloo1Zf/s-l500.webp,256 GB,Unknown,False,Galaxy S23 Ultra,,,,,,,,,,,,,True,,
2,Samsung Galaxy S23 Ultra SM-S918U1 256GB Black FACTORY Unlocked #Y647,$469.00,2025-08-19,https://www.ebay.com/itm/146779985135,https://i.ebayimg.com/images/g/UrIAAeSwvg9oo1aK/s-l500.webp,256 GB,Unknown,False,Galaxy S23 Ultra,,,,,,,,,,,,,True,,
2,Samsung Galaxy S23 Ultra SM-S918U1 512GB CREAM  FACTORY Unlocked #Y688,$479.00,2025-08-19,https://www.ebay.com/itm/146780529596,https://i.ebayimg.com/images/g/fIwAAeSwLaNoo9fz/s-l500.webp,512 GB,Unknown,False,Galaxy S23 Ultra,,,,,,,,,,,,,True,,
2,Samsung Galaxy S23 Ultra SM-S918U1 5G 256GB - Green (Unlocked) #Y736,$469.00,2025-08-19,https://www.ebay.com/itm/116740924478,https://i.ebayimg.com/images/g/69UAAeSw821oo9gx/s-l500.webp,256 GB,Unknown,False,Galaxy S23 Ultra,,,,,,,,,,,,,True,,
2,Samsung Galaxy S23 Ultra SM-S918U1 256GB Black FACTORY Unlocked #Y710,$469.00,2025-08-19,https://www.ebay.com/itm/146780577709,https://i.ebayimg.com/images/g/hXYAAeSwNOZoo-Gc/s-l500.webp,256 GB,Unknown,False,Galaxy S23 Ultra,,,,,,,,,,,,,True,,
2,Samsung Galaxy S23 Ultra 512GB Green Unlocked Excellent Condition,$539.99,2025-08-19,https://www.ebay.com/itm/276263871703,https://i.ebayimg.com/images/g/LEwAAOSw9DtllbUl/s-l500.webp,512 GB,Excellent,False,Galaxy S23 Ultra,,,,,,,,,,,,,True,,
2,Samsung Galaxy S23 Ultra 256GB Purple- Unlocked- Excellent Refurbished,$524.99,2025-08-19,https://www.ebay.com/itm/226822354884,https://i.ebayimg.com/images/g/1xgAAOSwJRxoUxpt/s-l500.webp,256 GB,Excellent,False,Galaxy S23 Ultra,,,,,,,,,,,,,True,,
2,Samsung Galaxy S23 Ultra 256GB Cream (SM-S918U1) Unlocked- Excellent Refurbished,$544.99,2025-08-19,https://www.ebay.com/itm/226823756648,https://i.ebayimg.com/images/g/vxsAAOSwcphoVC8G/s-l500.webp,256 GB,Excellent,False,Galaxy S23 Ultra,,,,,,,,,,,,,True,,
2,Samsung Galaxy S23 Ultra 256GB - Unlocked - Green - Excellent Refurbished,$512.99,2025-08-19,https://www.ebay.com/itm/226822303468,https://i.ebayimg.com/images/g/52gAAOSwgPFoUxAX/s-l500.webp,256 GB,Excellent,False,Galaxy S23 Ultra,,,,,,,,,,,,,True,,
2,Samsung Galaxy S23 Ultra 256GB - Unlocked - Black - Excellent Refurbished,$512.99,2025-08-19,https://www.ebay.com/itm/226822274635,https://i.ebayimg.com/images/g/D64AAOSw1wloUwfX/s-l500.webp,256 GB,Excellent,False,Galaxy S23 Ultra,,,,,,,,,,,,,True,,
2,REFURBISHED Samsung Galaxy S23 Ultra SM-S918U1 5G 512GB - Green (Unlocked) #Y607,$434.00,2025-08-18,https://www.ebay.com/itm/146756689217,https://i.ebayimg.com/images/g/NXgAAeSwGqJok7lK/s-l500.webp,512 GB,Unknown,False,Galaxy S23 Ultra,,,,,,,,,,,,,True,,
2,Samsung Galaxy S23 Ultra Fully Unlocked 6.8in 256GB - Excellent,$469.00,2025-08-18,https://www.ebay.com/itm/167579647352,https://i.ebayimg.com/images/g/3WkAAeSwiI5on17c/s-l500.webp,256 GB,Excellent,False,Galaxy S23 Ultra,,,,,,,,,,,,,True,,
2,Samsung Galaxy S23 Ultra 256GB Green Unlocked Excellent Condition,$489.99,2025-08-18,https://www.ebay.com/itm/296108673290,https://i.ebayimg.com/images/g/cIwAAOSwbillKDOA/s-l500.webp,256 GB,Excellent,False,Galaxy S23 Ultra,,,,,,,,,,,,,True,,
2,Samsung Galaxy S23 Ultra SM-S918U1 5G 256GB - Green (Unlocked) #Y532,$434.00,2025-08-17,https://www.ebay.com/itm/127292790435,https://i.ebayimg.com/images/g/pI0AAeSwjyNok72D/s-l500.webp,256 GB,Unknown,False,Galaxy S23 Ultra,,,,,,,,,,,,,True,,
2,Samsung Galaxy S23 Ultra SM-S918U1 256GB Black FACTORY Unlocked #Y610,$444.00,2025-08-17,https://www.ebay.com/itm/116722791902,https://i.ebayimg.com/images/g/6EoAAeSw95lok7sb/s-l500.webp,256 GB,Unknown,False,Galaxy S23 Ultra,,,,,,,,,,,,,True,,
2,Samsung Galaxy S23 Ultra SM-S918U1 512GB RED Unlocked #Y537,$494.00,2025-08-17,https://www.ebay.com/itm/127292786831,https://i.ebayimg.com/images/g/jFMAAeSwkxdok7wN/s-l500.webp,512 GB,Unknown,False,Galaxy S23 Ultra,,,,,,,,,,,,,True,,
2,Samsung Galaxy S23 Ultra SM-S918U1 512GB CREAM  FACTORY Unlocked #Y548,$494.00,2025-08-17,https://www.ebay.com/itm/127292797830,https://i.ebayimg.com/images/g/qUgAAeSwupZok79c/s-l500.webp,512 GB,Unknown,False,Galaxy S23 Ultra,,,,,,,,,,,,,True,,
2,Samsung Galaxy S23 Ultra SM-S918U1 256GB Black FACTORY Unlocked #Y544,$444.00,2025-08-16,https://www.ebay.com/itm/127292799745,https://i.ebayimg.com/images/g/pPwAAeSwFTRok7-5/s-l500.webp,256 GB,Unknown,False,Galaxy S23 Ultra,,,,,,,,,,,,,True,,
2,Samsung Galaxy S23 Ultra SM-S918U1 256GB Black FACTORY Unlocked #Y545,$444.00,2025-08-17,https://www.ebay.com/itm/146756725391,https://i.ebayimg.com/images/g/ubUAAeSw-MVok7~x/s-l500.webp,256 GB,Unknown,False,Galaxy S23 Ultra,,,,,,,,,,,,,True,,
2,Samsung Galaxy S23 Ultra SM-S918U1 512GB GREEN FACTORY Unlocked #Y491,$494.00,2025-08-17,https://www.ebay.com/itm/127292602069,https://i.ebayimg.com/images/g/iCIAAeSwpGlok5Pw/s-l500.webp,512 GB,Unknown,False,Galaxy S23 Ultra,,,,,,,,,,,,,True,,
2,Samsung Galaxy S23 Ultra SM-S918U1 256GB Black FACTORY Unlocked #Y520,$444.00,2025-08-17,https://www.ebay.com/itm/116722659000,https://i.ebayimg.com/images/g/NTMAAeSwHRpok6Dp/s-l500.webp,256 GB,Unknown,False,Galaxy S23 Ultra,,,,,,,,,,,,,True,,
2,Samsung Galaxy S23 Ultra SM-S918U1 5G 256GB GRAPHITE Unlocked #Y603,$424.00,2025-08-17,https://www.ebay.com/itm/116722780147,https://i.ebayimg.com/images/g/eIMAAeSwk8pok7em/s-l500.webp,256 GB,Unknown,False,Galaxy S23 Ultra,,,,,,,,,,,,,True,,
2,Samsung Galaxy S23 Ultra 5G - 256GB Cream *UNLOCKED* Very Good Refurb [SM-S918U],$479.99,2025-08-17,https://www.ebay.com/itm/146495622701,https://i.ebayimg.com/images/g/lgQAAOSwXthmOVsd/s-l500.webp,256 GB,Very Good,False,Galaxy S23 Ultra,,,,,,,,,,,,,True,,
2,Samsung Galaxy S23 Ultra SM-S918U1 512GB Black FACTORY Unlocked #Y415,$469.00,2025-08-14,https://www.ebay.com/itm/116722602027,https://i.ebayimg.com/images/g/fNUAAeSw~Qpok5VB/s-l500.webp,512 GB,Unknown,False,Galaxy S23 Ultra,,,,,,,,,,,,,True,,
2,Samsung Galaxy S23 Ultra SM-S918U1 512GB Black FACTORY Unlocked #Y541,$484.00,2025-08-14,https://www.ebay.com/itm/116722811702,https://i.ebayimg.com/images/g/76UAAeSw0zlok78h/s-l500.webp,512 GB,Unknown,False,Galaxy S23 Ultra,,,,,,,,,,,,,True,,
2,Samsung Galaxy S23 Ultra Unlocked 256GB Phantom Black - Excellent,$469.00,2025-08-15,https://www.ebay.com/itm/277088454515,https://i.ebayimg.com/images/g/iJIAAOSwqfRkLvFg/s-l500.webp,256 GB,Excellent,False,Galaxy S23 Ultra,,,,,,,,,,,,,True,,
2,Samsung Galaxy S23 Ultra SM-S918U1 512GB Black FACTORY Unlocked #Y611,$444.00,2025-08-13,https://www.ebay.com/itm/146756697936,https://i.ebayimg.com/images/g/a~UAAeSwvuVok7r4/s-l500.webp,512 GB,Unknown,False,Galaxy S23 Ultra,,,,,,,,,,,,,True,,
2,Samsung Galaxy S23 Ultra 1TB Graphite Unlocked Very Good Condition,$679.99,2025-08-13,https://www.ebay.com/itm/277315087064,https://i.ebayimg.com/images/g/dYEAAeSwGQ9oycrE/s-l500.webp,Unknown,Very Good,False,Galaxy S23 Ultra,,,,,,,,,,,,,True,,
2,Samsung Galaxy S23 Ultra SM-S918U - 512GB - Lavender (Carrier Unlocked) B-Stock,$514.98,2025-08-12,https://www.ebay.com/itm/157090133931,https://i.ebayimg.com/images/g/3IkAAOSwEJhoSyg~/s-l500.webp,512 GB,Unknown,False,Galaxy S23 Ultra,,,,,,,,,,,,,True,,
2,Excellent Samsung Galaxy S23 Ultra 256GB Cream Verizon Android Smartphone,$484.99,2025-08-11,https://www.ebay.com/itm/146712912501,https://i.ebayimg.com/images/g/jhgAAeSwi~RoeBMc/s-l500.webp,256 GB,Excellent,False,Galaxy S23 Ultra,,,,,,,,,,,,,True,,
2,Samsung Galaxy S23 Ultra SM-S918U1 512GB GREEN FACTORY Unlocked #Y539,$484.00,2025-08-10,https://www.ebay.com/itm/127292795318,https://i.ebayimg.com/images/g/Ll4AAeSwNf5ok76L/s-l500.webp,512 GB,Unknown,False,Galaxy S23 Ultra,,,,,,,,,,,,,True,,
2,Samsung Galaxy S23 Ultra SM-S918U1 512GB Black FACTORY Unlocked #Y551,$494.00,2025-08-10,https://www.ebay.com/itm/146756728242,https://i.ebayimg.com/images/g/-N0AAeSwik1ok8D7/s-l500.webp,512 GB,Unknown,False,Galaxy S23 Ultra,,,,,,,,,,,,,True,,
2,"Samsung Galaxy S23 Ultra 5G SM-S918U 256GB GSM/CDMA FACTORY UNLOCKED ""Excellent""",$509.88,2025-08-10,https://www.ebay.com/itm/364909292712,https://i.ebayimg.com/images/g/2OoAAOSw4A9mT7T0/s-l500.webp,256 GB,Excellent,False,Galaxy S23 Ultra,,,,,,,,,,,,,True,,
2,Samsung Galaxy S23 Ultra (6.8-in) Smartphone SM-S918U Unlocked - 256GB/Lavender,$539.95,2025-08-08,https://www.ebay.com/itm/167702765369,https://i.ebayimg.com/images/g/xuAAAeSwgxxolgpo/s-l500.webp,256 GB,Unknown,False,Galaxy S23 Ultra,,,,,,,,,,,,,True,,
2,"Samsung Galaxy S23 Ultra 256GB Unlocked SM-S918U 6.8"" 200MP 5G NFC Lavender",$454.99,2025-08-08,https://www.ebay.com/itm/205633897898,https://i.ebayimg.com/images/g/DFMAAeSw6eFogod3/s-l500.webp,256 GB,Unknown,False,Galaxy S23 Ultra,,,,,,,,,,,,,True,,
2,Samsung Galaxy S23 Ultra SM-S918U1 256GB Black FACTORY Unlocked #Y414,$439.00,2025-08-07,https://www.ebay.com/itm/116708786608,https://i.ebayimg.com/images/g/exoAAeSwgldohpon/s-l500.webp,256 GB,Unknown,False,Galaxy S23 Ultra,,,,,,,,,,,,,True,,
2,Samsung Galaxy S23 Ultra SM-S918U1 512GB Black FACTORY Unlocked #Y550,$499.00,2025-08-08,https://www.ebay.com/itm/146756727487,https://i.ebayimg.com/images/g/nzUAAeSw5gxok8De/s-l500.webp,512 GB,Unknown,False,Galaxy S23 Ultra,,,,,,,,,,,,,True,,
2,Samsung Galaxy S23 Ultra SM-S918U1 256GB Lavender Unlocked #Y547,$429.00,2025-08-07,https://www.ebay.com/itm/127292803959,https://i.ebayimg.com/images/g/0YcAAeSwpwlok8B5/s-l500.webp,256 GB,Unknown,False,Galaxy S23 Ultra,,,,,,,,,,,,,True,,
2,Samsung Galaxy S23 Ultra SM-S918U1 256GB Black FACTORY Unlocked #Y397,$439.00,2025-08-06,https://www.ebay.com/itm/116710260239,https://i.ebayimg.com/images/g/d1wAAeSwsh9oiERp/s-l500.webp,256 GB,Unknown,False,Galaxy S23 Ultra,,,,,,,,,,,,,True,,
2,Samsung Galaxy S23 Ultra SM-S918U1 256GB Lavender Unlocked #Y606,$469.00,2025-08-06,https://www.ebay.com/itm/127292772989,https://i.ebayimg.com/images/g/R1YAAeSwzVpok7jI/s-l500.webp,256 GB,Unknown,False,Galaxy S23 Ultra,,,,,,,,,,,,,True,,
2,Samsung Galaxy S23 Ultra SM-S918U1 512GB 5G LAVENDER Unlocked #Y609,$479.00,2025-08-06,https://www.ebay.com/itm/116722787458,https://i.ebayimg.com/images/g/ahMAAeSwx5lok7qS/s-l500.webp,512 GB,Unknown,False,Galaxy S23 Ultra,,,,,,,,,,,,,True,,
2,Samsung Galaxy S23 Ultra SM-S918U1 512GB GREEN FACTORY Unlocked #Y314,$454.00,2025-08-06,https://www.ebay.com/itm/116696982954,https://i.ebayimg.com/images/g/lagAAeSw-JJoer0x/s-l500.webp,512 GB,Unknown,False,Galaxy S23 Ultra,,,,,,,,,,,,,True,,
2,Samsung Galaxy S23 Ultra SM-S918U1 512GB GREEN FACTORY Unlocked #Y534,$489.00,2025-08-06,https://www.ebay.com/itm/116722800716,https://i.ebayimg.com/images/g/y2EAAeSwYlBok72r/s-l500.webp,512 GB,Unknown,False,Galaxy S23 Ultra,,,,,,,,,,,,,True,,
2,Samsung Galaxy S23 Ultra SM-S918U1 512GB Black FACTORY Unlocked #Y536,$459.00,2025-08-06,https://www.ebay.com/itm/116722805935,https://i.ebayimg.com/images/g/9N0AAeSwstZok74r/s-l500.webp,512 GB,Unknown,False,Galaxy S23 Ultra,,,,,,,,,,,,,True,,
2,Samsung Galaxy S23 Ultra SM-S918U1 512GB Black FACTORY Unlocked #Y605,$459.00,2025-08-06,https://www.ebay.com/itm/146756686806,https://i.ebayimg.com/images/g/GGgAAeSwrtJok7gw/s-l500.webp,512 GB,Unknown,False,Galaxy S23 Ultra,,,,,,,,,,,,,True,,
2,Samsung Galaxy S23 Ultra SM-S918U1 256GB Lavender Unlocked #Y543,$469.00,2025-08-06,https://www.ebay.com/itm/146756722676,https://i.ebayimg.com/images/g/DjQAAeSwz0Fok7-S/s-l500.webp,256 GB,Unknown,False,Galaxy S23 Ultra,,,,,,,,,,,,,True,,
2,Samsung Galaxy S23 Ultra SM-S918U1 512GB Black FACTORY Unlocked #Y411,$459.00,2025-08-06,https://www.ebay.com/itm/116708783639,https://i.ebayimg.com/images/g/SSwAAeSw8Cdohpj4/s-l500.webp,512 GB,Unknown,False,Galaxy S23 Ultra,,,,,,,,,,,,,True,,
2,Samsung Galaxy S23 Ultra 5G 256GB SM-S918U1  Cream Unlocked #Y425,$469.00,2025-08-05,https://www.ebay.com/itm/116710196951,https://i.ebayimg.com/images/g/LwsAAeSw0VpoiDHN/s-l500.webp,256 GB,Unknown,False,Galaxy S23 Ultra,,,,,,,,,,,,,True,,
2,Samsung Galaxy S23 Ultra SM-S918U1 256GB Black FACTORY Unlocked #Y308,$409.00,2025-08-05,https://www.ebay.com/itm/127243617783,https://i.ebayimg.com/images/g/jjgAAeSwwNhoers~/s-l500.webp,256 GB,Unknown,False,Galaxy S23 Ultra,,,,,,,,,,,,,True,,
2,Samsung Galaxy S23 Ultra 5G 256GB SM-S918U1  Cream Unlocked #Y426,$454.00,2025-08-05,https://www.ebay.com/itm/146737315775,https://i.ebayimg.com/images/g/IHYAAeSwupZoiDH6/s-l500.webp,256 GB,Unknown,False,Galaxy S23 Ultra,,,,,,,,,,,,,True,,
2,Samsung Galaxy S23 Ultra SM-S918U1 256GB Black FACTORY Unlocked #Y399,$444.00,2025-08-06,https://www.ebay.com/itm/127272258891,https://i.ebayimg.com/images/g/UsgAAeSwvEpoiETN/s-l500.webp,256 GB,Unknown,False,Galaxy S23 Ultra,,,,,,,,,,,,,True,,
2,Samsung Galaxy S23 Ultra SM-S918U - 256GB - Phantom Black (Carrier Unlocked),$489.98,2025-08-06,https://www.ebay.com/itm/155737563225,https://i.ebayimg.com/images/g/KD0AAOSwPjFlHuOG/s-l500.webp,256 GB,Unknown,False,Galaxy S23 Ultra,,,,,,,,,,,,,True,,
2,Samsung Galaxy S23 Ultra SM-S918U1 512GB Black FACTORY Unlocked #Y395,$484.00,2025-08-04,https://www.ebay.com/itm/146737511078,https://i.ebayimg.com/images/g/cWoAAeSwH4xoiEN3/s-l500.webp,512 GB,Unknown,False,Galaxy S23 Ultra,,,,,,,,,,,,,True,,
2,Samsung Galaxy S23 Ultra SM-S918U1 256GB Black FACTORY Unlocked #Y398,$444.00,2025-08-04,https://www.ebay.com/itm/146737533519,https://i.ebayimg.com/images/g/1qcAAeSwyTJoiESo/s-l500.webp,256 GB,Unknown,False,Galaxy S23 Ultra,,,,,,,,,,,,,True,,
2,Samsung Galaxy S23 Ultra SM-S918U1 256GB Black FACTORY Unlocked #Y410,$409.00,2025-08-04,https://www.ebay.com/itm/127269207745,https://i.ebayimg.com/images/g/RsMAAeSwSNBohpi4/s-l500.webp,256 GB,Unknown,False,Galaxy S23 Ultra,,,,,,,,,,,,,True,,
2,Samsung Galaxy S23 Ultra SM-S918U1 512GB Black FACTORY Unlocked #Y412,$464.00,2025-08-04,https://www.ebay.com/itm/146734886101,https://i.ebayimg.com/images/g/LX4AAeSwQ3VohplL/s-l500.webp,512 GB,Unknown,False,Galaxy S23 Ultra,,,,,,,,,,,,,True,,
2,Samsung Galaxy S23 Ultra SM-S918U1 256GB Lavender Unlocked #Y418,$469.00,2025-08-04,https://www.ebay.com/itm/127269221591,https://i.ebayimg.com/images/g/xyUAAeSw-KNohpwt/s-l500.webp,256 GB,Unknown,False,Galaxy S23 Ultra,,,,,,,,,,,,,True,,
2,Samsung Galaxy S23 Ultra SM-S918U1 256GB Lavender Unlocked #Y419,$429.00,2025-08-04,https://www.ebay.com/itm/146734902116,https://i.ebayimg.com/images/g/aUUAAeSwh-5ohpxf/s-l500.webp,256 GB,Unknown,False,Galaxy S23 Ultra,,,,,,,,,,,,,True,,
2,Samsung Galaxy S23 Ultra SM-S918U1 512GB Black FACTORY Unlocked #Y413,$484.00,2025-08-04,https://www.ebay.com/itm/146751840242,https://i.ebayimg.com/images/g/c80AAeSwKJ1ohpmO/s-l500.webp,512 GB,Unknown,False,Galaxy S23 Ultra,,,,,,,,,,,,,True,,
2,Samsung Galaxy S23 Ultra SM-S918U1 256GB Black FACTORY Unlocked #Y421,$409.00,2025-08-04,https://www.ebay.com/itm/116708794498,https://i.ebayimg.com/images/g/RP8AAeSwXbBohp0K/s-l500.webp,256 GB,Unknown,False,Galaxy S23 Ultra,,,,,,,,,,,,,True,,
3,Samsung Galaxy S23 Ultra SM-S918U1 256GB Lavender Unlocked #Y419,$429.00,2025-08-04,https://www.ebay.com/itm/146734902116,https://i.ebayimg.com/images/g/aUUAAeSwh-5ohpxf/s-l500.webp,256 GB,Unknown,False,Galaxy S23 Ultra,,,,,,,,,,,,,True,,
3,Samsung Galaxy S23 Ultra SM-S918U1 512GB Black FACTORY Unlocked #Y413,$484.00,2025-08-04,https://www.ebay.com/itm/146751840242,https://i.ebayimg.com/images/g/c80AAeSwKJ1ohpmO/s-l500.webp,512 GB,Unknown,False,Galaxy S23 Ultra,,,,,,,,,,,,,True,,
3,Samsung Galaxy S23 Ultra SM-S918U1 256GB Black FACTORY Unlocked #Y421,$409.00,2025-08-04,https://www.ebay.com/itm/116708794498,https://i.ebayimg.com/images/g/RP8AAeSwXbBohp0K/s-l500.webp,256 GB,Unknown,False,Galaxy S23 Ultra,,,,,,,,,,,,,True,,
3,Samsung Galaxy S23 Ultra 5G 256GB/512GB SM-S918U1 FULLY Unlocked 🔓  - EXCELLENT,$629.99,2025-08-04,https://www.ebay.com/itm/126091571125,https://i.ebayimg.com/images/g/cp4AAOSwsu1ma2Xb/s-l500.webp,256 GB,Excellent,False,Galaxy S23 Ultra,,,,,,,,,,,,,True,,
3,Samsung Galaxy S23 Ultra SM-S918U1 512GB Black FACTORY Unlocked #Y413,$484.00,2025-08-04,https://www.ebay.com/itm/127269211572,https://i.ebayimg.com/images/g/c80AAeSwKJ1ohpmO/s-l500.webp,512 GB,Unknown,False,Galaxy S23 Ultra,,,,,,,,,,,,,True,,
3,Samsung Galaxy S23 Ultra SM-S918U1 256GB Black FACTORY Unlocked #Y466,$444.00,2025-08-04,https://www.ebay.com/itm/146734985617,https://i.ebayimg.com/images/g/nvoAAeSweE5ohqgH/s-l500.webp,256 GB,Unknown,False,Galaxy S23 Ultra,,,,,,,,,,,,,True,,
3,Samsung Galaxy S23 Ultra SM-S918U1 512GB 5G LAVENDER Unlocked #Y341,$484.00,2025-08-03,https://www.ebay.com/itm/116696951372,https://i.ebayimg.com/images/g/YskAAeSweuFoerOo/s-l500.webp,512 GB,Unknown,False,Galaxy S23 Ultra,,,,,,,,,,,,,True,,
3,Samsung Galaxy S23 Ultra SM-S918U1 256GB Black FACTORY Unlocked #Y402,$449.00,2025-08-03,https://www.ebay.com/itm/127269202107,https://i.ebayimg.com/images/g/SOsAAeSwOyJohpcd/s-l500.webp,256 GB,Unknown,False,Galaxy S23 Ultra,,,,,,,,,,,,,True,,
3,Samsung Galaxy S23 Ultra SM-S918U1 256GB Black FACTORY Unlocked #Y409,$414.00,2025-08-02,https://www.ebay.com/itm/146734881745,https://i.ebayimg.com/images/g/ZzcAAeSwJLJohphg/s-l500.webp,256 GB,Unknown,False,Galaxy S23 Ultra,,,,,,,,,,,,,True,,
3,CERTIFIED Samsung Galaxy S23 Ultra SM-S918U1 256GB Black FACTORY Unlocked #Y281,$419.00,2025-08-02,https://www.ebay.com/itm/116710959729,https://i.ebayimg.com/images/g/wOwAAeSwXHtoev4h/s-l500.webp,256 GB,Unknown,False,Galaxy S23 Ultra,,,,,,,,,,,,,True,,
3,Samsung Galaxy S23 Ultra SM-S918U1 256GB Black FACTORY Unlocked #Y423,$414.00,2025-08-02,https://www.ebay.com/itm/127269228315,https://i.ebayimg.com/images/g/fHUAAeSw3Wxohp4J/s-l500.webp,256 GB,Unknown,False,Galaxy S23 Ultra,,,,,,,,,,,,,True,,
3,CERTIFIED Samsung Galaxy S23 Ultra SM-S918U1 256GB Black FACTORY Unlocked #Y202,$389.00,2025-08-02,https://www.ebay.com/itm/146738768706,https://i.ebayimg.com/images/g/-XkAAeSwYA9ocpNk/s-l500.webp,256 GB,Unknown,False,Galaxy S23 Ultra,,,,,,,,,,,,,True,,
3,Samsung Galaxy S23 Ultra SM-S918U - 512GB - Black (Unlocked) - Good Condition,$449.99,2025-08-02,https://www.ebay.com/itm/306304684819,https://i.ebayimg.com/images/g/vtMAAOSww4loGzZv/s-l500.webp,512 GB,Good,False,Galaxy S23 Ultra,,,,,,,,,,,,,True,,
3,Samsung Galaxy S23 Ultra SM-S918U1 256GB Black FACTORY Unlocked #Y402,$454.00,2025-08-01,https://www.ebay.com/itm/146734876231,https://i.ebayimg.com/images/g/QZAAAeSw8n1ohpdO/s-l500.webp,256 GB,Unknown,False,Galaxy S23 Ultra,,,,,,,,,,,,,True,,
3,Samsung Galaxy S23 Ultra SM-S918U1 256GB Lavender Unlocked #Y420,$479.00,2025-08-01,https://www.ebay.com/itm/127269223119,https://i.ebayimg.com/images/g/WHoAAeSwViZohpyw/s-l500.webp,256 GB,Unknown,False,Galaxy S23 Ultra,,,,,,,,,,,,,True,,
3,Samsung Galaxy S23 Ultra SM-S918U1 5G 256GB - Green (Unlocked) #Y416,$454.00,2025-08-01,https://www.ebay.com/itm/146734897540,https://i.ebayimg.com/images/g/7vkAAeSwLOFohprk/s-l500.webp,256 GB,Unknown,False,Galaxy S23 Ultra,,,,,,,,,,,,,True,,
3,Galaxy S23 Ultra - Factory Unlocked - 256GB - Black - Very Good,$435.00,2025-08-02,https://www.ebay.com/itm/285502823210,https://i.ebayimg.com/images/g/iJIAAOSwqfRkLvFg/s-l500.webp,256 GB,Very Good,False,Galaxy S23 Ultra,,,,,,,,,,,,,True,,
3,Samsung Galaxy S23 Ultra - 256GB 512GB 1TB - All Colors - Very Good Condition,$435.00,2025-08-02,https://www.ebay.com/itm/285846892452,https://i.ebayimg.com/images/g/i9wAAOSwWdtmOPNg/s-l500.webp,256 GB,Very Good,False,Galaxy S23 Ultra,,,,,,,,,,,,,True,,
3,Samsung Galaxy S23 Ultra SM-S918U - 256GB - Cream (Carrier Unlocked),$514.98,2025-08-01,https://www.ebay.com/itm/157160926267,https://i.ebayimg.com/images/g/I-gAAeSwRs1ob~V8/s-l500.webp,256 GB,Unknown,False,Galaxy S23 Ultra,,,,,,,,,,,,,True,,
3,Samsung Galaxy S23 Ultra SM-S918B/DS - 512GB - Green (Unlocked) - Very Good,$579.99,2025-08-01,https://www.ebay.com/itm/306412055479,https://i.ebayimg.com/images/g/7lcAAeSwfKxod8NL/s-l500.webp,512 GB,Very Good,False,Galaxy S23 Ultra,,,,,,,,,,,,,True,,
3,Samsung Galaxy S23 Ultra SM-S918U1 512GB Black FACTORY Unlocked #Y309,$469.00,2025-07-31,https://www.ebay.com/itm/116714319361,https://i.ebayimg.com/images/g/lEoAAeSwXHtoern3/s-l500.webp,512 GB,Unknown,False,Galaxy S23 Ultra,,,,,,,,,,,,,True,,
3,Samsung Galaxy S23 Ultra SM-S918U1 512GB Black FACTORY Unlocked #Y309,$469.00,2025-07-31,https://www.ebay.com/itm/116696971631,https://i.ebayimg.com/images/g/lEoAAeSwXHtoern3/s-l500.webp,512 GB,Unknown,False,Galaxy S23 Ultra,,,,,,,,,,,,,True,,
3,Samsung Galaxy S23 Ultra SM-S918U - 256GB - Lavender (Unlocked) - Good Condition,$469.99,2025-07-31,https://www.ebay.com/itm/306421909241,https://i.ebayimg.com/images/g/u~0AAOSwlP5n67rr/s-l500.webp,256 GB,Good,False,Galaxy S23 Ultra,,,,,,,,,,,,,True,,
3,Samsung Galaxy S23 Ultra 256GB Phantom Black Unlocked Excellent Condition,$489.99,2025-07-30,https://www.ebay.com/itm/295565096661,https://i.ebayimg.com/images/g/ufgAAOSwUjNkZ8Ez/s-l500.webp,256 GB,Excellent,False,Galaxy S23 Ultra,,,,,,,,,,,,,True,,
3,"Samsung Galaxy S23 Ultra 512GB Unlocked SM-S918U 6.8"" 200MP 5G NFC 3.36GHz Green",$454.99,2025-07-30,https://www.ebay.com/itm/326709033709,https://i.ebayimg.com/images/g/pYAAAOSwRFpkeSZ0/s-l500.webp,512 GB,Unknown,False,Galaxy S23 Ultra,,,,,,,,,,,,,True,,
3,Samsung Galaxy S23 Ultra SM-S918U1 512GB 5G LAVENDER Unlocked #Y407,$494.00,2025-07-29,https://www.ebay.com/itm/127269206115,https://i.ebayimg.com/images/g/e0gAAeSwGH9ohpgl/s-l500.webp,512 GB,Unknown,False,Galaxy S23 Ultra,,,,,,,,,,,,,True,,
3,Unlocked Samsung Galaxy S23 Ultra SM-S918U1 256GB 1Year Warranty Phone Very Good,$469.95,2025-07-29,https://www.ebay.com/itm/356344833499,https://i.ebayimg.com/images/g/wfMAAOSw3rNno6lW/s-l500.webp,256 GB,Very Good,False,Galaxy S23 Ultra,,,,,,,,,,,,,True,,
3,Samsung Galaxy S23 Ultra 5G 6.8'' Unlocked 1 TB - Lavender - Good,$594.36,2025-07-29,https://www.ebay.com/itm/146669375895,https://i.ebayimg.com/images/g/r8gAAOSw2z9oWlAM/s-l500.webp,Unknown,Good,False,Galaxy S23 Ultra,,,,,,,,,,,,,True,,
3,REFURBISHED Samsung Galaxy S23 Ultra SM-S918U1 512GB LAVENDER Unlocked #S361,$474.00,2025-07-28,https://www.ebay.com/itm/146716825940,https://i.ebayimg.com/images/g/N5UAAeSw5e1oeqaF/s-l500.webp,512 GB,Unknown,False,Galaxy S23 Ultra,,,,,,,,,,,,,True,,
3,Samsung Galaxy S23 Ultra SM-S918U1 512GB 5G LAVENDER Unlocked #Y424,$494.00,2025-07-28,https://www.ebay.com/itm/116710194601,https://i.ebayimg.com/images/g/oTgAAeSwyUpoiDGO/s-l500.webp,512 GB,Unknown,False,Galaxy S23 Ultra,,,,,,,,,,,,,True,,
3,Samsung Galaxy S23 Ultra SM-S918U1 512GB 5G LAVENDER Unlocked #Y359,$494.00,2025-07-28,https://www.ebay.com/itm/127243395720,https://i.ebayimg.com/images/g/JrsAAeSwXhZoeqYa/s-l500.webp,512 GB,Unknown,False,Galaxy S23 Ultra,,,,,,,,,,,,,True,,
3,Samsung Galaxy S23 Ultra 5G S918U 256GB Unlocked - Excellent,$531.99,2025-07-28,https://www.ebay.com/itm/226042435436,https://i.ebayimg.com/images/g/~RwAAOSwn9FkXnEY/s-l500.webp,256 GB,Excellent,False,Galaxy S23 Ultra,,,,,,,,,,,,,True,,
3,Samsung Galaxy S23 Ultra SM-S918U1 512GB Black FACTORY Unlocked #Y277,$494.00,2025-07-27,https://www.ebay.com/itm/146717232943,https://i.ebayimg.com/images/g/eFwAAeSwE7xoevzm/s-l500.webp,512 GB,Unknown,False,Galaxy S23 Ultra,,,,,,,,,,,,,True,,
3,Samsung Galaxy S23 Ultra SM-S918U1 256GB Black FACTORY Unlocked #Y400,$459.00,2025-07-27,https://www.ebay.com/itm/127269198405,https://i.ebayimg.com/images/g/Y8AAAeSw0XZohpaJ/s-l500.webp,256 GB,Unknown,False,Galaxy S23 Ultra,,,,,,,,,,,,,True,,
3,Samsung Galaxy S23 Ultra SM-S918U1 256GB Black FACTORY Unlocked #Y404,$459.00,2025-07-27,https://www.ebay.com/itm/146734876835,https://i.ebayimg.com/images/g/ZK4AAeSwzIRohpdu/s-l500.webp,256 GB,Unknown,False,Galaxy S23 Ultra,,,,,,,,,,,,,True,,
3,REFURBISHED Samsung Galaxy S23 Ultra SM-S918U1 5G 512GB - Green (Unlocked) #Y422,$459.00,2025-07-27,https://www.ebay.com/itm/146734909767,https://i.ebayimg.com/images/g/b8sAAeSwXadohp1n/s-l500.webp,512 GB,Unknown,False,Galaxy S23 Ultra,,,,,,,,,,,,,True,,
3,Samsung Galaxy S23 Ultra SM-S918U - 256GB - Lavender (Unlocked) - Good Condition,$469.99,2025-07-27,https://www.ebay.com/itm/306219195088,https://i.ebayimg.com/images/g/u~0AAOSwlP5n67rr/s-l500.webp,256 GB,Good,False,Galaxy S23 Ultra,,,,,,,,,,,,,True,,
3,Samsung Galaxy S23 Ultra SM-S918U1 512GB GREEN FACTORY Unlocked #Y278,$509.00,2025-07-26,https://www.ebay.com/itm/127244301144,https://i.ebayimg.com/images/g/dh4AAeSwnSxoev1V/s-l500.webp,512 GB,Unknown,False,Galaxy S23 Ultra,,,,,,,,,,,,,True,,
3,Samsung Galaxy S23 Ultra - 256 GB - Phantom Black - Unlocked - Good Refurbished,$399.00,2025-07-26,https://www.ebay.com/itm/127143217760,https://i.ebayimg.com/images/g/MRYAAOSwGl9kR7aU/s-l500.webp,256 GB,Good,False,Galaxy S23 Ultra,,,,,,,,,,,,,True,,
3,Samsung Galaxy S23 Ultra SM-S918U1 256GB Black FACTORY Unlocked #Y286,$439.00,2025-07-26,https://www.ebay.com/itm/127244328524,https://i.ebayimg.com/images/g/tDYAAeSwTDpoewBu/s-l500.webp,256 GB,Unknown,False,Galaxy S23 Ultra,,,,,,,,,,,,,True,,
3,CERTIFIED Samsung Galaxy S23 Ultra SM-S918U1 512GB Black FACTORY Unlocked #Y226,$479.00,2025-07-25,https://www.ebay.com/itm/116688938092,https://i.ebayimg.com/images/g/z~UAAeSwMfBocoxx/s-l500.webp,512 GB,Unknown,False,Galaxy S23 Ultra,,,,,,,,,,,,,True,,
3,CERTIFIED Samsung Galaxy S23 Ultra SM-S918U1 256GB Lavender Unlocked #Y280,$484.00,2025-07-24,https://www.ebay.com/itm/116696940067,https://i.ebayimg.com/images/g/YGsAAeSwgo1oeq~4/s-l500.webp,256 GB,Unknown,False,Galaxy S23 Ultra,,,,,,,,,,,,,True,,
3,CERTIFIED Samsung Galaxy S23 Ultra 5G 256GB SM-S918U1  Cream Unlocked #Y318,$484.00,2025-07-24,https://www.ebay.com/itm/146716848362,https://i.ebayimg.com/images/g/Tu8AAeSw~GNoeqvq/s-l500.webp,256 GB,Unknown,False,Galaxy S23 Ultra,,,,,,,,,,,,,True,,
3,CERTIFIED Samsung Galaxy S23 Ultra SM-S918U1 256GB Black FACTORY Unlocked #Y306,$459.00,2025-07-23,https://www.ebay.com/itm/116696972926,https://i.ebayimg.com/images/g/eTYAAeSwHqNoerrf/s-l500.webp,256 GB,Unknown,False,Galaxy S23 Ultra,,,,,,,,,,,,,True,,
3,Unlocked Samsung Galaxy S23 Ultra SM-S918U 256GB 1-Year Warranty Phone Good,$429.95,2025-07-23,https://www.ebay.com/itm/356344870802,https://i.ebayimg.com/images/g/S2gAAOSwbXdnSi3T/s-l500.webp,256 GB,Good,False,Galaxy S23 Ultra,,,,,,,,,,,,,True,,
3,CERTIFIED Samsung Galaxy S23 Ultra SM-S918U1 512GB 5G LAVENDER Unlocked #Y090,$484.00,2025-07-23,https://www.ebay.com/itm/116700519504,https://i.ebayimg.com/images/g/zPoAAeSw9qloZJyS/s-l500.webp,512 GB,Unknown,False,Galaxy S23 Ultra,,,,,,,,,,,,,True,,
3,CERTIFIED Samsung Galaxy S23 Ultra SM-S918U1 5G 256GB - Green (Unlocked) #S923,$454.00,2025-07-23,https://www.ebay.com/itm/116701817622,https://i.ebayimg.com/images/g/KWUAAOSwXdtoV2iF/s-l500.webp,256 GB,Unknown,False,Galaxy S23 Ultra,,,,,,,,,,,,,True,,
1,Samsung Galaxy S24 Ultra 512GB S928U Unlocked - Excellent,$653.99,2025-10-21,https://www.ebay.com/itm/256754180033,https://i.ebayimg.com/images/g/DksAAeSwmIdoL3Jv/s-l500.webp,512 GB,Excellent,False,Galaxy S24 Ultra,,,,,,,,,,,,,,True,
1,Samsung Galaxy S24 Ultra 512GB Unlocked ATT T-Mobile Verizon Excellent Condition,$690.95,2025-10-20,https://www.ebay.com/itm/297168064156,https://i.ebayimg.com/images/g/HuoAAOSwqUln6vxw/s-l500.webp,512 GB,Excellent,False,Galaxy S24 Ultra,,,,,,,,,,,,,,True,
1,Samsung Galaxy S24 Ultra 512GB SM-S928U1 Gray FACTORY Unlocked #L125,$559.00,2025-10-20,https://www.ebay.com/itm/146827043224,https://i.ebayimg.com/images/g/UJ0AAeSw3R1ow3gd/s-l500.webp,512 GB,Unknown,False,Galaxy S24 Ultra,,,,,,,,,,,,,,True,
1,Samsung Galaxy S24 Ultra SM-S928U 256GB Unlocked Very Good Condition,$617.47,2025-10-21,https://www.ebay.com/itm/357600637044,https://i.ebayimg.com/images/g/3a8AAeSw9TJowxa3/s-l500.webp,256 GB,Very Good,False,Galaxy S24 Ultra,,,,,,,,,,,,,,True,
1,Samsung Galaxy S24 Ultra 512GB Unlocked ATT T-Mobile Verizon Very Good Condition,$629.95,2025-10-20,https://www.ebay.com/itm/297168062336,https://i.ebayimg.com/images/g/pJcAAOSwVDZn6vv1/s-l500.webp,512 GB,Very Good,False,Galaxy S24 Ultra,,,,,,,,,,,,,,True,
1,Samsung Galaxy S24 Ultra 256GB S928U Unlocked - Excellent,$629.99,2025-10-20,https://www.ebay.com/itm/256601270287,https://i.ebayimg.com/images/g/O1kAAeSwU65oL3FA/s-l500.webp,256 GB,Excellent,False,Galaxy S24 Ultra,,,,,,,,,,,,,,True,
1,Samsung Galaxy S24 Ultra 256GB Unlocked ATT T-Mobile Verizon Excellent Condition,$615.95,2025-10-20,https://www.ebay.com/itm/297168063417,https://i.ebayimg.com/images/g/o5MAAOSwDZln6vxP/s-l500.webp,256 GB,Excellent,False,Galaxy S24 Ultra,,,,,,,,,,,,,,True,
1,REFURBISHED Samsung Galaxy S24 Ultra 256GB SM-S928U1 Black FACTORY UNLOCKED,$599.00,2025-10-20,https://www.ebay.com/itm/116711415671,https://i.ebayimg.com/images/g/IPAAAeSww1VoiVmF/s-l500.webp,256 GB,Unknown,False,Galaxy S24 Ultra,,,,,,,,,,,,,,True,
1,Samsung Galaxy S24 Ultra S928U1 256GB Fully Unlocked - Excellent,$657.99,2025-10-20,https://www.ebay.com/itm/226124882725,https://i.ebayimg.com/images/g/9JgAAOSwOJtmLm0J/s-l500.webp,256 GB,Excellent,False,Galaxy S24 Ultra,,,,,,,,,,,,,,True,
1,Samsung Galaxy S24 Ultra SM-S928U Unlocked 256GB Titanium Violet Good,$562.99,2025-10-20,https://www.ebay.com/itm/196534790805,https://i.ebayimg.com/images/g/GS4AAOSwwz1mqxDF/s-l500.webp,256 GB,Good,False,Galaxy S24 Ultra,,,,,,,,,,,,,,True,
1,Samsung Galaxy S24 Ultra SM-S928U - 256GB Titanium Violet (Unlocked) - Very Good,$619.99,2025-10-20,https://www.ebay.com/itm/306515157262,https://i.ebayimg.com/images/g/KkAAAOSwtKdmtfJ~/s-l500.webp,256 GB,Very Good,False,Galaxy S24 Ultra,,,,,,,,,,,,,,True,
1,Samsung Galaxy S24 Ultra 512GB SM-S928U1 ORANGE FACTORY Unlocked #L492,$649.00,2025-10-20,https://www.ebay.com/itm/116826267055,https://i.ebayimg.com/images/g/VfMAAeSwdTVo7Vaw/s-l500.webp,512 GB,Unknown,False,Galaxy S24 Ultra,,,,,,,,,,,,,,True,
1,Samsung Galaxy S24 Ultra 5G 512GB SM-S928U1 Black (Unlocked) #L485,$629.00,2025-10-20,https://www.ebay.com/itm/127429859263,https://i.ebayimg.com/images/g/-Y8AAeSwBcNo7VVt/s-l500.webp,512 GB,Unknown,False,Galaxy S24 Ultra,,,,,,,,,,,,,,True,
1,Samsung Galaxy S24 Ultra 256GB SM-S928U1 Violet Purple Unlocked #L473,$589.00,2025-10-20,https://www.ebay.com/itm/127429938509,https://i.ebayimg.com/images/g/ndkAAeSwAupo7Wuh/s-l500.webp,256 GB,Unknown,False,Galaxy S24 Ultra,,,,,,,,,,,,,,True,
1,Samsung Galaxy S24 Ultra 5G SM-S928U 256GB 512GB ALL Colors EXCELLENT Condition,$615.00,2025-10-20,https://www.ebay.com/itm/167763842313,https://i.ebayimg.com/images/g/MxoAAOSwANFnT6RA/s-l500.webp,256 GB,Excellent,False,Galaxy S24 Ultra,,,,,,,,,,,,,,True,
1,Samsung Galaxy S24 Ultra SM-S928U1 256GB 512GB 1TB UNLOCKED 5G,$669.00,2025-10-20,https://www.ebay.com/itm/116517163720,https://i.ebayimg.com/images/g/GmwAAOSwFv5mVmTJ/s-l500.webp,256 GB,Unknown,False,Galaxy S24 Ultra,,,,,,,,,,,,,,True,
1,Samsung Galaxy S24 Ultra SM-S928U - 256GB  Titanium Black (Unlocked) - Very Good,$619.99,2025-10-20,https://www.ebay.com/itm/306553017533,https://i.ebayimg.com/images/g/Pk4AAOSwgGFm~Qd0/s-l500.webp,256 GB,Very Good,False,Galaxy S24 Ultra,,,,,,,,,,,,,,True,
1,Samsung Galaxy S24 Ultra SM-S928U - 256GB - Black (Unlocked) - Good Condition,$599.99,2025-10-20,https://www.ebay.com/itm/306506809061,https://i.ebayimg.com/images/g/Pk4AAOSwgGFm~Qd0/s-l500.webp,256 GB,Good,False,Galaxy S24 Ultra,,,,,,,,,,,,,,True,
1,Samsung Galaxy S24 Ultra SM-S928U - 256GB Titanium Violet (Unlocked) - Good Cond,$609.99,2025-10-20,https://www.ebay.com/itm/306553026977,https://i.ebayimg.com/images/g/rr8AAOSw1JxoWRBg/s-l500.webp,256 GB,Good,False,Galaxy S24 Ultra,,,,,,,,,,,,,,True,
1,Samsung Galaxy S24 Ultra  256/512GB - Unlocked -Refurbished Excellent,$639.99,2025-10-20,https://www.ebay.com/itm/326722081966,https://i.ebayimg.com/images/g/vdMAAOSwiKRnz1R1/s-l500.webp,512 GB,Excellent,False,Galaxy S24 Ultra,,,,,,,,,,,,,,True,
1,Samsung Galaxy S24 Ultra 256GB SM-S928U1 Violet Purple Unlocked #L552,$589.00,2025-10-19,https://www.ebay.com/itm/127429729676,https://i.ebayimg.com/images/g/oCoAAeSwgSto7TJY/s-l500.webp,256 GB,Unknown,False,Galaxy S24 Ultra,,,,,,,,,,,,,,True,
1,Samsung Galaxy S24 Ultra - 256GB 512GB 1TB - All Colors - Very Good Condition,$594.00,2025-10-19,https://www.ebay.com/itm/285846979444,https://i.ebayimg.com/images/g/6vcAAOSw9ilmOQal/s-l500.webp,256 GB,Very Good,False,Galaxy S24 Ultra,,,,,,,,,,,,,,True,
1,Samsung Galaxy S24 Ultra SM-S928U 512GB Unlocked 1-Year Warranty Phone Very Good,$663.95,2025-10-19,https://www.ebay.com/itm/356691361338,https://i.ebayimg.com/images/g/caIAAOSw9IxnWdas/s-l500.webp,512 GB,Very Good,False,Galaxy S24 Ultra,,,,,,,,,,,,,,True,
1,Samsung Galaxy S24 Ultra - 256GB 512GB 1TB - All Colors - Excellent Condition,$625.00,2025-10-19,https://www.ebay.com/itm/285846978211,https://i.ebayimg.com/images/g/6vcAAOSw9ilmOQal/s-l500.webp,256 GB,Excellent,False,Galaxy S24 Ultra,,,,,,,,,,,,,,True,
1,Samsung Galaxy S24 Ultra SM-S928U - 512GB Titanium Black (Unlocked) - Good Cond.,$639.99,2025-10-18,https://www.ebay.com/itm/306540724538,https://i.ebayimg.com/images/g/LagAAeSw02Fo3i8q/s-l500.webp,512 GB,Good,False,Galaxy S24 Ultra,,,,,,,,,,,,,,True,
1,"Samsung Galaxy S24 Ultra S928U 256GB Unlocked 6.8"" 200MP 5G S Pen Titanium Black",$739.99,2025-04-19,https://www.ebay.com/itm/205432562117,https://i.ebayimg.com/images/g/kzIAAOSwIVdmIAQp/s-l500.webp,256 GB,Unknown,False,Galaxy S24 Ultra,,,,,,,,,,,,,,True,
1,Samsung Galaxy S24 Ultra SM-S928U - 256GB Titanium Violet (Unlocked) - Good Cond,$589.99,2025-10-18,https://www.ebay.com/itm/306505414394,https://i.ebayimg.com/images/g/rr8AAOSw1JxoWRBg/s-l500.webp,256 GB,Good,False,Galaxy S24 Ultra,,,,,,,,,,,,,,True,
1,Samsung Galaxy S24 Ultra 256GB Unlocked ATT T-Mobile Verizon Very Good Condition,$587.95,2025-10-18,https://www.ebay.com/itm/297168062035,https://i.ebayimg.com/images/g/9c8AAOSwF0Jn6vq3/s-l500.webp,256 GB,Very Good,False,Galaxy S24 Ultra,,,,,,,,,,,,,,True,
1,Samsung Galaxy S24 Ultra 5G 512GB SM-S928U1 YELLOW  Factory Unlocked #L584,$624.00,2025-10-17,https://www.ebay.com/itm/116826094713,https://i.ebayimg.com/images/g/TQsAAeSwBDxo7S26/s-l500.webp,512 GB,Unknown,False,Galaxy S24 Ultra,,,,,,,,,,,,,,True,
1,Samsung Galaxy S24 Ultra SM-S928U 512GB Unlocked Excellent Condition,$767.13,2025-10-18,https://www.ebay.com/itm/357295216078,https://i.ebayimg.com/images/g/0-MAAeSw9jZowxNW/s-l500.webp,512 GB,Excellent,False,Galaxy S24 Ultra,,,,,,,,,,,,,,True,
1,Samsung Galaxy S24 Ultra 256GB S928U Unlocked - Very Good,$559.99,2025-10-18,https://www.ebay.com/itm/256652847211,https://i.ebayimg.com/images/g/rWcAAeSwvc9oL3F1/s-l500.webp,256 GB,Very Good,False,Galaxy S24 Ultra,,,,,,,,,,,,,,True,
1,Samsung Galaxy S24 Ultra - 256GB - Titanium Gray (Unlocked) (Dual SIM) B-Stock,$574.98,2025-10-17,https://www.ebay.com/itm/157398480747,https://i.ebayimg.com/images/g/jbUAAeSwr~to8p~f/s-l500.webp,256 GB,Unknown,False,Galaxy S24 Ultra,,,,,,,,,,,,,,True,
1,Samsung Galaxy S24 Ultra - 256GB - Titanium Violet (Carrier Unlocked)) B-Stock,$574.98,2025-10-17,https://www.ebay.com/itm/156883646762,https://i.ebayimg.com/images/g/qsgAAOSwDTlmRmfR/s-l500.webp,256 GB,Unknown,False,Galaxy S24 Ultra,,,,,,,,,,,,,,True,
1,Samsung Galaxy S24 Ultra 512GB S928U Unlocked - Very Good,$629.99,2025-10-17,https://www.ebay.com/itm/256652847224,https://i.ebayimg.com/images/g/JXIAAeSwam1oL3KT/s-l500.webp,512 GB,Very Good,False,Galaxy S24 Ultra,,,,,,,,,,,,,,True,
1,Samsung Galaxy S24 Ultra SM-S928U 512GB Unlocked Very Good Condition,$677.16,2025-10-17,https://www.ebay.com/itm/357295226907,https://i.ebayimg.com/images/g/J24AAeSwUPJod-DR/s-l500.webp,512 GB,Very Good,False,Galaxy S24 Ultra,,,,,,,,,,,,,,True,
1,Samsung Galaxy S24 Ultra 1TB S928U Unlocked - Very Good,$718.99,2025-10-16,https://www.ebay.com/itm/256767112691,https://i.ebayimg.com/images/g/I7kAAeSw9LdoL3Jh/s-l500.webp,Unknown,Very Good,False,Galaxy S24 Ultra,,,,,,,,,,,,,,True,
1,Samsung Galaxy S24 Ultra 256GB SM-S928U1 Violet Purple Unlocked #L488,$599.00,2025-10-16,https://www.ebay.com/itm/146893813559,https://i.ebayimg.com/images/g/pDIAAeSwzoJo7VXe/s-l500.webp,256 GB,Unknown,False,Galaxy S24 Ultra,,,,,,,,,,,,,,True,
1,Samsung Galaxy S24 Ultra SM-S928U - 512GB Titanium Violet (Unlocked/ - Very Good,$629.99,2025-10-16,https://www.ebay.com/itm/306484569526,https://i.ebayimg.com/images/g/KkAAAOSwtKdmtfJ~/s-l500.webp,512 GB,Very Good,False,Galaxy S24 Ultra,,,,,,,,,,,,,,True,
1,Samsung Galaxy S24 Ultra 1TB S928U Unlocked - Excellent,$727.99,2025-10-16,https://www.ebay.com/itm/256754169541,https://i.ebayimg.com/images/g/OucAAeSwZ4ZoL3Jn/s-l500.webp,Unknown,Excellent,False,Galaxy S24 Ultra,,,,,,,,,,,,,,True,
1,Unlocked Samsung Galaxy S24 Ultra 5G - 512GB - Titanium Violet - SM-S928UZVFXAA,$789.99,2025-04-12,https://www.ebay.com/itm/186636172334,https://i.ebayimg.com/images/g/DxkAAOSwh7lmv7C1/s-l500.webp,512 GB,Unknown,False,Galaxy S24 Ultra,,,,,,,,,,,,,,True,
1,Samsung Galaxy S24 Ultra - 256GB SM-S928U1 Black UNLOCKED  #L023,$569.00,2025-10-16,https://www.ebay.com/itm/116829687427,https://i.ebayimg.com/images/g/FroAAeSwCTNow1WY/s-l500.webp,256 GB,Unknown,False,Galaxy S24 Ultra,,,,,,,,,,,,,,True,
1,Samsung Galaxy S24 Ultra SM-S928U1 256GB FACTORY UNLOCKED CDMA + GSM - EXCELLENT,$619.48,2025-10-16,https://www.ebay.com/itm/127077661619,https://i.ebayimg.com/images/g/~XUAAOSwb5ZoDUji/s-l500.webp,256 GB,Excellent,False,Galaxy S24 Ultra,,,,,,,,,,,,,,True,
1,Samsung Galaxy S24 Ultra 512GB S928U Unlocked - Good,$606.99,2025-10-16,https://www.ebay.com/itm/256652847329,https://i.ebayimg.com/images/g/OAMAAeSwd7FoL3LP/s-l500.webp,512 GB,Good,False,Galaxy S24 Ultra,,,,,,,,,,,,,,True,
1,Samsung Galaxy S24 Ultra Titanium Black 256 Excellent - Refurbished  - Unlocked,$619.99,2025-10-15,https://www.ebay.com/itm/127408494034,https://i.ebayimg.com/images/g/ZCAAAeSwDB5o8GtA/s-l500.webp,Unknown,Excellent,False,Galaxy S24 Ultra,,,,,,,,,,,,,,True,
1,Samsung Galaxy S24 Ultra SM-S928U 256GB Unlocked Excellent Condition,$618.31,2025-10-15,https://www.ebay.com/itm/357600502853,https://i.ebayimg.com/images/g/c3oAAeSwh7do5~qX/s-l500.webp,256 GB,Excellent,False,Galaxy S24 Ultra,,,,,,,,,,,,,,True,
1,Open Box Samsung Galaxy S24 Ultra 1TB SM-S928U1 Factory Unlocked Titanium Black,$999.99,2025-10-15,https://www.ebay.com/itm/236347097034,https://i.ebayimg.com/images/g/3QIAAOSwu8xngZvS/s-l500.webp,Unknown,Unknown,False,Galaxy S24 Ultra,,,,,,,,,,,,,,True,
1,Samsung Galaxy S24 Ultra SM-S928U - 512GB Titanium Black (Unlocked) - Very Good.,$659.99,2025-10-15,https://www.ebay.com/itm/306540726305,https://i.ebayimg.com/images/g/Pk4AAOSwgGFm~Qd0/s-l500.webp,512 GB,Very Good,False,Galaxy S24 Ultra,,,,,,,,,,,,,,True,
1,Samsung Galaxy S24 Ultra 5G 512GB SM-S928U1 Black (Unlocked) #L585,$619.00,2025-10-15,https://www.ebay.com/itm/127429712333,https://i.ebayimg.com/images/g/PCsAAeSwsPlo7S5J/s-l500.webp,512 GB,Unknown,False,Galaxy S24 Ultra,,,,,,,,,,,,,,True,
1,Samsung Galaxy S24 Ultra 5G 256GB SM-S928U1 GRAY Unlocked #L531,$589.00,2025-10-15,https://www.ebay.com/itm/127429789752,https://i.ebayimg.com/images/g/OuQAAeSwz59o7UL3/s-l500.webp,256 GB,Unknown,False,Galaxy S24 Ultra,,,,,,,,,,,,,,True,
1,Samsung Galaxy S24 Ultra 5G 512GB SM-S928U1 Black (Unlocked) #Y982,$594.00,2025-10-15,https://www.ebay.com/itm/127433799405,https://i.ebayimg.com/images/g/EhAAAeSwr3Roucsx/s-l500.webp,512 GB,Unknown,False,Galaxy S24 Ultra,,,,,,,,,,,,,,True,
1,Samsung Galaxy S24 Ultra 256GB Titanium Black Unlocked Very Good Condition,$599.99,2025-10-15,https://www.ebay.com/itm/276645437916,https://i.ebayimg.com/images/g/80kAAOSw~JZm6aWV/s-l500.webp,256 GB,Very Good,False,Galaxy S24 Ultra,,,,,,,,,,,,,,True,
1,Samsung Galaxy S24 Ultra 512GB Titanium Black Unlocked Excellent Condition,$729.99,2025-10-15,https://www.ebay.com/itm/285818000865,https://i.ebayimg.com/images/g/t2AAAOSwUdNmH92E/s-l500.webp,512 GB,Excellent,False,Galaxy S24 Ultra,,,,,,,,,,,,,,True,
1,Samsung Galaxy S24 Ultra 512GB Titanium Black Unlocked Good Condition,$664.99,2025-10-15,https://www.ebay.com/itm/286454043477,https://i.ebayimg.com/images/g/XAoAAeSwA8Jo8arR/s-l500.webp,512 GB,Good,False,Galaxy S24 Ultra,,,,,,,,,,,,,,True,
1,Samsung Galaxy S24 Ultra 512GB Unlocked AT&T T-Mobile Verizon Good Condition,$606.95,2025-10-15,https://www.ebay.com/itm/297197434300,https://i.ebayimg.com/images/g/88wAAOSwMfdn9r3S/s-l500.webp,512 GB,Good,False,Galaxy S24 Ultra,,,,,,,,,,,,,,True,
1,Samsung Galaxy S24 Ultra 5G S928U Unlocked (Any Carrier) SmartPhone Very Good,$598.99,2025-10-15,https://www.ebay.com/itm/326339328766,https://i.ebayimg.com/images/g/g9AAAOSw73RnNmJb/s-l500.webp,Unknown,Very Good,False,Galaxy S24 Ultra,,,,,,,,,,,,,,True,
1,Samsung Galaxy S24 Ultra 5G 256GB SM-S928U1 GRAY Unlocked #L506,$589.00,2025-10-14,https://www.ebay.com/itm/146893786169,https://i.ebayimg.com/images/g/3KMAAeSwpXNo7U8x/s-l500.webp,256 GB,Unknown,False,Galaxy S24 Ultra,,,,,,,,,,,,,,True,
1,Samsung Galaxy S24 Ultra - 1 TB SM-S928U1  Black (Unlocked) #L529,$729.00,2025-10-14,https://www.ebay.com/itm/116826184270,https://i.ebayimg.com/images/g/QpQAAeSw8Cdo7UHJ/s-l500.webp,Unknown,Unknown,False,Galaxy S24 Ultra,,,,,,,,,,,,,,True,
1,Samsung Galaxy S24 Ultra 5G 256GB SM-S928U1 YELLOW Unlocked #L476,$589.00,2025-10-14,https://www.ebay.com/itm/127429937647,https://i.ebayimg.com/images/g/G5kAAeSwNxho7Ws7/s-l500.webp,256 GB,Unknown,False,Galaxy S24 Ultra,,,,,,,,,,,,,,True,
1,Samsung Galaxy S24 Ultra Qualcomm SM8650-AC Snapdragon 8 Gen 3 (4 nm),$649.95,2025-10-14,https://www.ebay.com/itm/305973639788,https://i.ebayimg.com/images/g/XxQAAOSwjBVnfB8l/s-l500.webp,Unknown,Unknown,False,Galaxy S24 Ultra,,,,,,,,,,,,,,True,
1,Samsung Galaxy S24 Ultra 512GB SM-S928U1 Gray FACTORY Unlocked #L508,$599.00,2025-10-13,https://www.ebay.com/itm/127429837231,https://i.ebayimg.com/images/g/2iEAAeSwCPpo7U-X/s-l500.webp,512 GB,Unknown,False,Galaxy S24 Ultra,,,,,,,,,,,,,,True,
1,Samsung Galaxy S24 Ultra - 1 TB SM-S928U1  Black (Unlocked) #L491,$729.00,2025-10-13,https://www.ebay.com/itm/116826262184,https://i.ebayimg.com/images/g/p90AAeSwO~No7VQn/s-l500.webp,Unknown,Unknown,False,Galaxy S24 Ultra,,,,,,,,,,,,,,True,
1,Samsung Galaxy S24 Ultra 5G  512GB SM-S928U1 VIOLET  (Unlocked) #L487,$619.00,2025-10-13,https://www.ebay.com/itm/127429859862,https://i.ebayimg.com/images/g/bckAAeSwnqBo7VW1/s-l500.webp,512 GB,Unknown,False,Galaxy S24 Ultra,,,,,,,,,,,,,,True,
1,Samsung Galaxy S24 Ultra 5G  512GB SM-S928U1 VIOLET  (Unlocked) #L475,$619.00,2025-10-13,https://www.ebay.com/itm/116826363623,https://i.ebayimg.com/images/g/zxcAAeSwCSlo7WwS/s-l500.webp,512 GB,Unknown,False,Galaxy S24 Ultra,,,,,,,,,,,,,,True,
1,Samsung Galaxy S24 Ultra - 256GB - Titanium Violet (Carrier Unlocked) (Dual SIM),$649.98,2025-10-13,https://www.ebay.com/itm/156794860176,https://i.ebayimg.com/images/g/qsgAAOSwDTlmRmfR/s-l500.webp,256 GB,Unknown,False,Galaxy S24 Ultra,,,,,,,,,,,,,,True,
1,Samsung Galaxy S24 Ultra - 1 TB SM-S928U1  Black (Unlocked) #L493,$759.00,2025-10-13,https://www.ebay.com/itm/116826267557,https://i.ebayimg.com/images/g/0pgAAeSwx7do7Vbw/s-l500.webp,Unknown,Unknown,False,Galaxy S24 Ultra,,,,,,,,,,,,,,True,
1,Samsung Galaxy S24 Ultra 5G 256GB SM-S928U1 GRAY Unlocked #L496,$559.00,2025-10-13,https://www.ebay.com/itm/127429861538,https://i.ebayimg.com/images/g/KB4AAeSwPpto7VZw/s-l500.webp,256 GB,Unknown,False,Galaxy S24 Ultra,,,,,,,,,,,,,,True,
1,Samsung Galaxy S24 Ultra 512GB SM-S928U1 Gray FACTORY Unlocked #L513,$589.00,2025-10-13,https://www.ebay.com/itm/146893795178,https://i.ebayimg.com/images/g/VJ0AAeSwln9o7VFi/s-l500.webp,512 GB,Unknown,False,Galaxy S24 Ultra,,,,,,,,,,,,,,True,
1,Samsung Galaxy S24 Ultra - 256GB (Unlocked) SM-S928B - Black - Excellent,$649.00,2025-10-13,https://www.ebay.com/itm/317406007813,https://i.ebayimg.com/images/g/jjAAAeSwR3Jo3DNV/s-l500.webp,256 GB,Excellent,False,Galaxy S24 Ultra,,,,,,,,,,,,,,True,
1,Samsung Galaxy S24 Ultra SM-S928U - 256GB Titanium Yellow (Unlocked) - Very Good,$609.99,2025-10-13,https://www.ebay.com/itm/306471982777,https://i.ebayimg.com/images/g/kOoAAeSwMR1ooE~3/s-l500.webp,256 GB,Very Good,False,Galaxy S24 Ultra,,,,,,,,,,,,,,True,
1,Samsung Galaxy S24 Ultra 256GB SM-S928U Factory Unlocked – Very Good + Warranty,$625.95,2025-10-12,https://www.ebay.com/itm/356365909725,https://i.ebayimg.com/images/g/caIAAOSw9IxnWdas/s-l500.webp,256 GB,Very Good,False,Galaxy S24 Ultra,,,,,,,,,,,,,,True,
1,Samsung Galaxy S24 Ultra 5G 512GB SM-S928U1 BLUE Unlocked #L373,$639.00,2025-10-12,https://www.ebay.com/itm/146860596998,https://i.ebayimg.com/images/g/v7cAAeSwzhZo2a6V/s-l500.webp,512 GB,Unknown,False,Galaxy S24 Ultra,,,,,,,,,,,,,,True,
1,Samsung Galaxy S24 Ultra 5G 256GB SM-S928U1 YELLOW Unlocked #Y1008,$574.00,2025-10-12,https://www.ebay.com/itm/146882722561,https://i.ebayimg.com/images/g/lSIAAeSwrlBoudY-/s-l500.webp,256 GB,Unknown,False,Galaxy S24 Ultra,,,,,,,,,,,,,,True,
1,Samsung Galaxy S24 Ultra 5G - 512GB - Black - Network Unlocked - Good,$599.99,2025-10-12,https://www.ebay.com/itm/197757662806,https://i.ebayimg.com/images/g/NqwAAeSweIJo5pGb/s-l500.webp,512 GB,Good,False,Galaxy S24 Ultra,,,,,,,,,,,,,,True,
1,Samsung Galaxy S24 Ultra - 256GB SM-S928U1 Black UNLOCKED  #L248,$519.00,2025-10-11,https://www.ebay.com/itm/116821378222,https://i.ebayimg.com/images/g/e5IAAeSwxtFozM-Q/s-l500.webp,256 GB,Unknown,False,Galaxy S24 Ultra,,,,,,,,,,,,,,True,
1,Samsung Galaxy S24 Ultra 1TB - Factory Unlocked - Titanium Black Excellent,$949.99,2025-10-11,https://www.ebay.com/itm/226977745889,https://i.ebayimg.com/images/g/3QIAAOSwu8xngZvS/s-l500.webp,Unknown,Excellent,False,Galaxy S24 Ultra,,,,,,,,,,,,,,True,
1,Samsung Galaxy S24 Ultra SM-S928U - 512GB Titanium Violet (Unlocked) - Very Good,$609.99,2025-10-11,https://www.ebay.com/itm/306542535936,https://i.ebayimg.com/images/g/KkAAAOSwtKdmtfJ~/s-l500.webp,512 GB,Very Good,False,Galaxy S24 Ultra,,,,,,,,,,,,,,True,
1,Samsung Galaxy S24 Ultra SM-S928U - 256GB  Titanium Black (Unlocked) - Very Good,$619.99,2025-10-11,https://www.ebay.com/itm/306515155771,https://i.ebayimg.com/images/g/Pk4AAOSwgGFm~Qd0/s-l500.webp,256 GB,Very Good,False,Galaxy S24 Ultra,,,,,,,,,,,,,,True,
1,Samsung Galaxy S24 Ultra 1TB Unlocked AT&T T-Mobile Verizon Very Good Condition,$793.95,2025-10-11,https://www.ebay.com/itm/297222310213,https://i.ebayimg.com/images/g/5gQAAOSw48ln~77k/s-l500.webp,Unknown,Very Good,False,Galaxy S24 Ultra,,,,,,,,,,,,,,True,
1,Samsung Galaxy S24 Ultra 5G 512GB SM-S928U1 GREEN Factory Unlocked #L374,$644.00,2025-10-10,https://www.ebay.com/itm/116801379782,https://i.ebayimg.com/images/g/y~AAAeSwsWpo2a7X/s-l500.webp,512 GB,Unknown,False,Galaxy S24 Ultra,,,,,,,,,,,,,,True,
1,Samsung Galaxy S24 Ultra SM-S928U - 512GB Titanium Violet (Unlocked) - Very Good,$619.99,2025-08-18,https://www.ebay.com/itm/306326548260,https://i.ebayimg.com/images/g/KkAAAOSwtKdmtfJ~/s-l500.webp,512 GB,Very Good,False,Galaxy S24 Ultra,,,,,,,,,,,,,,True,
1,Samsung Galaxy S24 Ultra 5G 256GB SM-S928U1 GRAY Unlocked #L029,$534.00,2025-10-09,https://www.ebay.com/itm/116776087294,https://i.ebayimg.com/images/g/a5YAAeSwiEZow1bH/s-l500.webp,256 GB,Unknown,False,Galaxy S24 Ultra,,,,,,,,,,,,,,True,
1,Samsung Galaxy S24 Ultra - Unlocked - Titanium Black - 256GB - Good,$565.00,2025-10-10,https://www.ebay.com/itm/276964650254,https://i.ebayimg.com/images/g/2XcAAOSwwIVmIAG8/s-l500.webp,256 GB,Good,False,Galaxy S24 Ultra,,,,,,,,,,,,,,True,
1,Samsung Galaxy S24 Ultra 512GB Titanium Green Unlocked Very Good Condition,$679.99,2025-10-09,https://www.ebay.com/itm/286827283544,https://i.ebayimg.com/images/g/k4oAAeSwZ5lo4CT2/s-l500.webp,512 GB,Very Good,False,Galaxy S24 Ultra,,,,,,,,,,,,,,True,
1,Samsung Galaxy S24 Ultra 256GB S928U Unlocked - Good,$541.99,2025-10-08,https://www.ebay.com/itm/256628617125,https://i.ebayimg.com/images/g/GjMAAeSwRv9oL3Ee/s-l500.webp,256 GB,Good,False,Galaxy S24 Ultra,,,,,,,,,,,,,,True,
1,Samsung Galaxy S24 Ultra SM-S928U 1TB 12GB Unlocked Black - Excellent Condition,$884.95,2025-10-08,https://www.ebay.com/itm/177347156024,https://i.ebayimg.com/images/g/95cAAeSw-dtocPzt/s-l500.webp,12 GB,Excellent,False,Galaxy S24 Ultra,,,,,,,,,,,,,,True,
1,Samsung Galaxy S24 Ultra 1TB Titanium Blue Unlocked Excellent Condition,$859.99,2025-10-08,https://www.ebay.com/itm/286068888411,https://i.ebayimg.com/images/g/3LwAAOSwvOFm7Iib/s-l500.webp,Unknown,Excellent,False,Galaxy S24 Ultra,,,,,,,,,,,,,,True,
1,Samsung Galaxy S24 Ultra 5G  512GB SM-S928U1 VIOLET  (Unlocked) #L377,$604.00,2025-10-08,https://www.ebay.com/itm/146860604583,https://i.ebayimg.com/images/g/vO8AAeSwDt5o2a9e/s-l500.webp,512 GB,Unknown,False,Galaxy S24 Ultra,,,,,,,,,,,,,,True,
1,Samsung Galaxy S24 Ultra 512GB SM-S928U1 Gray FACTORY Unlocked #Y979,$599.00,2025-10-08,https://www.ebay.com/itm/116763998923,https://i.ebayimg.com/images/g/lKcAAeSweFJouP~h/s-l500.webp,512 GB,Unknown,False,Galaxy S24 Ultra,,,,,,,,,,,,,,True,
1,"Samsung Galaxy S24 Ultra 5G (512GB, 12GB) 6.8"" Fully Unlocked US Model S928U",$709.99,2025-08-31,https://www.ebay.com/itm/146509050459,https://i.ebayimg.com/images/g/JNIAAeSwEcln-CLC/s-l500.webp,512 GB,Unknown,False,Galaxy S24 Ultra,,,,,,,,,,,,,,True,
1,Samsung Galaxy S24 Ultra 5G 512GB SM-S928U1 YELLOW  (Unlocked) #Y894,$564.00,2025-10-07,https://www.ebay.com/itm/127417583825,https://i.ebayimg.com/images/g/5eYAAeSw-SVornaN/s-l500.webp,512 GB,Unknown,False,Galaxy S24 Ultra,,,,,,,,,,,,,,True,
1,Samsung Galaxy S24 Ultra 5G 512GB SM-S928U1 GREEN Factory Unlocked #Y977,$599.00,2025-10-07,https://www.ebay.com/itm/146811646645,https://i.ebayimg.com/images/g/MQEAAeSwGgxouP9n/s-l500.webp,512 GB,Unknown,False,Galaxy S24 Ultra,,,,,,,,,,,,,,True,
1,Samsung Galaxy S24 Ultra - Unlocked - Titanium Green - 512GB - Good,$619.00,2025-10-07,https://www.ebay.com/itm/286724606768,https://i.ebayimg.com/images/g/168AAOSwWkRnaerw/s-l500.webp,512 GB,Good,False,Galaxy S24 Ultra,,,,,,,,,,,,,,True,
1,Samsung Galaxy S24 Ultra 256GB Unlocked AT&T T-Mobile Verizon Good Condition,$578.95,2025-10-07,https://www.ebay.com/itm/297197433697,https://i.ebayimg.com/images/g/zRsAAOSw4gBn9r2q/s-l500.webp,256 GB,Good,False,Galaxy S24 Ultra,,,,,,,,,,,,,,True,
1,SAMSUNG Galaxy S24 Ultra 5G US Version  1TB  - Unlocked - Excellent,$752.99,2025-10-07,https://www.ebay.com/itm/157328122981,https://i.ebayimg.com/images/g/JSwAAeSwXhxoystD/s-l500.webp,Unknown,Excellent,False,Galaxy S24 Ultra,,,,,,,,,,,,,,True,
1,Samsung Galaxy S24 Ultra (Unlocked) *Choose Color & Storage - Excellent,$759.99,2025-10-07,https://www.ebay.com/itm/336102614433,https://i.ebayimg.com/images/g/5aQAAeSwU9lojR5J/s-l500.webp,Unknown,Excellent,False,Galaxy S24 Ultra,,,,,,,,,,,,,,True,
1,Unlocked Samsung Galaxy S24 Ultra 5G - 512GB - Titanium Gray - SM-S928UZTFXAA,$909.99,2024-10-08,https://www.ebay.com/itm/205031631714,https://i.ebayimg.com/images/g/tgkAAOSwPflnBAvB/s-l500.webp,512 GB,Unknown,False,Galaxy S24 Ultra,,,,,,,,,,,,,,True,
1,Samsung Galaxy S24 Ultra 5G 256GB SM-S928U1 GRAY Unlocked #L369,$589.00,2025-10-06,https://www.ebay.com/itm/127400565433,https://i.ebayimg.com/images/g/PhQAAeSwPJ5o2aJL/s-l500.webp,256 GB,Unknown,False,Galaxy S24 Ultra,,,,,,,,,,,,,,True,
1,Samsung Galaxy S24 Ultra 5G 512GB SM-S928U1 Black (Unlocked) #L068,$574.00,2025-10-06,https://www.ebay.com/itm/146826967082,https://i.ebayimg.com/images/g/dJ0AAeSwOu5ow2V8/s-l500.webp,512 GB,Unknown,False,Galaxy S24 Ultra,,,,,,,,,,,,,,True,
1,Samsung Galaxy S24 Ultra 5G 512GB SM-S928U1 YELLOW  (Unlocked) #Y894,$564.00,2025-10-06,https://www.ebay.com/itm/146856328983,https://i.ebayimg.com/images/g/5eYAAeSw-SVornaN/s-l500.webp,512 GB,Unknown,False,Galaxy S24 Ultra,,,,,,,,,,,,,,True,
1,Samsung Galaxy S24 Ultra Sm-s928u Fully Unlocked 256GB - Very Good,$625.00,2025-10-06,https://www.ebay.com/itm/167639740904,https://i.ebayimg.com/images/g/SQoAAeSw6A9o7PIg/s-l500.webp,256 GB,Very Good,False,Galaxy S24 Ultra,,,,,,,,,,,,,,True,
1,Samsung Galaxy S24 Ultra 5G S928U1 256GB Factory Unlocked - Excellent,$989.99,2025-10-06,https://www.ebay.com/itm/226124887154,https://i.ebayimg.com/images/g/9JgAAOSwOJtmLm0J/s-l500.webp,256 GB,Excellent,False,Galaxy S24 Ultra,,,,,,,,,,,,,,True,
1,Samsung Galaxy S24 Ultra 5G  512GB SM-S928U1 VIOLET  (Unlocked) #L378,$614.00,2025-10-05,https://www.ebay.com/itm/146860479154,https://i.ebayimg.com/images/g/KLIAAeSwZS9o2aGo/s-l500.webp,512 GB,Unknown,False,Galaxy S24 Ultra,,,,,,,,,,,,,,True,
1,Samsung Galaxy S24 Ultra SM-S928U - 256GB Titanium Violet (Unlocked) - Very Good,$629.99,2025-10-05,https://www.ebay.com/itm/306426694126,https://i.ebayimg.com/images/g/KkAAAOSwtKdmtfJ~/s-l500.webp,256 GB,Very Good,False,Galaxy S24 Ultra,,,,,,,,,,,,,,True,
1,Samsung Galaxy S24 Ultra 256GB [SM-S928U] Titanium Violet (Unlocked) Excellent,$662.99,2025-07-04,https://www.ebay.com/itm/116241973434,https://i.ebayimg.com/images/g/yJ4AAOSwx9BmiKj1/s-l500.webp,256 GB,Excellent,False,Galaxy S24 Ultra,,,,,,,,,,,,,,True,
1,Samsung Galaxy S24 Ultra 256GB Titanium Violet Unlocked Excellent Condition,$699.99,2025-10-05,https://www.ebay.com/itm/285829935284,https://i.ebayimg.com/images/g/plkAAOSw-s5mKnKW/s-l500.webp,256 GB,Excellent,False,Galaxy S24 Ultra,,,,,,,,,,,,,,True,
1,"Samsung Galaxy S24 ULTRA 5G 256GB 6.8"" Smartphone - EXCELLENT",$618.00,2025-10-05,https://www.ebay.com/itm/236292801336,https://i.ebayimg.com/images/g/J2wAAOSwbU9nV3Vp/s-l500.webp,256 GB,Excellent,False,Galaxy S24 Ultra,,,,,,,,,,,,,,True,
1,Samsung Galaxy S24 Ultra 1TB S928U Unlocked - Good,$699.99,2025-10-04,https://www.ebay.com/itm/256678728634,https://i.ebayimg.com/images/g/cD4AAeSwg4JoL3Rm/s-l500.webp,Unknown,Good,False,Galaxy S24 Ultra,,,,,,,,,,,,,,True,
1,Samsung Galaxy S24 Ultra 5G S928U1 1TB (Factory Unlocked) - Excellent,"$1,192.99",2025-01-03,https://www.ebay.com/itm/326151400249,https://i.ebayimg.com/images/g/9JgAAOSwOJtmLm0J/s-l500.webp,Unknown,Excellent,False,Galaxy S24 Ultra,,,,,,,,,,,,,,True,
1,Samsung Galaxy S24 Ultra 5G  256GB Yellow *UNLOCKED* Excellent Refurb [SM-S928U],$666.99,2025-10-03,https://www.ebay.com/itm/146495664448,https://i.ebayimg.com/images/g/VE0AAOSwMqFm4dlO/s-l500.webp,256 GB,Excellent,False,Galaxy S24 Ultra,,,,,,,,,,,,,,True,
1,Samsung Galaxy S24 Ultra 5G 512GB SM-S928U1 BLUE Unlocked #L371,$619.00,2025-10-02,https://www.ebay.com/itm/116801322425,https://i.ebayimg.com/images/g/ekcAAeSwivlo2aKE/s-l500.webp,512 GB,Unknown,False,Galaxy S24 Ultra,,,,,,,,,,,,,,True,
1,Samsung Galaxy S24 Ultra SM-S928N Unlocked 256GB Titanium Black Very Good,$629.99,2025-10-02,https://www.ebay.com/itm/197738296732,https://i.ebayimg.com/images/g/AGAAAeSwzwxo3Euk/s-l500.webp,256 GB,Very Good,False,Galaxy S24 Ultra,,,,,,,,,,,,,,True,
1,Samsung Galaxy S24 Ultra 512GB Titanium Yellow Unlocked Good Condition,$629.99,2025-10-01,https://www.ebay.com/itm/297369807761,https://i.ebayimg.com/images/g/KREAAeSwezVoycRr/s-l500.webp,512 GB,Good,False,Galaxy S24 Ultra,,,,,,,,,,,,,,True,
1,Samsung Galaxy S24 Ultra 512GB Titanium Blue Unlocked Excellent Condition,$709.99,2025-10-01,https://www.ebay.com/itm/296369830656,https://i.ebayimg.com/images/g/QmUAAOSwwmhmHonF/s-l500.webp,512 GB,Excellent,False,Galaxy S24 Ultra,,,,,,,,,,,,,,True,
1,Samsung Galaxy S24 Ultra 5G 256GB SM-S928U1 GRAY Unlocked #L370,$599.00,2025-09-30,https://www.ebay.com/itm/116801277368,https://i.ebayimg.com/images/g/DZAAAeSwQyto2Zfw/s-l500.webp,256 GB,Unknown,False,Galaxy S24 Ultra,,,,,,,,,,,,,,True,
1,Samsung Galaxy S24 Ultra 5G 256GB SM-S928U1 GRAY Unlocked #Y991,$524.00,2025-09-30,https://www.ebay.com/itm/146812764091,https://i.ebayimg.com/images/g/b5cAAeSwzrpouc3M/s-l500.webp,256 GB,Unknown,False,Galaxy S24 Ultra,,,,,,,,,,,,,,True,
1,Samsung Galaxy S24 Ultra 512GB SM-S928U1 Gray FACTORY Unlocked #L425,$614.00,2025-09-30,https://www.ebay.com/itm/116801110533,https://i.ebayimg.com/images/g/ioMAAeSwDBFo2XUM/s-l500.webp,512 GB,Unknown,False,Galaxy S24 Ultra,,,,,,,,,,,,,,True,
1,"Samsung Galaxy S24 Ultra 5G (256GB, 12GB) 6.8"" Fully Unlocked US Model S928U",$685.99,2025-01-29,https://www.ebay.com/itm/135479078246,https://i.ebayimg.com/images/g/EC0AAeSwBqZnm~co/s-l500.webp,256 GB,Unknown,False,Galaxy S24 Ultra,,,,,,,,,,,,,,True,
1,Samsung Galaxy S24 Ultra 512GB SM-S928U1 Gray FACTORY Unlocked #L426,$614.00,2025-09-30,https://www.ebay.com/itm/127400315274,https://i.ebayimg.com/images/g/Z7EAAeSwf8do2WrK/s-l500.webp,512 GB,Unknown,False,Galaxy S24 Ultra,,,,,,,,,,,,,,True,
1,Samsung Galaxy S24 Ultra - 256GB SM-S928U1 Black UNLOCKED  #L118,$524.00,2025-09-30,https://www.ebay.com/itm/146827037180,https://i.ebayimg.com/images/g/glQAAeSwQp9ow3cc/s-l500.webp,256 GB,Unknown,False,Galaxy S24 Ultra,,,,,,,,,,,,,,True,
1,Samsung Galaxy S24 Ultra 512GB Titanium Violet Unlocked Excellent Condition,$729.99,2025-09-30,https://www.ebay.com/itm/276427922583,https://i.ebayimg.com/images/g/TeMAAOSwcgJmQkBP/s-l500.webp,512 GB,Excellent,False,Galaxy S24 Ultra,,,,,,,,,,,,,,True,
1,REFURBISHED Samsung Galaxy S24 Ultra 5G 256GB SM-S928U1 Black Unlocked #L019,$524.00,2025-09-29,https://www.ebay.com/itm/116776079795,https://i.ebayimg.com/images/g/EMcAAeSwUuBow1OU/s-l500.webp,256 GB,Unknown,False,Galaxy S24 Ultra,,,,,,,,,,,,,,True,
1,Samsung Galaxy S24 Ultra - 256GB SM-S928U1 Black UNLOCKED  #L025,$534.00,2025-09-29,https://www.ebay.com/itm/146826865324,https://i.ebayimg.com/images/g/Lh8AAeSwAV5ow1X3/s-l500.webp,256 GB,Unknown,False,Galaxy S24 Ultra,,,,,,,,,,,,,,True,
1,Samsung Galaxy S24 Ultra 256GB SM-S928U1 Violet Purple Unlocked #L428,$599.00,2025-09-29,https://www.ebay.com/itm/146860190633,https://i.ebayimg.com/images/g/k8YAAeSwVUNo2XXL/s-l500.webp,256 GB,Unknown,False,Galaxy S24 Ultra,,,,,,,,,,,,,,True,
1,Samsung Galaxy S24 Ultra 5G  512GB SM-S928U1 VIOLET  (Unlocked) #L247,$609.00,2025-09-29,https://www.ebay.com/itm/146841401947,https://i.ebayimg.com/images/g/J6EAAeSwNh9ozM9g/s-l500.webp,512 GB,Unknown,False,Galaxy S24 Ultra,,,,,,,,,,,,,,True,
1,Samsung Galaxy S24 Ultra 5G 512GB SM-S928U1 GREEN Factory Unlocked #L372,$639.00,2025-09-29,https://www.ebay.com/itm/127400607552,https://i.ebayimg.com/images/g/aaUAAeSwCr1o2a47/s-l500.webp,512 GB,Unknown,False,Galaxy S24 Ultra,,,,,,,,,,,,,,True,
1,Samsung Galaxy S24 Ultra - 1 TB SM-S928U1  YELLOW  (Unlocked) #L245,$724.00,2025-09-29,https://www.ebay.com/itm/116786709050,https://i.ebayimg.com/images/g/atoAAeSw6M5ozM8Z/s-l500.webp,Unknown,Unknown,False,Galaxy S24 Ultra,,,,,,,,,,,,,,True,
1,Samsung Galaxy S24 Ultra - 256GB SM-S928U1 Black UNLOCKED  #L375,$554.00,2025-09-29,https://www.ebay.com/itm/146860600444,https://i.ebayimg.com/images/g/lSUAAeSwu9xo2a8J/s-l500.webp,256 GB,Unknown,False,Galaxy S24 Ultra,,,,,,,,,,,,,,True,
1,Samsung Galaxy S24 Ultra - 256GB SM-S928U1 Black UNLOCKED  #L248,$524.00,2025-09-28,https://www.ebay.com/itm/116786711222,https://i.ebayimg.com/images/g/e5IAAeSwxtFozM-Q/s-l500.webp,256 GB,Unknown,False,Galaxy S24 Ultra,,,,,,,,,,,,,,True,
1,Samsung Galaxy S24 Ultra - 256GB SM-S928U1 Black UNLOCKED  #L385,$554.00,2025-09-28,https://www.ebay.com/itm/116801167533,https://i.ebayimg.com/images/g/yt4AAeSwhjdo2X9W/s-l500.webp,256 GB,Unknown,False,Galaxy S24 Ultra,,,,,,,,,,,,,,True,
1,Samsung Galaxy S24 Ultra 5G 512GB SM-S928U1 Black (Unlocked) #Y982,$594.00,2025-09-29,https://www.ebay.com/itm/146812752005,https://i.ebayimg.com/images/g/EhAAAeSwr3Roucsx/s-l500.webp,512 GB,Unknown,False,Galaxy S24 Ultra,,,,,,,,,,,,,,True,
1,Samsung Galaxy S24 Ultra - 256GB SM-S928U1 Black UNLOCKED  #L120,$554.00,2025-09-28,https://www.ebay.com/itm/146827035763,https://i.ebayimg.com/images/g/s5sAAeSwLdRow3aV/s-l500.webp,256 GB,Unknown,False,Galaxy S24 Ultra,,,,,,,,,,,,,,True,
1,Samsung Galaxy S24 Ultra SM-S928U1 Unlocked 256GB Titanium Violet Very Good,$649.99,2025-09-28,https://www.ebay.com/itm/186588810601,https://i.ebayimg.com/images/g/TyEAAOSwtGtmoRc8/s-l500.webp,256 GB,Very Good,False,Galaxy S24 Ultra,,,,,,,,,,,,,,True,
1,Samsung Galaxy S24 Ultra 512GB Titanium Gray Unlocked Excellent Condition,$749.99,2025-09-28,https://www.ebay.com/itm/276408601637,https://i.ebayimg.com/images/g/VeYAAOSw8hFmaw0f/s-l500.webp,512 GB,Excellent,False,Galaxy S24 Ultra,,,,,,,,,,,,,,True,
1,Samsung Galaxy S24 Ultra 1TB Unlocked AT&T T-Mobile Verizon Excellent Condition,$830.95,2025-09-28,https://www.ebay.com/itm/297222310277,https://i.ebayimg.com/images/g/3KoAAOSw~KZn~78S/s-l500.webp,Unknown,Excellent,False,Galaxy S24 Ultra,,,,,,,,,,,,,,True,
1,Samsung Galaxy S24 Ultra 5G S928U1 1TB Factory Unlocked - Excellent,"$1,192.99",2024-11-22,https://www.ebay.com/itm/326106616615,https://i.ebayimg.com/images/g/9JgAAOSwOJtmLm0J/s-l500.webp,Unknown,Excellent,False,Galaxy S24 Ultra,,,,,,,,,,,,,,True,
1,Samsung Galaxy S24 Ultra 5G 512GB SM-S928U1 Black (Unlocked) #L122,$584.00,2025-09-27,https://www.ebay.com/itm/127366072495,https://i.ebayimg.com/images/g/p8IAAeSw58Vow3dF/s-l500.webp,512 GB,Unknown,False,Galaxy S24 Ultra,,,,,,,,,,,,,,True,
1,Samsung Galaxy S24 Ultra 5G 512GB SM-S928U1 Black (Unlocked) #L121,$599.00,2025-09-27,https://www.ebay.com/itm/146857726360,https://i.ebayimg.com/images/g/dF8AAeSwH8how3bk/s-l500.webp,512 GB,Unknown,False,Galaxy S24 Ultra,,,,,,,,,,,,,,True,
1,Samsung Galaxy S24 Ultra Titanium Black 256 Very Good - Refurbished  - Unlocked,$605.99,2025-09-28,https://www.ebay.com/itm/127359574001,https://i.ebayimg.com/images/g/fQQAAeSwfFdo2Zmn/s-l500.webp,Unknown,Very Good,False,Galaxy S24 Ultra,,,,,,,,,,,,,,True,
1,Samsung Galaxy S24 Ultra SM-S928U1 - 1TB - Titanium Gray (Unlocked) - Very Good,"$1,089.99",2025-03-30,https://www.ebay.com/itm/306205547696,https://i.ebayimg.com/images/g/CUYAAOSwLCJn2-v3/s-l500.webp,Unknown,Very Good,False,Galaxy S24 Ultra,,,,,,,,,,,,,,True,
1,Samsung Galaxy S24 Ultra 5G 512GB SM-S928U1 Black (Unlocked) #L121,$599.00,2025-09-26,https://www.ebay.com/itm/146827036735,https://i.ebayimg.com/images/g/dF8AAeSwH8how3bk/s-l500.webp,512 GB,Unknown,False,Galaxy S24 Ultra,,,,,,,,,,,,,,True,
1,Samsung Galaxy S24 Ultra 512GB Titanium Orange Unlocked Good Condition,$679.99,2025-09-26,https://www.ebay.com/itm/277264136060,https://i.ebayimg.com/images/g/atMAAeSw6IRoych-/s-l500.webp,512 GB,Good,False,Galaxy S24 Ultra,,,,,,,,,,,,,,True,
1,Samsung Galaxy S24 Ultra 5G 512GB SM-S928U1 YELLOW  (Unlocked) #Y894,$579.00,2025-09-26,https://www.ebay.com/itm/146796261235,https://i.ebayimg.com/images/g/5eYAAeSw-SVornaN/s-l500.webp,512 GB,Unknown,False,Galaxy S24 Ultra,,,,,,,,,,,,,,True,
1,Samsung Galaxy S24 Ultra 5G 256/512/1TB Unlocked Good,$491.99,2025-09-26,https://www.ebay.com/itm/316625932834,https://i.ebayimg.com/images/g/cqQAAOSw0dtn-Tql/s-l500.webp,Unknown,Good,False,Galaxy S24 Ultra,,,,,,,,,,,,,,True,
1,Samsung Galaxy S24 Ultra - 256GB SM-S928U1 Black UNLOCKED  #L021,$564.00,2025-09-25,https://www.ebay.com/itm/116776080591,https://i.ebayimg.com/images/g/EXkAAeSwHjpow1SV/s-l500.webp,256 GB,Unknown,False,Galaxy S24 Ultra,,,,,,,,,,,,,,True,
1,Samsung Galaxy S24 Ultra 5G  512GB SM-S928U1 VIOLET  (Unlocked) #L251,$619.00,2025-09-25,https://www.ebay.com/itm/146841337702,https://i.ebayimg.com/images/g/K0cAAeSw2AJozMPZ/s-l500.webp,512 GB,Unknown,False,Galaxy S24 Ultra,,,,,,,,,,,,,,True,
1,Samsung Galaxy S24 Ultra 512GB SM-S928U1 Gray FACTORY Unlocked #Y973,$624.00,2025-09-25,https://www.ebay.com/itm/146811638625,https://i.ebayimg.com/images/g/hasAAeSwiBRouP2O/s-l500.webp,512 GB,Unknown,False,Galaxy S24 Ultra,,,,,,,,,,,,,,True,
1,Samsung Galaxy S24 Ultra - 1 TB SM-S928U1  Black (Unlocked) #L201,$709.00,2025-09-25,https://www.ebay.com/itm/146841392190,https://i.ebayimg.com/images/g/XtMAAeSwRYxozM5u/s-l500.webp,Unknown,Unknown,False,Galaxy S24 Ultra,,,,,,,,,,,,,,True,
1,Samsung Galaxy S24 Ultra 256GB Titanium Gray Unlocked Excellent Condition,$649.99,2025-09-25,https://www.ebay.com/itm/296313195021,https://i.ebayimg.com/images/g/bkIAAOSwFBBmcYvg/s-l500.webp,256 GB,Excellent,False,Galaxy S24 Ultra,,,,,,,,,,,,,,True,
1,Samsung Galaxy S24 Ultra - 256GB SM-S928U1 Black UNLOCKED  #L119,$544.00,2025-09-25,https://www.ebay.com/itm/116776207862,https://i.ebayimg.com/images/g/eGAAAeSwE0Row3Zz/s-l500.webp,256 GB,Unknown,False,Galaxy S24 Ultra,,,,,,,,,,,,,,True,
1,Samsung Galaxy S24 Ultra 5G 256GB SM-S928U1 GRAY Unlocked #L030,$589.00,2025-09-24,https://www.ebay.com/itm/116776092136,https://i.ebayimg.com/images/g/M~QAAeSw5Odow1dm/s-l500.webp,256 GB,Unknown,False,Galaxy S24 Ultra,,,,,,,,,,,,,,True,
1,Samsung Galaxy S24 Ultra Titanium Black 256 Excellent - Refurbished  - Unlocked,$650.99,2025-08-17,https://www.ebay.com/itm/127201441523,https://i.ebayimg.com/images/g/As4AAeSw8RxoplAA/s-l500.webp,Unknown,Excellent,False,Galaxy S24 Ultra,,,,,,,,,,,,,,True,
1,Samsung Galaxy S24 Ultra - 256GB SM-S928U1 Black UNLOCKED  #L023,$569.00,2025-09-24,https://www.ebay.com/itm/116776082237,https://i.ebayimg.com/images/g/FroAAeSwCTNow1WY/s-l500.webp,256 GB,Unknown,False,Galaxy S24 Ultra,,,,,,,,,,,,,,True,
1,Open Box Samsung Galaxy S24 Ultra 1TB - Factory Unlocked - Titanium Black,$949.99,2025-09-23,https://www.ebay.com/itm/376554839003,https://i.ebayimg.com/images/g/3QIAAOSwu8xngZvS/s-l500.webp,Unknown,Unknown,False,Galaxy S24 Ultra,,,,,,,,,,,,,,True,
1,Galaxy S24 Ultra - Unlocked - 256GB - Titanium Gray - Excellent,$625.00,2025-09-24,https://www.ebay.com/itm/285847161936,https://i.ebayimg.com/images/g/Mc0AAOSwA7VmKs~L/s-l500.webp,256 GB,Excellent,False,Galaxy S24 Ultra,,,,,,,,,,,,,,True,
1,Galaxy S24 Ultra - Unlocked - 256GB - Titanium Violet - Very Good,$594.00,2025-09-23,https://www.ebay.com/itm/285868851845,https://i.ebayimg.com/images/g/7~wAAOSwd59mIAKo/s-l500.webp,256 GB,Very Good,False,Galaxy S24 Ultra,,,,,,,,,,,,,,True,
1,Samsung Galaxy S24 Ultra 5G 512GB SM-S928U1 Black (Unlocked) #L244,$614.00,2025-09-22,https://www.ebay.com/itm/116786705709,https://i.ebayimg.com/images/g/VjQAAeSwvsBozM7g/s-l500.webp,512 GB,Unknown,False,Galaxy S24 Ultra,,,,,,,,,,,,,,True,
1,Samsung Galaxy S24 Ultra 5G 512GB SM-S928U1 Black (Unlocked) #Y789,$609.00,2025-09-22,https://www.ebay.com/itm/127331168875,https://i.ebayimg.com/images/g/CMoAAeSwcaNorNMa/s-l500.webp,512 GB,Unknown,False,Galaxy S24 Ultra,,,,,,,,,,,,,,True,
1,Galaxy S24 Ultra - Unlocked - 256GB - Titanium Black - Excellent,$625.00,2025-09-23,https://www.ebay.com/itm/285819900332,https://i.ebayimg.com/images/g/2XcAAOSwwIVmIAG8/s-l500.webp,256 GB,Excellent,False,Galaxy S24 Ultra,,,,,,,,,,,,,,True,
1,Samsung Galaxy S24 Ultra - 512GB - Titanium Yellow (Carrier Unlocked) (Dual SIM),$724.98,2025-09-22,https://www.ebay.com/itm/157160984003,https://i.ebayimg.com/images/g/QSYAAeSwWG1ob~o9/s-l500.webp,512 GB,Unknown,False,Galaxy S24 Ultra,,,,,,,,,,,,,,True,
1,Samsung Galaxy S24 Ultra 512GB SM-S928U1 Gray FACTORY Unlocked #L255,$634.00,2025-09-22,https://www.ebay.com/itm/146841345485,https://i.ebayimg.com/images/g/rb4AAeSwJKpozMSP/s-l500.webp,512 GB,Unknown,False,Galaxy S24 Ultra,,,,,,,,,,,,,,True,
1,Samsung Galaxy S24 Ultra 256GB SM-S928U1 Violet Purple Unlocked #L257,$589.00,2025-09-22,https://www.ebay.com/itm/146841346407,https://i.ebayimg.com/images/g/QoYAAeSwxqdozMUB/s-l500.webp,256 GB,Unknown,False,Galaxy S24 Ultra,,,,,,,,,,,,,,True,
1,Samsung Galaxy S24 Ultra - 256GB SM-S928U1 Black UNLOCKED  #L020,$579.00,2025-09-22,https://www.ebay.com/itm/116776080436,https://i.ebayimg.com/images/g/4K8AAeSwR-Fow1Rr/s-l500.webp,256 GB,Unknown,False,Galaxy S24 Ultra,,,,,,,,,,,,,,True,
1,Samsung Galaxy S24 Ultra 5G 512GB SM-S928U1 Black (Unlocked) #Y998,$619.00,2025-09-21,https://www.ebay.com/itm/116764981624,https://i.ebayimg.com/images/g/dt0AAeSwbj1oudEa/s-l500.webp,512 GB,Unknown,False,Galaxy S24 Ultra,,,,,,,,,,,,,,True,
1,Samsung Galaxy S24 Ultra 5G  512GB SM-S928U1 VIOLET  (Unlocked) #L256,$634.00,2025-09-22,https://www.ebay.com/itm/116786658681,https://i.ebayimg.com/images/g/MMYAAeSwNUtozMTH/s-l500.webp,512 GB,Unknown,False,Galaxy S24 Ultra,,,,,,,,,,,,,,True,
1,Samsung Galaxy S24 Ultra 256GB SM-S928U1 Violet Purple Unlocked #Y974,$574.00,2025-09-21,https://www.ebay.com/itm/127350518138,https://i.ebayimg.com/images/g/yiwAAeSw0VVouP3N/s-l500.webp,256 GB,Unknown,False,Galaxy S24 Ultra,,,,,,,,,,,,,,True,
1,Samsung Galaxy S24 Ultra 5G 512GB SM-S928U1 Black (Unlocked) #L138,$619.00,2025-09-20,https://www.ebay.com/itm/116776225050,https://i.ebayimg.com/images/g/m7wAAeSwc0dow3so/s-l500.webp,512 GB,Unknown,False,Galaxy S24 Ultra,,,,,,,,,,,,,,True,
1,Samsung Galaxy S24 Ultra 512GB SM-S928U1 Gray FACTORY Unlocked #L246,$639.00,2025-09-20,https://www.ebay.com/itm/116786671558,https://i.ebayimg.com/images/g/kmUAAeSwZDdozMf1/s-l500.webp,512 GB,Unknown,False,Galaxy S24 Ultra,,,,,,,,,,,,,,True,
1,Samsung Galaxy S24 Ultra 512GB SM-S928U1 Gray FACTORY Unlocked #L126,$639.00,2025-09-20,https://www.ebay.com/itm/146827044721,https://i.ebayimg.com/images/g/dI8AAeSwRXpow3ke/s-l500.webp,512 GB,Unknown,False,Galaxy S24 Ultra,,,,,,,,,,,,,,True,
1,Samsung Galaxy S24 Ultra 256GB SM-S928U1 Violet Purple Unlocked #L254,$589.00,2025-09-20,https://www.ebay.com/itm/146841342286,https://i.ebayimg.com/images/g/NqcAAeSwiFxozMRh/s-l500.webp,256 GB,Unknown,False,Galaxy S24 Ultra,,,,,,,,,,,,,,True,
1,Samsung Galaxy S24 Ultra 5G 256GB SM-S928U1 GRAY Unlocked #Y972,$579.00,2025-09-20,https://www.ebay.com/itm/116763969178,https://i.ebayimg.com/images/g/XvAAAeSwwLNouPjM/s-l500.webp,256 GB,Unknown,False,Galaxy S24 Ultra,,,,,,,,,,,,,,True,
1,Samsung Galaxy S24 Ultra 512GB SM-S928U1 Gray FACTORY Unlocked #L180,$649.00,2025-09-20,https://www.ebay.com/itm/146841489989,https://i.ebayimg.com/images/g/V0YAAeSwbdBozOJG/s-l500.webp,512 GB,Unknown,False,Galaxy S24 Ultra,,,,,,,,,,,,,,True,
1,Samsung Galaxy S24 Ultra 5G 512GB SM-S928U1 Black (Unlocked) #Y787,$614.00,2025-09-19,https://www.ebay.com/itm/146794053039,https://i.ebayimg.com/images/g/CaEAAeSw21lorNKM/s-l500.webp,512 GB,Unknown,False,Galaxy S24 Ultra,,,,,,,,,,,,,,True,
1,Samsung Galaxy S24 Ultra 256GB SM-S928U1 Violet Purple Unlocked #Y871,$559.00,2025-09-18,https://www.ebay.com/itm/146796310426,https://i.ebayimg.com/images/g/6MMAAeSwxq1oroCP/s-l500.webp,256 GB,Unknown,False,Galaxy S24 Ultra,,,,,,,,,,,,,,True,
1,Samsung Galaxy S24 Ultra 5G 512GB SM-S928U1 Black (Unlocked) #Y788,$619.00,2025-09-17,https://www.ebay.com/itm/116750425519,https://i.ebayimg.com/images/g/kW8AAeSwVPlorNEt/s-l500.webp,512 GB,Unknown,False,Galaxy S24 Ultra,,,,,,,,,,,,,,True,
1,Samsung Galaxy S24 Ultra 512GB SM-S928U1 Gray FACTORY Unlocked #L075,$634.00,2025-09-17,https://www.ebay.com/itm/146826976812,https://i.ebayimg.com/images/g/rpUAAeSwxzRow2fT/s-l500.webp,512 GB,Unknown,False,Galaxy S24 Ultra,,,,,,,,,,,,,,True,
1,Samsung Galaxy S24 Ultra Titanium Yellow 512GB Unlocked - Excellent,$669.99,2025-09-16,https://www.ebay.com/itm/277333162647,https://i.ebayimg.com/images/g/ClAAAeSw1HBoo4nb/s-l500.webp,512 GB,Excellent,False,Galaxy S24 Ultra,,,,,,,,,,,,,,True,
1,Samsung Galaxy S24 Ultra 1TB - Factory Unlocked - Titanium Violet Excellent,$879.99,2025-09-16,https://www.ebay.com/itm/376540944696,https://i.ebayimg.com/images/g/x0EAAeSwTVRoilva/s-l500.webp,Unknown,Excellent,False,Galaxy S24 Ultra,,,,,,,,,,,,,,True,
1,Samsung Galaxy S24 Ultra - 256GB SM-S928U1 Black UNLOCKED  #L076,$589.00,2025-09-15,https://www.ebay.com/itm/116776158826,https://i.ebayimg.com/images/g/fHQAAeSwFMRow2fa/s-l500.webp,256 GB,Unknown,False,Galaxy S24 Ultra,,,,,,,,,,,,,,True,
1,Samsung Galaxy S24 Ultra 256GB SM-S928U1 Violet Purple Unlocked #Y876,$564.00,2025-09-15,https://www.ebay.com/itm/127367717240,https://i.ebayimg.com/images/g/vooAAeSwRXlornLa/s-l500.webp,256 GB,Unknown,False,Galaxy S24 Ultra,,,,,,,,,,,,,,True,
1,Samsung Galaxy S24 Ultra 256GB SM-S928U1 Violet Purple Unlocked #Y869,$564.00,2025-09-15,https://www.ebay.com/itm/146796247243,https://i.ebayimg.com/images/g/ursAAeSwhFlornNz/s-l500.webp,256 GB,Unknown,False,Galaxy S24 Ultra,,,,,,,,,,,,,,True,
1,Samsung  Galaxy S24 Ultra 5G  256GB Factory Unlocked Titanium Violet - Excellent,$634.99,2025-09-15,https://www.ebay.com/itm/167735708631,https://i.ebayimg.com/images/g/k~8AAeSwAhJoqOJy/s-l500.webp,256 GB,Excellent,False,Galaxy S24 Ultra,,,,,,,,,,,,,,True,
1,Samsung Galaxy S24 Ultra Fully Unlocked 6.8in 256GB - Excellent,$637.00,2025-09-15,https://www.ebay.com/itm/135726711991,https://i.ebayimg.com/images/g/cRYAAeSwKGpocAO~/s-l500.webp,256 GB,Excellent,False,Galaxy S24 Ultra,,,,,,,,,,,,,,True,
1,Samsung Galaxy S24 Ultra 5G 256GB SM-S928U1 GRAY Unlocked #L027,$614.00,2025-09-15,https://www.ebay.com/itm/146826867144,https://i.ebayimg.com/images/g/8lMAAeSwNuBow1Z5/s-l500.webp,256 GB,Unknown,False,Galaxy S24 Ultra,,,,,,,,,,,,,,True,
1,REFURBISHED Samsung Galaxy S24 Ultra 512GB SM-S928U1 BLACK  Unlocked #L042,$594.00,2025-09-15,https://www.ebay.com/itm/146826925596,https://i.ebayimg.com/images/g/JiUAAeSwk3Jow1z0/s-l500.webp,512 GB,Unknown,False,Galaxy S24 Ultra,,,,,,,,,,,,,,True,
1,Samsung Galaxy S24 Ultra 512GB Titanium Yellow Unlocked Very Good Condition,$649.99,2025-09-14,https://www.ebay.com/itm/297534071000,https://i.ebayimg.com/images/g/0I4AAeSwRf9oycro/s-l500.webp,512 GB,Very Good,False,Galaxy S24 Ultra,,,,,,,,,,,,,,True,
1,UNLOCKED - Samsung Galaxy S24 Ultra 5G SM-S928U 512GB Titanium Blue - Very Good,$733.99,2025-09-14,https://www.ebay.com/itm/146794952324,https://i.ebayimg.com/images/g/AgwAAOSwc1hoU8IE/s-l500.webp,512 GB,Very Good,False,Galaxy S24 Ultra,,,,,,,,,,,,,,True,
1,Samsung Galaxy S24 Ultra 5G 256GB SM-S928U1 GRAY Unlocked #Y980,$564.00,2025-09-13,https://www.ebay.com/itm/127350534982,https://i.ebayimg.com/images/g/9QgAAeSwC6VouQA8/s-l500.webp,256 GB,Unknown,False,Galaxy S24 Ultra,,,,,,,,,,,,,,True,
1,Samsung Galaxy S24 Ultra 256GB SM-S928U1 Violet Purple Unlocked #Y868,$569.00,2025-09-13,https://www.ebay.com/itm/116752307345,https://i.ebayimg.com/images/g/Ak4AAeSw0GZoroAP/s-l500.webp,256 GB,Unknown,False,Galaxy S24 Ultra,,,,,,,,,,,,,,True,
1,Samsung Galaxy S24 Ultra 256GB SM-S928U1 Violet Purple Unlocked #Y978,$564.00,2025-09-13,https://www.ebay.com/itm/116763998727,https://i.ebayimg.com/images/g/fT0AAeSwYHJouP-l/s-l500.webp,256 GB,Unknown,False,Galaxy S24 Ultra,,,,,,,,,,,,,,True,
1,Samsung Galaxy S24 Ultra 5G 512GB SM-S928U1 Black (Unlocked) #L024,$634.00,2025-09-13,https://www.ebay.com/itm/127365821562,https://i.ebayimg.com/images/g/7yAAAeSw3yxow1XG/s-l500.webp,512 GB,Unknown,False,Galaxy S24 Ultra,,,,,,,,,,,,,,True,
1,Samsung Galaxy S24 Ultra 256GB SM-S928U1 Violet Purple Unlocked #Y872,$569.00,2025-09-13,https://www.ebay.com/itm/146796311368,https://i.ebayimg.com/images/g/CvgAAeSwiyxoroCy/s-l500.webp,256 GB,Unknown,False,Galaxy S24 Ultra,,,,,,,,,,,,,,True,
1,Samsung Galaxy S24 Ultra 5G 512GB SM-S928U1 Black (Unlocked) #L123,$634.00,2025-09-13,https://www.ebay.com/itm/146827038191,https://i.ebayimg.com/images/g/lrYAAeSwBfJow3d4/s-l500.webp,512 GB,Unknown,False,Galaxy S24 Ultra,,,,,,,,,,,,,,True,
1,Samsung Galaxy S24 Ultra 5G 512GB SM-S928U1 Black (Unlocked) #L136,$634.00,2025-09-13,https://www.ebay.com/itm/146827050681,https://i.ebayimg.com/images/g/tKoAAeSwCk1ow3qn/s-l500.webp,512 GB,Unknown,False,Galaxy S24 Ultra,,,,,,,,,,,,,,True,
1,Samsung Galaxy S24 Ultra 5G 256GB SM-S928U1 YELLOW Unlocked #Y1008,$589.00,2025-09-12,https://www.ebay.com/itm/116765036387,https://i.ebayimg.com/images/g/lSIAAeSwrlBoudY-/s-l500.webp,256 GB,Unknown,False,Galaxy S24 Ultra,,,,,,,,,,,,,,True,
1,Samsung Galaxy S24 Ultra SM-S928U 1TB 12GB Unlocked Black - Excellent Condition,$839.00,2025-09-12,https://www.ebay.com/itm/197597627826,https://i.ebayimg.com/images/g/l2sAAeSwg-NocP6O/s-l500.webp,12 GB,Excellent,False,Galaxy S24 Ultra,,,,,,,,,,,,,,True,
1,Samsung Galaxy S24 Ultra 256GB SM-S928U1 Violet Purple Unlocked #Y876,$574.00,2025-09-12,https://www.ebay.com/itm/116752264820,https://i.ebayimg.com/images/g/vooAAeSwRXlornLa/s-l500.webp,256 GB,Unknown,False,Galaxy S24 Ultra,,,,,,,,,,,,,,True,
1,Samsung Galaxy S24 Ultra SM-S928U1 Unlocked 512GB Titanium Green - Very Good,$660.00,2025-09-11,https://www.ebay.com/itm/326745723480,https://i.ebayimg.com/images/g/IdIAAeSwcglorOty/s-l500.webp,512 GB,Very Good,False,Galaxy S24 Ultra,,,,,,,,,,,,,,True,
1,Samsung Galaxy S24 Ultra 5G 512GB SM-S928U1 Black (Unlocked) #Y899,$639.00,2025-09-11,https://www.ebay.com/itm/127333949873,https://i.ebayimg.com/images/g/4SAAAeSwKY5ornmE/s-l500.webp,512 GB,Unknown,False,Galaxy S24 Ultra,,,,,,,,,,,,,,True,
1,Samsung Galaxy S24 Ultra 5G 512GB SM-S928U1 Black (Unlocked) #Y833,$644.00,2025-09-10,https://www.ebay.com/itm/127336080483,https://i.ebayimg.com/images/g/l-QAAeSwpqJor8dc/s-l500.webp,512 GB,Unknown,False,Galaxy S24 Ultra,,,,,,,,,,,,,,True,
1,Samsung Galaxy S24 Ultra SM-S928U 256GB Titanium Gray Unlocked Good Condition,$610.44,2025-08-22,https://www.ebay.com/itm/356846249254,https://i.ebayimg.com/images/g/LAYAAeSwtWFoErjR/s-l500.webp,256 GB,Good,False,Galaxy S24 Ultra,,,,,,,,,,,,,,True,
1,Samsung Galaxy S24 Ultra SM-S928U 256GB Titanium Violet Unlocked Good Condition,$610.44,2025-08-30,https://www.ebay.com/itm/356846252813,https://i.ebayimg.com/images/g/vL8AAeSwW3toErkE/s-l500.webp,256 GB,Good,False,Galaxy S24 Ultra,,,,,,,,,,,,,,True,
1,Samsung Galaxy S24 Ultra SM-S928U 256GB Titanium Yellow Unlocked Good Condition,$610.53,2025-08-13,https://www.ebay.com/itm/356848982169,https://i.ebayimg.com/images/g/SkwAAeSwcy1oE6z0/s-l500.webp,256 GB,Good,False,Galaxy S24 Ultra,,,,,,,,,,,,,,True,
1,Samsung Galaxy S24 Ultra SM-S928U 256GB Titanium Black Unlocked Good Condition,$610.44,2025-09-05,https://www.ebay.com/itm/356846245608,https://i.ebayimg.com/images/g/PWkAAeSwI~NoErgA/s-l500.webp,256 GB,Good,False,Galaxy S24 Ultra,,,,,,,,,,,,,,True,
1,Samsung Galaxy S24 Ultra SM-S928U 512GB Titanium Violet Unlocked Good Condition,$677.17,2025-08-22,https://www.ebay.com/itm/356848901447,https://i.ebayimg.com/images/g/yrkAAeSws-5oE6Jg/s-l500.webp,512 GB,Good,False,Galaxy S24 Ultra,,,,,,,,,,,,,,True,
1,Samsung Galaxy S24 Ultra 5G 512GB SM-S928U1 Black (Unlocked) #Y786,$654.00,2025-09-07,https://www.ebay.com/itm/146794038670,https://i.ebayimg.com/images/g/kTQAAeSwqbZorNEI/s-l500.webp,512 GB,Unknown,False,Galaxy S24 Ultra,,,,,,,,,,,,,,True,
1,Samsung Galaxy S24 Ultra - 256GB - Titanium Black (Unlocked) (Dual SIM),$664.98,2025-09-06,https://www.ebay.com/itm/156794860506,https://i.ebayimg.com/images/g/gGkAAOSwai9mT4EO/s-l500.webp,256 GB,Unknown,False,Galaxy S24 Ultra,,,,,,,,,,,,,,True,
1,Samsung Galaxy S24 Ultra 5G  512GB SM-S928U1 VIOLET  (Unlocked) #Y663,$634.00,2025-09-05,https://www.ebay.com/itm/127312216526,https://i.ebayimg.com/images/g/tO8AAeSwk6JooI6d/s-l500.webp,512 GB,Unknown,False,Galaxy S24 Ultra,,,,,,,,,,,,,,True,
1,"Samsung Galaxy S24 ULTRA 5G 256GB FACTORY UNLOCKED 6.8"" Smartphone - EXCELLENT",$618.00,2025-09-05,https://www.ebay.com/itm/236293175242,https://i.ebayimg.com/images/g/J2wAAOSwbU9nV3Vp/s-l500.webp,256 GB,Excellent,False,Galaxy S24 Ultra,,,,,,,,,,,,,,True,
1,Samsung Galaxy S24 Ultra SM-S928B 512GB Dual Sim - Violet - Unlocked Very Good,$779.99,2025-08-07,https://www.ebay.com/itm/226893214922,https://i.ebayimg.com/images/g/NXUAAeSwi71oiSMc/s-l500.webp,512 GB,Very Good,False,Galaxy S24 Ultra,,,,,,,,,,,,,,True,
1,Samsung Galaxy S24 Ultra - 256GB SM-S928U1 Black UNLOCKED  #Y924,$569.00,2025-09-05,https://www.ebay.com/itm/146798055890,https://i.ebayimg.com/images/g/9scAAeSw-Elor8XS/s-l500.webp,256 GB,Unknown,False,Galaxy S24 Ultra,,,,,,,,,,,,,,True,
1,Samsung Galaxy S24 Ultra SM-S928U 1TB 12GB Unlocked Black Excellent Condition,$839.00,2025-09-05,https://www.ebay.com/itm/197529975348,https://i.ebayimg.com/images/g/y~sAAeSwmUhocQBs/s-l500.webp,12 GB,Excellent,False,Galaxy S24 Ultra,,,,,,,,,,,,,,True,
1,Samsung Galaxy S24 Ultra 5G S928U Unlocked (Any Carrier) SmartPhone Good,$579.99,2025-09-05,https://www.ebay.com/itm/226721927797,https://i.ebayimg.com/images/g/g9AAAOSw73RnNmJb/s-l500.webp,Unknown,Good,False,Galaxy S24 Ultra,,,,,,,,,,,,,,True,
1,Samsung Galaxy S24 Ultra SM-S928U - 512GB  Titanium Black (Unlocked) - Very Good,$659.99,2025-09-04,https://www.ebay.com/itm/306378140048,https://i.ebayimg.com/images/g/Pk4AAOSwgGFm~Qd0/s-l500.webp,512 GB,Very Good,False,Galaxy S24 Ultra,,,,,,,,,,,,,,True,
1,Samsung Galaxy S24 Ultra - 1 TB SM-S928U1  BLUE (Unlocked) #Y989,$749.00,2025-09-04,https://www.ebay.com/itm/146812760296,https://i.ebayimg.com/images/g/hUYAAeSwUYhouc0T/s-l500.webp,Unknown,Unknown,False,Galaxy S24 Ultra,,,,,,,,,,,,,,True,
1,Samsung Galaxy S24 Ultra 256GB Titanium Green Unlocked Very Good Condition,$619.99,2025-09-04,https://www.ebay.com/itm/277249304741,https://i.ebayimg.com/images/g/u48AAeSwO5hoycd5/s-l500.webp,256 GB,Very Good,False,Galaxy S24 Ultra,,,,,,,,,,,,,,True,
1,Samsung Galaxy S24 Ultra 5G SM-S928U 256GB 512GB ALL Colors Very Good Condition,$579.00,2025-09-03,https://www.ebay.com/itm/167619814258,https://i.ebayimg.com/images/g/MxoAAOSwANFnT6RA/s-l500.webp,256 GB,Very Good,False,Galaxy S24 Ultra,,,,,,,,,,,,,,True,
1,Samsung Galaxy S24 Ultra 512GB Titanium Gray Unlocked Very Good Condition,$689.99,2025-09-02,https://www.ebay.com/itm/276534255829,https://i.ebayimg.com/images/g/KjYAAOSw9UdmhBnD/s-l500.webp,512 GB,Very Good,False,Galaxy S24 Ultra,,,,,,,,,,,,,,True,
1,Samsung Galaxy S24 Ultra 5G 256GB SM-S928U1 GRAY Unlocked #Y895,$599.00,2025-09-02,https://www.ebay.com/itm/127333938393,https://i.ebayimg.com/images/g/2PAAAeSwjmBorncm/s-l500.webp,256 GB,Unknown,False,Galaxy S24 Ultra,,,,,,,,,,,,,,True,
1,Samsung Galaxy S24 Ultra 5G 256GB SM-S928U1 YELLOW Unlocked #Y624,$574.00,2025-09-02,https://www.ebay.com/itm/146780590259,https://i.ebayimg.com/images/g/1CgAAeSwgVJoo-Wf/s-l500.webp,256 GB,Unknown,False,Galaxy S24 Ultra,,,,,,,,,,,,,,True,
1,Samsung Galaxy S24 Ultra 5G 256GB SM-S928U1 GRAY Unlocked #Y892,$599.00,2025-09-02,https://www.ebay.com/itm/146796258534,https://i.ebayimg.com/images/g/x5wAAeSwR7ZornXV/s-l500.webp,256 GB,Unknown,False,Galaxy S24 Ultra,,,,,,,,,,,,,,True,
1,Samsung Galaxy S24 Ultra 5G 512GB SM-S928U1 GREEN Factory Unlocked #Y898,$684.00,2025-09-02,https://www.ebay.com/itm/116752282448,https://i.ebayimg.com/images/g/DY0AAeSwmvNornih/s-l500.webp,512 GB,Unknown,False,Galaxy S24 Ultra,,,,,,,,,,,,,,True,
1,Samsung Galaxy S24 Ultra 256GB SM-S928U1 Violet Purple Unlocked #Y828,$609.00,2025-09-02,https://www.ebay.com/itm/116753872209,https://i.ebayimg.com/images/g/D0oAAeSwOsFor9Ru/s-l500.webp,256 GB,Unknown,False,Galaxy S24 Ultra,,,,,,,,,,,,,,True,
1,Samsung Galaxy S24 Ultra - Unlocked - Titanium Black - 1TB - Good,$695.00,2025-09-01,https://www.ebay.com/itm/286528419528,https://i.ebayimg.com/images/g/2XcAAOSwwIVmIAG8/s-l500.webp,Unknown,Good,False,Galaxy S24 Ultra,,,,,,,,,,,,,,True,
1,Samsung Galaxy S24 Ultra SM-S928U 1TB 12GB Unlocked Space Gray Very Good,$839.00,2025-08-31,https://www.ebay.com/itm/177266885619,https://i.ebayimg.com/images/g/51YAAeSwWLpoc13A/s-l500.webp,12 GB,Very Good,False,Galaxy S24 Ultra,,,,,,,,,,,,,,True,
1,Samsung Galaxy S24 Ultra 512GB SM-S928U1 Gray FACTORY Unlocked #Y703,$654.00,2025-08-31,https://www.ebay.com/itm/116740943931,https://i.ebayimg.com/images/g/rckAAeSwF79oo92f/s-l500.webp,512 GB,Unknown,False,Galaxy S24 Ultra,,,,,,,,,,,,,,True,
1,Samsung Galaxy S24 Ultra SM-S928U 1TB 12GB Unlocked Purple Good Condition,$749.00,2025-08-31,https://www.ebay.com/itm/177347129867,https://i.ebayimg.com/images/g/QTEAAeSwGp5olDs2/s-l500.webp,12 GB,Good,False,Galaxy S24 Ultra,,,,,,,,,,,,,,True,
1,Samsung Galaxy S24 Ultra SM-S928B Unlocked 1TB Titanium Gray Good,$807.49,2025-08-29,https://www.ebay.com/itm/197338945747,https://i.ebayimg.com/images/g/HfgAAeSwp29oLQNc/s-l500.webp,Unknown,Good,False,Galaxy S24 Ultra,,,,,,,,,,,,,,True,
1,Samsung Galaxy S24 Ultra 256GB - Titanium Violet (Unlocked) SM-S928U1 Good,$579.95,2025-08-29,https://www.ebay.com/itm/127302752601,https://i.ebayimg.com/images/g/-GUAAOSwksVnSFZh/s-l500.webp,256 GB,Good,False,Galaxy S24 Ultra,,,,,,,,,,,,,,True,
1,Samsung Galaxy S24 Ultra SM-S928U1 - 1TB - Titanium Black (Unlocked) - Very Good,$809.99,2025-08-29,https://www.ebay.com/itm/306473237071,https://i.ebayimg.com/images/g/Pk4AAOSwgGFm~Qd0/s-l500.webp,Unknown,Very Good,False,Galaxy S24 Ultra,,,,,,,,,,,,,,True,
1,Samsung Galaxy S24 Ultra 5G 512GB SM-S928U1 Black (Unlocked) #Y601,$634.00,2025-08-28,https://www.ebay.com/itm/116722778648,https://i.ebayimg.com/images/g/TGcAAeSwVKtok7b6/s-l500.webp,512 GB,Unknown,False,Galaxy S24 Ultra,,,,,,,,,,,,,,True,
1,Samsung Galaxy S24 Ultra - S928U - 256GB - (Unlocked) - Excellent,$669.00,2025-08-28,https://www.ebay.com/itm/365466234427,https://i.ebayimg.com/images/g/26kAAOSwDiVn2GmA/s-l500.webp,256 GB,Excellent,False,Galaxy S24 Ultra,,,,,,,,,,,,,,True,
1,REFURBISHED Samsung Galaxy S24 Ultra 512GB SM-S928U1 Black FACTORY UNLOCKED,$639.00,2025-08-28,https://www.ebay.com/itm/146797565950,https://i.ebayimg.com/images/g/IPAAAeSww1VoiVmF/s-l500.webp,512 GB,Unknown,False,Galaxy S24 Ultra,,,,,,,,,,,,,,True,
1,Samsung Galaxy S24 Ultra 5G 512GB SM-S928U1 BLUE Unlocked #Y784,$674.00,2025-08-28,https://www.ebay.com/itm/146794023639,https://i.ebayimg.com/images/g/7S4AAeSw~DtorM9O/s-l500.webp,512 GB,Unknown,False,Galaxy S24 Ultra,,,,,,,,,,,,,,True,
1,Samsung Galaxy S24 Ultra - 1 TB SM-S928U1  LAVENDER  FACTORY UNLOCKED #Y897,$739.00,2025-08-27,https://www.ebay.com/itm/116752278395,https://i.ebayimg.com/images/g/MEwAAeSwZDZornfv/s-l500.webp,Unknown,Unknown,False,Galaxy S24 Ultra,,,,,,,,,,,,,,True,
1,Samsung Galaxy S24 Ultra 5G  512GB SM-S928U1 VIOLET  (Unlocked) #Y896,$669.00,2025-08-27,https://www.ebay.com/itm/116752273256,https://i.ebayimg.com/images/g/7DkAAeSwxj5orndT/s-l500.webp,512 GB,Unknown,False,Galaxy S24 Ultra,,,,,,,,,,,,,,True,
1,Samsung Galaxy S24 Ultra - 256GB - Titanium Black (Unlocked) (Dual SIM) B-Stock,$574.98,2025-08-27,https://www.ebay.com/itm/156772690565,https://i.ebayimg.com/images/g/gGkAAOSwai9mT4EO/s-l500.webp,256 GB,Unknown,False,Galaxy S24 Ultra,,,,,,,,,,,,,,True,
1,Samsung Galaxy S24 Ultra 256GB SM-S928U1 Violet Purple Unlocked #Y783,$624.00,2025-08-26,https://www.ebay.com/itm/116750416816,https://i.ebayimg.com/images/g/UuoAAeSw9ERorM7J/s-l500.webp,256 GB,Unknown,False,Galaxy S24 Ultra,,,,,,,,,,,,,,True,
1,Samsung Galaxy S24 Ultra 5G 256GB SM-S928U1 GRAY Unlocked #Y782,$614.00,2025-08-27,https://www.ebay.com/itm/127331147514,https://i.ebayimg.com/images/g/t6AAAeSwIG9orM0w/s-l500.webp,256 GB,Unknown,False,Galaxy S24 Ultra,,,,,,,,,,,,,,True,
1,Samsung Galaxy S24 Ultra 5G  512GB SM-S928U1 VIOLET  (Unlocked) #Y616,$669.00,2025-08-26,https://www.ebay.com/itm/146780583724,https://i.ebayimg.com/images/g/Qf4AAeSwY-1oo-PF/s-l500.webp,512 GB,Unknown,False,Galaxy S24 Ultra,,,,,,,,,,,,,,True,
2,Samsung Galaxy S24 Ultra 5G 256GB SM-S928U1 GRAY Unlocked #Y660,$589.00,2025-08-26,https://www.ebay.com/itm/146780009829,https://i.ebayimg.com/images/g/Pk8AAeSwtuNoo1oi/s-l500.webp,256 GB,Unknown,False,Galaxy S24 Ultra,,,,,,,,,,,,,,True,
2,Samsung Galaxy S24 Ultra 5G 256GB SM-S928U1 GRAY Unlocked #Y617,$589.00,2025-08-26,https://www.ebay.com/itm/146780584016,https://i.ebayimg.com/images/g/JIEAAeSwA3Noo-QK/s-l500.webp,256 GB,Unknown,False,Galaxy S24 Ultra,,,,,,,,,,,,,,True,
2,Samsung Galaxy S24 Ultra SM-S928U Unlocked 256GB Titanium Violet Very Good,$629.99,2025-08-26,https://www.ebay.com/itm/186588960594,https://i.ebayimg.com/images/g/wvsAAOSwzPBmoSnG/s-l500.webp,256 GB,Very Good,False,Galaxy S24 Ultra,,,,,,,,,,,,,,True,
2,Samsung Galaxy S24 Ultra - 1 TB SM-S928U1  BLUE (Unlocked) #Y785,$729.00,2025-08-25,https://www.ebay.com/itm/116750417925,https://i.ebayimg.com/images/g/VgcAAeSwBzForM92/s-l500.webp,Unknown,Unknown,False,Galaxy S24 Ultra,,,,,,,,,,,,,,True,
2,Samsung Galaxy S24 Ultra 256GB Titanium Gray Unlocked Very Good Condition,$629.99,2025-08-23,https://www.ebay.com/itm/297201733971,https://i.ebayimg.com/images/g/OacAAeSw3i9o0aFw/s-l500.webp,256 GB,Very Good,False,Galaxy S24 Ultra,,,,,,,,,,,,,,True,
2,Samsung Galaxy S24 Ultra 5G 256GB SM-S928U1 GRAY Unlocked #Y662,$604.00,2025-08-22,https://www.ebay.com/itm/116739694831,https://i.ebayimg.com/images/g/-yUAAeSwYPdoopKG/s-l500.webp,256 GB,Unknown,False,Galaxy S24 Ultra,,,,,,,,,,,,,,True,
2,Samsung Galaxy S24 Ultra 5G 256GB SM-S928U1 GRAY Unlocked #Y661,$604.00,2025-08-22,https://www.ebay.com/itm/146780010975,https://i.ebayimg.com/images/g/e~UAAeSw8Rxoo1o9/s-l500.webp,256 GB,Unknown,False,Galaxy S24 Ultra,,,,,,,,,,,,,,True,
2,Samsung Galaxy S24 Ultra S928U 5G Factory Unlocked - Excellent,$649.99,2025-08-22,https://www.ebay.com/itm/286022866970,https://i.ebayimg.com/images/g/umcAAOSwIhVmxjYI/s-l500.webp,Unknown,Excellent,False,Galaxy S24 Ultra,,,,,,,,,,,,,,True,
2,Samsung Galaxy S24 Ultra 5G 512GB SM-S928U1 Black (Unlocked) #Y457,$644.00,2025-08-20,https://www.ebay.com/itm/116708797685,https://i.ebayimg.com/images/g/dHgAAeSwkJNohp6g/s-l500.webp,512 GB,Unknown,False,Galaxy S24 Ultra,,,,,,,,,,,,,,True,
2,Samsung Galaxy S24 Ultra 256GB Titanium Green Unlocked Good Condition,$599.99,2025-08-19,https://www.ebay.com/itm/277334421388,https://i.ebayimg.com/images/g/wUoAAeSwRMJoyctk/s-l500.webp,256 GB,Good,False,Galaxy S24 Ultra,,,,,,,,,,,,,,True,
2,Samsung Galaxy S24 Ultra - 256 GB Titanium Yellow (Unlocked) SM-S928U1 Excellent,$669.95,2025-08-19,https://www.ebay.com/itm/146775956717,https://i.ebayimg.com/images/g/DAoAAeSwMopooGs9/s-l500.webp,256 GB,Excellent,False,Galaxy S24 Ultra,,,,,,,,,,,,,,True,
2,Samsung Galaxy S24 Ultra - 256GB - Titanium Gray (Carrier Unlocked) (Dual SIM),$674.98,2025-08-18,https://www.ebay.com/itm/157160963231,https://i.ebayimg.com/images/g/c3QAAOSwzodoUYa0/s-l500.webp,256 GB,Unknown,False,Galaxy S24 Ultra,,,,,,,,,,,,,,True,
2,Samsung Galaxy S24 Ultra 512GB SM-S928U1 Gray FACTORY Unlocked #Y712,$684.00,2025-08-18,https://www.ebay.com/itm/127316360925,https://i.ebayimg.com/images/g/4MkAAeSwtupoo1pk/s-l500.webp,512 GB,Unknown,False,Galaxy S24 Ultra,,,,,,,,,,,,,,True,
2,Samsung Galaxy S24 Ultra 256GB Unlocked - Titanium Purple - Good Condition,$604.99,2025-08-14,https://www.ebay.com/itm/205667927624,https://i.ebayimg.com/images/g/cY8AAeSwOM9om23x/s-l500.webp,256 GB,Good,False,Galaxy S24 Ultra,,,,,,,,,,,,,,True,
2,Samsung Galaxy S24 Ultra 256GB Titanium Blue Unlocked Excellent Condition,$669.99,2025-08-14,https://www.ebay.com/itm/286712755409,https://i.ebayimg.com/images/g/s~gAAOSwKlxmKnKJ/s-l500.webp,256 GB,Excellent,False,Galaxy S24 Ultra,,,,,,,,,,,,,,True,
2,Samsung Galaxy S24 Ultra 256GB Titanium Gray Unlocked Good Condition,$599.99,2025-08-14,https://www.ebay.com/itm/296592859008,https://i.ebayimg.com/images/g/WbsAAOSwsVJmo68l/s-l500.webp,256 GB,Good,False,Galaxy S24 Ultra,,,,,,,,,,,,,,True,
2,Samsung Galaxy S24 Ultra 5G 256GB SM-S928U1 GRAY Unlocked #Y531,$604.00,2025-08-13,https://www.ebay.com/itm/146756710844,https://i.ebayimg.com/images/g/mV0AAeSw0Chok70k/s-l500.webp,256 GB,Unknown,False,Galaxy S24 Ultra,,,,,,,,,,,,,,True,
2,Samsung Galaxy S24 Ultra - Unlocked - Titanium Gray - 512GB - Good,$619.00,2025-08-13,https://www.ebay.com/itm/277201261671,https://i.ebayimg.com/images/g/Mc0AAOSwA7VmKs~L/s-l500.webp,512 GB,Good,False,Galaxy S24 Ultra,,,,,,,,,,,,,,True,
2,Samsung Galaxy S24 Ultra 5G 256GB SM-S928U1 GRAY Unlocked #Y488,$609.00,2025-08-12,https://www.ebay.com/itm/127292596136,https://i.ebayimg.com/images/g/vf0AAeSwctRok5Kk/s-l500.webp,256 GB,Unknown,False,Galaxy S24 Ultra,,,,,,,,,,,,,,True,
2,Samsung Galaxy S24 Ultra - 256GB SM-S928U1 Black UNLOCKED  #Y489,$579.00,2025-08-12,https://www.ebay.com/itm/116722596852,https://i.ebayimg.com/images/g/x2cAAeSw2slok5Ng/s-l500.webp,256 GB,Unknown,False,Galaxy S24 Ultra,,,,,,,,,,,,,,True,
2,Samsung Galaxy S24 Ultra SM-S928U 1TB 12GB Unlocked Yellow Very Good Condition,$729.00,2025-08-11,https://www.ebay.com/itm/406112839603,https://i.ebayimg.com/images/g/-nMAAeSwfmNoc44-/s-l500.webp,12 GB,Very Good,False,Galaxy S24 Ultra,,,,,,,,,,,,,,True,
2,Samsung Galaxy S24 Ultra 5G - 256GB - Black - Unlocked - VERY Good Condition,$664.99,2025-07-30,https://www.ebay.com/itm/205615658290,https://i.ebayimg.com/images/g/ILAAAeSwnx1odTFw/s-l500.webp,256 GB,Very Good,False,Galaxy S24 Ultra,,,,,,,,,,,,,,True,
2,Samsung Galaxy S24 Ultra SM-S928U1 Unlocked 256GB Titanium Blue Good,$692.59,2025-08-09,https://www.ebay.com/itm/196520609001,https://i.ebayimg.com/images/g/k1wAAOSwGKhmoTl8/s-l500.webp,256 GB,Good,False,Galaxy S24 Ultra,,,,,,,,,,,,,,True,
2,Samsung Galaxy S24 Ultra SM-S928B Unlocked 512GB Titanium Black Good,$729.99,2025-08-09,https://www.ebay.com/itm/187219847273,https://i.ebayimg.com/images/g/klkAAeSwvjdoI8da/s-l500.webp,512 GB,Good,False,Galaxy S24 Ultra,,,,,,,,,,,,,,True,
2,Samsung Galaxy S24 Ultra 5G 512GB SM-S928U1 Black (Unlocked) #Y216,$614.00,2025-08-09,https://www.ebay.com/itm/146704537337,https://i.ebayimg.com/images/g/1R8AAeSwdmVocpbz/s-l500.webp,512 GB,Unknown,False,Galaxy S24 Ultra,,,,,,,,,,,,,,True,
2,Samsung Galaxy S24 Ultra 5G  512GB SM-S928U1 VIOLET  (Unlocked) #Y458,$629.00,2025-08-08,https://www.ebay.com/itm/116708814194,https://i.ebayimg.com/images/g/kIcAAeSw6nJohqPE/s-l500.webp,512 GB,Unknown,False,Galaxy S24 Ultra,,,,,,,,,,,,,,True,
2,Samsung Galaxy S24 Ultra 512GB SM-S928U1 Gray FACTORY Unlocked #Y597,$684.00,2025-08-07,https://www.ebay.com/itm/146756675011,https://i.ebayimg.com/images/g/fjoAAeSwb5pok7YE/s-l500.webp,512 GB,Unknown,False,Galaxy S24 Ultra,,,,,,,,,,,,,,True,
2,Samsung Galaxy S24 Ultra 5G 256GB SM-S928U1 GRAY Unlocked #Y486,$619.00,2025-08-07,https://www.ebay.com/itm/116722588695,https://i.ebayimg.com/images/g/fXoAAeSwkxdok5Is/s-l500.webp,256 GB,Unknown,False,Galaxy S24 Ultra,,,,,,,,,,,,,,True,
2,Samsung Galaxy S24 Ultra 256GB SM-S928U1 Violet Purple Unlocked #Y490,$599.00,2025-08-06,https://www.ebay.com/itm/116722598389,https://i.ebayimg.com/images/g/kM8AAeSwxhNok5Ou/s-l500.webp,256 GB,Unknown,False,Galaxy S24 Ultra,,,,,,,,,,,,,,True,
2,Samsung Galaxy S24 Ultra 256GB SM-S928U1 Violet Purple Unlocked #Y596,$599.00,2025-08-06,https://www.ebay.com/itm/146756658273,https://i.ebayimg.com/images/g/V2AAAeSwbzZok7Iy/s-l500.webp,256 GB,Unknown,False,Galaxy S24 Ultra,,,,,,,,,,,,,,True,
2,Samsung Galaxy S24 Ultra 512GB Titanium Orange Unlocked Excellent Condition,$779.99,2025-08-06,https://www.ebay.com/itm/276627529789,https://i.ebayimg.com/images/g/8L0AAOSwJvFm2cEC/s-l500.webp,512 GB,Excellent,False,Galaxy S24 Ultra,,,,,,,,,,,,,,True,
2,Samsung Galaxy S24 Ultra 256GB - Titanium Purple Unlocked - VERY Good Condition,$669.99,2025-07-28,https://www.ebay.com/itm/205615855031,https://i.ebayimg.com/images/g/QXUAAeSwYkxodVj6/s-l500.webp,256 GB,Very Good,False,Galaxy S24 Ultra,,,,,,,,,,,,,,True,
2,Samsung Galaxy S24 Ultra 256GB SM-S928U1 Violet Purple Unlocked #Y231,$599.00,2025-08-04,https://www.ebay.com/itm/127288646469,https://i.ebayimg.com/images/g/84sAAeSwVJdoco4M/s-l500.webp,256 GB,Unknown,False,Galaxy S24 Ultra,,,,,,,,,,,,,,True,
2,Samsung Galaxy S24 Ultra 5G 512GB SM-S928U1 Black (Unlocked) #Y305,$639.00,2025-08-03,https://www.ebay.com/itm/127286609019,https://i.ebayimg.com/images/g/hCAAAeSwE7xoerqX/s-l500.webp,512 GB,Unknown,False,Galaxy S24 Ultra,,,,,,,,,,,,,,True,
2,CERTIFIED Samsung Galaxy S24 Ultra 256GB SM-S928U1 Violet Purple Unlocked #Y231,$599.00,2025-08-04,https://www.ebay.com/itm/146750259675,https://i.ebayimg.com/images/g/84sAAeSwVJdoco4M/s-l500.webp,256 GB,Unknown,False,Galaxy S24 Ultra,,,,,,,,,,,,,,True,
2,Samsung Galaxy S24 Ultra 5G 512GB SM-S928U1 Black (Unlocked) #Y305,$639.00,2025-08-02,https://www.ebay.com/itm/146716911113,https://i.ebayimg.com/images/g/hCAAAeSwE7xoerqX/s-l500.webp,512 GB,Unknown,False,Galaxy S24 Ultra,,,,,,,,,,,,,,True,
2,Samsung Galaxy S24 Ultra 256GB SM-S928U1 Violet Purple Unlocked #Y455,$589.00,2025-08-02,https://www.ebay.com/itm/116708806459,https://i.ebayimg.com/images/g/md8AAeSwdfVohqKZ/s-l500.webp,256 GB,Unknown,False,Galaxy S24 Ultra,,,,,,,,,,,,,,True,
2,Samsung Galaxy S24 Ultra 256GB SM-S928U1 Violet Purple Unlocked #Y459,$589.00,2025-08-02,https://www.ebay.com/itm/127269261892,https://i.ebayimg.com/images/g/liYAAeSwg4FohqQf/s-l500.webp,256 GB,Unknown,False,Galaxy S24 Ultra,,,,,,,,,,,,,,True,
2,Samsung Galaxy S24 Ultra - 256GB SM-S928U1 Black UNLOCKED  #Y454,$609.00,2025-08-02,https://www.ebay.com/itm/116708805384,https://i.ebayimg.com/images/g/fwYAAeSwr5FohqH1/s-l500.webp,256 GB,Unknown,False,Galaxy S24 Ultra,,,,,,,,,,,,,,True,
2,Samsung Galaxy S24 Ultra 5G 512GB SM-S928U1 Black (Unlocked) #Y051,$644.00,2025-08-01,https://www.ebay.com/itm/127209218186,https://i.ebayimg.com/images/g/vqsAAeSwrYdoZJIa/s-l500.webp,512 GB,Unknown,False,Galaxy S24 Ultra,,,,,,,,,,,,,,True,
2,Samsung Galaxy S24 Ultra 512GB Titanium Gray Unlocked Good Condition,$679.99,2025-08-02,https://www.ebay.com/itm/297104266600,https://i.ebayimg.com/images/g/dVUAAeSwVtdn0H7k/s-l500.webp,512 GB,Good,False,Galaxy S24 Ultra,,,,,,,,,,,,,,True,
2,Samsung Galaxy S24 Ultra - 1 TB -Excellent Condition (Unlocked),$758.99,2025-08-01,https://www.ebay.com/itm/256993052891,https://i.ebayimg.com/images/g/0TYAAeSwZRtoXxbc/s-l500.webp,Unknown,Excellent,False,Galaxy S24 Ultra,,,,,,,,,,,,,,True,
2,Samsung Galaxy S24 Ultra - Unlocked - Titanium Blue - 1TB - Good,$695.00,2025-08-01,https://www.ebay.com/itm/277283377955,https://i.ebayimg.com/images/g/MdEAAOSw~Fpn~9~S/s-l500.webp,Unknown,Good,False,Galaxy S24 Ultra,,,,,,,,,,,,,,True,
2,Samsung Galaxy S24 Ultra - 512GB - Titanium Yellow (Carrier Unlocked) B-Stock,$619.98,2025-08-01,https://www.ebay.com/itm/157161173370,https://i.ebayimg.com/images/g/QSYAAeSwWG1ob~o9/s-l500.webp,512 GB,Unknown,False,Galaxy S24 Ultra,,,,,,,,,,,,,,True,
2,Samsung Galaxy S24 Ultra 512GB SM-S928U1 Gray FACTORY Unlocked #Y465,$684.00,2025-07-30,https://www.ebay.com/itm/116708825180,https://i.ebayimg.com/images/g/p2gAAeSw-Uxohqe9/s-l500.webp,512 GB,Unknown,False,Galaxy S24 Ultra,,,,,,,,,,,,,,True,
2,Samsung Galaxy S24 Ultra 5G 512GB SM-S928U1 Black (Unlocked) #Y358,$619.00,2025-07-31,https://www.ebay.com/itm/116696900343,https://i.ebayimg.com/images/g/oX0AAeSw7tdoeqXh/s-l500.webp,512 GB,Unknown,False,Galaxy S24 Ultra,,,,,,,,,,,,,,True,
2,Samsung Galaxy S24 Ultra - 1 TB SM-S928U1  Black (Unlocked) #S623,$724.00,2025-07-29,https://www.ebay.com/itm/127145211742,https://i.ebayimg.com/images/g/QkgAAOSw6ipoOf~2/s-l500.webp,Unknown,Unknown,False,Galaxy S24 Ultra,,,,,,,,,,,,,,True,
2,Samsung Galaxy S24 Ultra - 256GB SM-S928U1 Black UNLOCKED  #Y373,$594.00,2025-07-29,https://www.ebay.com/itm/127243412095,https://i.ebayimg.com/images/g/LDQAAeSwxUdoeqgE/s-l500.webp,256 GB,Unknown,False,Galaxy S24 Ultra,,,,,,,,,,,,,,True,
2,Samsung Galaxy S24 Ultra - 256GB SM-S928U1 Black (UNLOCKED) #S699,$599.00,2025-07-29,https://www.ebay.com/itm/127271769282,https://i.ebayimg.com/images/g/D4cAAOSwthFoQQQP/s-l500.webp,256 GB,Unknown,False,Galaxy S24 Ultra,,,,,,,,,,,,,,True,
2,Samsung Galaxy S24 Ultra 256GB - Titanium Black (Unlocked) SM-S928U1 Excellent,$669.95,2025-07-29,https://www.ebay.com/itm/146330304595,https://i.ebayimg.com/images/g/ProAAOSwF61nhM7K/s-l500.webp,256 GB,Excellent,False,Galaxy S24 Ultra,,,,,,,,,,,,,,True,
2,Samsung Galaxy S24 Ultra 5G S928U1 512GB Factory Unlocked - Excellent,$778.99,2025-07-29,https://www.ebay.com/itm/226118200978,https://i.ebayimg.com/images/g/9JgAAOSwOJtmLm0J/s-l500.webp,512 GB,Excellent,False,Galaxy S24 Ultra,,,,,,,,,,,,,,True,
2,Samsung Galaxy S24 Ultra 5G 256GB SM-S928U1 GRAY Unlocked #Y461,$619.00,2025-07-28,https://www.ebay.com/itm/146734970302,https://i.ebayimg.com/images/g/BZgAAeSwELpohqXe/s-l500.webp,256 GB,Unknown,False,Galaxy S24 Ultra,,,,,,,,,,,,,,True,
2,Samsung Galaxy S24 Ultra SM-S928U - 256GB Titanium Violet (Unlocked) - Very Good,$629.99,2025-07-28,https://www.ebay.com/itm/306394081012,https://i.ebayimg.com/images/g/KkAAAOSwtKdmtfJ~/s-l500.webp,256 GB,Very Good,False,Galaxy S24 Ultra,,,,,,,,,,,,,,True,
2,Samsung Galaxy S24 Ultra 5G 512GB SM-S928U1 Black (Unlocked) #Y115,$649.00,2025-07-27,https://www.ebay.com/itm/127208803414,https://i.ebayimg.com/images/g/QyEAAeSwQGFoZE48/s-l500.webp,512 GB,Unknown,False,Galaxy S24 Ultra,,,,,,,,,,,,,,True,
2,Samsung Galaxy S24 Ultra 256GB Unlocked SM-S928U Very Good Condition,$649.95,2025-07-28,https://www.ebay.com/itm/297490534693,https://i.ebayimg.com/images/g/V7cAAeSwE5ZogTMm/s-l500.webp,256 GB,Very Good,False,Galaxy S24 Ultra,,,,,,,,,,,,,,True,
2,Samsung Galaxy S24 Ultra - 1 TB SM-S928U1  BLUE (Unlocked) #S646,$729.00,2025-07-26,https://www.ebay.com/itm/146616094200,https://i.ebayimg.com/images/g/GB8AAOSwvB9oOgdt/s-l500.webp,Unknown,Unknown,False,Galaxy S24 Ultra,,,,,,,,,,,,,,True,
2,Samsung Galaxy S24 Ultra - 256GB SM-S928U1 Black UNLOCKED  #Y233,$599.00,2025-07-26,https://www.ebay.com/itm/146704502884,https://i.ebayimg.com/images/g/Yk4AAeSwyS1oco7K/s-l500.webp,256 GB,Unknown,False,Galaxy S24 Ultra,,,,,,,,,,,,,,True,
2,Samsung Galaxy S24 Ultra 5G - 512GB Gray *UNLOCKED* Excellent Refurb [SM-S928U],$720.99,2025-07-26,https://www.ebay.com/itm/146019821689,https://i.ebayimg.com/images/g/5OUAAOSwrx1m4dmZ/s-l500.webp,512 GB,Excellent,False,Galaxy S24 Ultra,,,,,,,,,,,,,,True,
2,Samsung Galaxy S24 Ultra 512GB Titanium Blue Unlocked Very Good Condition,$679.99,2025-07-26,https://www.ebay.com/itm/297471321594,https://i.ebayimg.com/images/g/fokAAeSwRqVo5rz9/s-l500.webp,512 GB,Very Good,False,Galaxy S24 Ultra,,,,,,,,,,,,,,True,
2,CERTIFIED Samsung Galaxy S24 Ultra - 256GB SM-S928U1 Black UNLOCKED  #Y346,$604.00,2025-07-24,https://www.ebay.com/itm/116696879391,https://i.ebayimg.com/images/g/H9MAAeSwsHFoeqD7/s-l500.webp,256 GB,Unknown,False,Galaxy S24 Ultra,,,,,,,,,,,,,,True,
2,CERTIFIED Samsung Galaxy S24 Ultra - 256GB SM-S928U1 Black UNLOCKED  #Y152,$604.00,2025-07-24,https://www.ebay.com/itm/127230156275,https://i.ebayimg.com/images/g/EL0AAeSwk7xoc8mT/s-l500.webp,256 GB,Unknown,False,Galaxy S24 Ultra,,,,,,,,,,,,,,True,
2,CERTIFIED Samsung Galaxy S24 Ultra - 256GB SM-S928U1 Black UNLOCKED  #Y077,$594.00,2025-07-24,https://www.ebay.com/itm/127255824794,https://i.ebayimg.com/images/g/5sQAAeSwBlRoZJ0k/s-l500.webp,256 GB,Unknown,False,Galaxy S24 Ultra,,,,,,,,,,,,,,True,
2,CERTIFIED Samsung Galaxy S24 Ultra - 256GB SM-S928U1 Black UNLOCKED  #Y374,$609.00,2025-07-23,https://www.ebay.com/itm/146716843993,https://i.ebayimg.com/images/g/Nd4AAeSwj0NoeqqJ/s-l500.webp,256 GB,Unknown,False,Galaxy S24 Ultra,,,,,,,,,,,,,,True,
1,Samsung Galaxy S25 Ultra 256GB 512GB SM-S938U1 Black Gray UNLOCKED,$799.00,2025-10-20,https://www.ebay.com/itm/127096224595,https://i.ebayimg.com/images/g/GwYAAOSwQ3hoGkn8/s-l500.webp,256 GB,Unknown,False,Galaxy S25 Ultra,,,,,,,,,,,,,,,True
1,Samsung Galaxy S25 Ultra 256GB Titanium Jetblack Unlocked Excellent Condition,$839.99,2025-10-20,https://www.ebay.com/itm/277026387203,https://i.ebayimg.com/images/g/GocAAeSwk0Zo8tSg/s-l500.webp,256 GB,Excellent,False,Galaxy S25 Ultra,,,,,,,,,,,,,,,True
1,"Samsung Galaxy S25 Ultra 512GB 6.9"", Titanium Gray",$899.99,2025-10-20,https://www.ebay.com/itm/388960836636,https://i.ebayimg.com/images/g/5aUAAeSwbWBoxKoR/s-l500.webp,512 GB,Unknown,False,Galaxy S25 Ultra,,,,,,,,,,,,,,,True
1,"Samsung Galaxy S25 Ultra 512GB, Titanium Whitesilver",$899.99,2025-10-20,https://www.ebay.com/itm/388960836633,https://i.ebayimg.com/images/g/9EkAAeSwdeZoxKq~/s-l500.webp,512 GB,Unknown,False,Galaxy S25 Ultra,,,,,,,,,,,,,,,True
1,Samsung Galaxy S25 Ultra 512GB Titanium Jetblack Unlocked Very Good Condition,$869.99,2025-10-20,https://www.ebay.com/itm/297445144044,https://i.ebayimg.com/images/g/Dr4AAeSwdg9o8tSJ/s-l500.webp,512 GB,Very Good,False,Galaxy S25 Ultra,,,,,,,,,,,,,,,True
1,Samsung Galaxy S25 Ultra 256GB Very Good Condition,$923.25,2025-10-20,https://www.ebay.com/itm/357492965998,https://i.ebayimg.com/images/g/n3gAAeSwI11o5~eA/s-l500.webp,256 GB,Very Good,False,Galaxy S25 Ultra,,,,,,,,,,,,,,,True
1,Samsung Galaxy S25 Ultra - Unlocked - Titanium Jetblack - 256GB - Excellent,$835.00,2025-10-20,https://www.ebay.com/itm/277015387748,https://i.ebayimg.com/images/g/jyIAAOSwZ6Bn9D4U/s-l500.webp,256 GB,Excellent,False,Galaxy S25 Ultra,,,,,,,,,,,,,,,True
1,Samsung Galaxy S25 Ultra 512GB Titanium Whitesilver Unlocked SM-S938U1 Excellent,$884.95,2025-10-20,https://www.ebay.com/itm/406205574809,https://i.ebayimg.com/images/g/pKIAAeSwvEpojRJj/s-l500.webp,512 GB,Excellent,False,Galaxy S25 Ultra,,,,,,,,,,,,,,,True
1,Samsung Galaxy S25 Ultra 512GB Titanium Black Unlocked Excellent Condition,$879.99,2025-10-19,https://www.ebay.com/itm/276958133781,https://i.ebayimg.com/images/g/F9gAAeSw~ehoUt7u/s-l500.webp,512 GB,Excellent,False,Galaxy S25 Ultra,,,,,,,,,,,,,,,True
1,Samsung Galaxy S25 Ultra 256GB Unlocked Excellent Condition,$924.41,2025-10-19,https://www.ebay.com/itm/357459880041,https://i.ebayimg.com/images/g/keYAAeSwhLlowfUt/s-l500.webp,256 GB,Excellent,False,Galaxy S25 Ultra,,,,,,,,,,,,,,,True
1,Samsung Galaxy S25 Ultra 512GB Titanium Jetblack Unlocked Excellent Condition,$889.99,2025-10-19,https://www.ebay.com/itm/297152002269,https://i.ebayimg.com/images/g/OEMAAeSwiBpn5CfP/s-l500.webp,512 GB,Excellent,False,Galaxy S25 Ultra,,,,,,,,,,,,,,,True
1,Samsung Galaxy S25 Ultra SM-S938U1 WHITESILVER  256GB Factory Unlocked #L600,$794.00,2025-10-19,https://www.ebay.com/itm/116834984844,https://i.ebayimg.com/images/g/hAUAAeSwM2No7SWi/s-l500.webp,256 GB,Unknown,False,Galaxy S25 Ultra,,,,,,,,,,,,,,,True
1,Samsung Galaxy S25 Ultra SM-S938U1 WHITESILVER  256GB Factory Unlocked #L600,$794.00,2025-10-18,https://www.ebay.com/itm/146893559442,https://i.ebayimg.com/images/g/hAUAAeSwM2No7SWi/s-l500.webp,256 GB,Unknown,False,Galaxy S25 Ultra,,,,,,,,,,,,,,,True
1,Samsung Galaxy S25 Ultra / 256GB / Titanium Silver Blue  / Unlocked / Excellent,$829.00,2025-10-18,https://www.ebay.com/itm/167511968570,https://i.ebayimg.com/images/g/SKIAAOSwf-9oI8Ql/s-l500.webp,256 GB,Excellent,False,Galaxy S25 Ultra,,,,,,,,,,,,,,,True
1,Samsung Galaxy S25 Ultra SM-S938U1 Black 256GB Factory Unlocked #L229,$764.00,2025-10-17,https://www.ebay.com/itm/116786676650,https://i.ebayimg.com/images/g/TFYAAeSwjnRozMnj/s-l500.webp,256 GB,Unknown,False,Galaxy S25 Ultra,,,,,,,,,,,,,,,True
1,Samsung Galaxy S25 Ultra 256GB Black Unlocked Excellent Condition,$859.99,2025-10-17,https://www.ebay.com/itm/286439830144,https://i.ebayimg.com/images/g/358AAeSw6DBn5FRS/s-l500.webp,256 GB,Excellent,False,Galaxy S25 Ultra,,,,,,,,,,,,,,,True
1,Samsung Galaxy S25 Ultra - Unlocked - Titanium Jadegreen - 1TB - Excellent,"$1,069.00",2025-10-16,https://www.ebay.com/itm/286876726389,https://i.ebayimg.com/images/g/c6kAAOSwchZn5sNr/s-l500.webp,Unknown,Excellent,False,Galaxy S25 Ultra,,,,,,,,,,,,,,,True
1,"Samsung Galaxy S25 Ultra 256GB, Titanium Whitesilver",$819.99,2025-10-15,https://www.ebay.com/itm/388960836639,https://i.ebayimg.com/images/g/AQEAAeSwT45oxKq7/s-l500.webp,256 GB,Unknown,False,Galaxy S25 Ultra,,,,,,,,,,,,,,,True
1,Samsung Galaxy S25 Ultra - Unlocked - Titanium Whitesilver - 512GB - Very Good,$865.00,2025-10-15,https://www.ebay.com/itm/286681754160,https://i.ebayimg.com/images/g/fzcAAOSwCQpn3H-A/s-l500.webp,512 GB,Very Good,False,Galaxy S25 Ultra,,,,,,,,,,,,,,,True
1,Samsung Galaxy S25 Ultra 512GB Titanium Whitesilver Unlocked Excellent Condition,$899.99,2025-10-15,https://www.ebay.com/itm/297106975850,https://i.ebayimg.com/images/g/4KYAAeSwHItn9Y6K/s-l500.webp,512 GB,Excellent,False,Galaxy S25 Ultra,,,,,,,,,,,,,,,True
1,Samsung Galaxy S25 Ultra - 256GB - Titanium Black (Unlocked) SM-S938U1 Excellent,$784.95,2025-10-15,https://www.ebay.com/itm/127046851409,https://i.ebayimg.com/images/g/2egAAOSw0~Nn-RlO/s-l500.webp,256 GB,Excellent,False,Galaxy S25 Ultra,,,,,,,,,,,,,,,True
1,Samsung Galaxy S25 Ultra / 256GB / Titanium GRAY  / Unlocked / Excellent,$819.00,2025-10-14,https://www.ebay.com/itm/167858339937,https://i.ebayimg.com/images/g/DewAAeSwlXdo5DaS/s-l500.webp,256 GB,Excellent,False,Galaxy S25 Ultra,,,,,,,,,,,,,,,True
1,Samsung Galaxy S25 Ultra Fully Unlocked 5G SM-S938U1 512GB 90%+ GRAY Excellent,$899.00,2025-10-14,https://www.ebay.com/itm/127431645837,https://i.ebayimg.com/images/g/3gYAAeSw39xo7pfm/s-l500.webp,512 GB,Excellent,False,Galaxy S25 Ultra,,,,,,,,,,,,,,,True
1,Samsung Galaxy S25 Ultra SM-S938U1 Black 256GB Factory Unlocked #L448,$749.00,2025-10-14,https://www.ebay.com/itm/146893964449,https://i.ebayimg.com/images/g/ROMAAeSwR05o7XJx/s-l500.webp,256 GB,Unknown,False,Galaxy S25 Ultra,,,,,,,,,,,,,,,True
1,"Samsung Galaxy S25 Ultra 512GB 6.9"", Titanium Jet Black",$909.99,2025-10-13,https://www.ebay.com/itm/317327969585,https://i.ebayimg.com/images/g/tjcAAeSwVvho1B64/s-l500.webp,512 GB,Unknown,False,Galaxy S25 Ultra,,,,,,,,,,,,,,,True
1,Samsung Galaxy S25 Ultra 256GB Titanium Silverblue Unlocked Very Good Condition,$809.99,2025-10-13,https://www.ebay.com/itm/277434957295,https://i.ebayimg.com/images/g/r4gAAeSwkbto8tS8/s-l500.webp,256 GB,Very Good,False,Galaxy S25 Ultra,,,,,,,,,,,,,,,True
1,Samsung Galaxy S25 Ultra SM-S936U1 Blue 256GB Factory Unlocked #L226,$769.00,2025-10-13,https://www.ebay.com/itm/116786675788,https://i.ebayimg.com/images/g/YRkAAeSw3chozMmA/s-l500.webp,256 GB,Unknown,False,Galaxy S25 Ultra,,,,,,,,,,,,,,,True
1,Samsung Galaxy S25 Ultra - Unlocked - Titanium Whitesilver - 1TB - Excellent,"$1,069.00",2025-10-13,https://www.ebay.com/itm/277059733574,https://i.ebayimg.com/images/g/fzcAAOSwCQpn3H-A/s-l500.webp,Unknown,Excellent,False,Galaxy S25 Ultra,,,,,,,,,,,,,,,True
1,Samsung Galaxy S25 Ultra (5G) SM-S938U - Unlocked - 256GB Titanium Silver Blue,$820.99,2025-10-13,https://www.ebay.com/itm/146877137260,https://i.ebayimg.com/images/g/VCwAAeSwhJho4-B4/s-l500.webp,256 GB,Unknown,False,Galaxy S25 Ultra,,,,,,,,,,,,,,,True
1,Samsung Galaxy S25 Ultra Fully Unlocked 5G SM-S938U1 512GB 90%+ Black Excellent,$869.00,2025-10-12,https://www.ebay.com/itm/127418012610,https://i.ebayimg.com/images/g/zxwAAeSwAupo5WLn/s-l500.webp,512 GB,Excellent,False,Galaxy S25 Ultra,,,,,,,,,,,,,,,True
1,Samsung Galaxy S25 Ultra SM-S938U1 Black 256GB Factory Unlocked #L231,$774.00,2025-10-12,https://www.ebay.com/itm/146841365342,https://i.ebayimg.com/images/g/Vh0AAeSwWUdozMqc/s-l500.webp,256 GB,Unknown,False,Galaxy S25 Ultra,,,,,,,,,,,,,,,True
1,"Samsung Galaxy S25 Ultra 512GB, Titanium Silverblue",$869.99,2025-10-12,https://www.ebay.com/itm/388960836640,https://i.ebayimg.com/images/g/knMAAeSwIqRoxKqI/s-l500.webp,512 GB,Unknown,False,Galaxy S25 Ultra,,,,,,,,,,,,,,,True
1,Samsung Galaxy S25 Ultra - 1TB - Titanium Black (Unlocked) SM-S938U1 Excellent,"$1,059.95",2025-10-11,https://www.ebay.com/itm/146587078646,https://i.ebayimg.com/images/g/RG4AAOSwTSZoJ39F/s-l500.webp,Unknown,Excellent,False,Galaxy S25 Ultra,,,,,,,,,,,,,,,True
1,Samsung Galaxy S25 Ultra - S938U - Unlocked - Excellent,$799.99,2025-10-11,https://www.ebay.com/itm/267358054300,https://i.ebayimg.com/images/g/ITYAAeSwA7lolPb4/s-l500.webp,Unknown,Excellent,False,Galaxy S25 Ultra,,,,,,,,,,,,,,,True
1,"Samsung Galaxy S25 Ultra 256GB 6.9"", Titanium Black",$819.99,2025-10-10,https://www.ebay.com/itm/317334480237,https://i.ebayimg.com/images/g/1gwAAeSwuCto1gYL/s-l500.webp,256 GB,Unknown,False,Galaxy S25 Ultra,,,,,,,,,,,,,,,True
1,Samsung Galaxy S25 Ultra - Unlocked - Titanium Silverblue - 256GB - Very Good,$799.00,2025-10-10,https://www.ebay.com/itm/277376672082,https://i.ebayimg.com/images/g/yF0AAOSwsEVn6uRN/s-l500.webp,256 GB,Very Good,False,Galaxy S25 Ultra,,,,,,,,,,,,,,,True
1,Samsung Galaxy S25 Ultra AT&T/T-Mobile/Unlocked Excellent Condition 1 yr warrant,$899.00,2025-10-09,https://www.ebay.com/itm/306136985680,https://i.ebayimg.com/images/g/gAoAAOSwjUdnvJ-P/s-l500.webp,Unknown,Excellent,False,Galaxy S25 Ultra,,,,,,,,,,,,,,,True
1,Samsung Galaxy S25 Ultra SM-S938U1 Unlocked 256GB Titanium Silverblue Excellent,$901.79,2025-04-09,https://www.ebay.com/itm/187126738706,https://i.ebayimg.com/images/g/BHsAAeSwyQtn9qFk/s-l500.webp,256 GB,Excellent,False,Galaxy S25 Ultra,,,,,,,,,,,,,,,True
1,Samsung Galaxy S25 Ultra 256GB Titanium Whitesilver Unlocked Excellent Condition,$849.99,2025-10-09,https://www.ebay.com/itm/286603759717,https://i.ebayimg.com/images/g/8okAAeSw64po6QzL/s-l500.webp,256 GB,Excellent,False,Galaxy S25 Ultra,,,,,,,,,,,,,,,True
1,Samsung Galaxy S25 Ultra 256GB Titanium Whitesilver Unlocked SM-S938U Excellent,$864.95,2025-10-08,https://www.ebay.com/itm/406096586983,https://i.ebayimg.com/images/g/pKIAAeSwvEpojRJj/s-l500.webp,256 GB,Excellent,False,Galaxy S25 Ultra,,,,,,,,,,,,,,,True
1,"Samsung Galaxy S25 Ultra 512GB 6.9"", Titanium Pink Gold",$919.99,2025-10-07,https://www.ebay.com/itm/365881757057,https://i.ebayimg.com/images/g/R5QAAeSw~MVo1B63/s-l500.webp,512 GB,Unknown,False,Galaxy S25 Ultra,,,,,,,,,,,,,,,True
1,Samsung Galaxy S25 Ultra - Unlocked - Titanium Jetblack - 1TB - Excellent,"$1,069.00",2025-10-06,https://www.ebay.com/itm/286685417349,https://i.ebayimg.com/images/g/jyIAAOSwZ6Bn9D4U/s-l500.webp,Unknown,Excellent,False,Galaxy S25 Ultra,,,,,,,,,,,,,,,True
1,"Samsung Galaxy S25 Ultra 5G (256GB, 12GB) 6.9"" Fully Unlocked US Model S938U",$881.99,2025-08-28,https://www.ebay.com/itm/157229621510,https://i.ebayimg.com/images/g/GbUAAeSwTWholkWM/s-l500.webp,256 GB,Unknown,False,Galaxy S25 Ultra,,,,,,,,,,,,,,,True
1,Samsung Galaxy S25 Ultra SM-S938U1 Black 256GB Factory Unlocked #L142,$799.00,2025-10-04,https://www.ebay.com/itm/146827062448,https://i.ebayimg.com/images/g/wy0AAeSwH3Row3wo/s-l500.webp,256 GB,Unknown,False,Galaxy S25 Ultra,,,,,,,,,,,,,,,True
1,Samsung Galaxy S25 Ultra 256GB Unlocked Titanium Silverblue SM-S938U1 Excellent,$819.95,2025-10-03,https://www.ebay.com/itm/146539851375,https://i.ebayimg.com/images/g/wqgAAOSwN6VoCPYK/s-l500.webp,256 GB,Excellent,False,Galaxy S25 Ultra,,,,,,,,,,,,,,,True
1,Samsung Galaxy S25 Ultra 5G SM-S938U1 256GB Factory Unlocked Phone Very Good,$879.95,2025-10-03,https://www.ebay.com/itm/357637563314,https://i.ebayimg.com/images/g/HU4AAeSw3HlozGcz/s-l500.webp,256 GB,Very Good,False,Galaxy S25 Ultra,,,,,,,,,,,,,,,True
1,Samsung Galaxy S25 Ultra - Unlocked - Titanium Black - 256GB - Excellent,$835.00,2025-10-02,https://www.ebay.com/itm/286425218322,https://i.ebayimg.com/images/g/FrAAAOSwUPxn3IFW/s-l500.webp,256 GB,Excellent,False,Galaxy S25 Ultra,,,,,,,,,,,,,,,True
1,Samsung Galaxy S25 Ultra - Unlocked - Titanium Jetblack - 512GB - Good,$839.00,2025-09-30,https://www.ebay.com/itm/277413342676,https://i.ebayimg.com/images/g/jyIAAOSwZ6Bn9D4U/s-l500.webp,512 GB,Good,False,Galaxy S25 Ultra,,,,,,,,,,,,,,,True
1,Samsung Galaxy S25 Ultra 1 TB Unlocked Titanium Silverblue SM-S938U1 Excellent,"$1,029.95",2025-09-30,https://www.ebay.com/itm/127396464107,https://i.ebayimg.com/images/g/wqgAAOSwN6VoCPYK/s-l500.webp,Unknown,Excellent,False,Galaxy S25 Ultra,,,,,,,,,,,,,,,True
1,Samsung Galaxy S25 Ultra - Unlocked - Titanium Black - 512GB - Very Good,$865.00,2025-09-28,https://www.ebay.com/itm/286515042623,https://i.ebayimg.com/images/g/FrAAAOSwUPxn3IFW/s-l500.webp,512 GB,Very Good,False,Galaxy S25 Ultra,,,,,,,,,,,,,,,True
1,Samsung Galaxy S25 Ultra - Unlocked - Titanium Jadegreen - 256GB - Good,$805.00,2025-03-31,https://www.ebay.com/itm/276986590823,https://i.ebayimg.com/images/g/c6kAAOSwchZn5sNr/s-l500.webp,256 GB,Good,False,Galaxy S25 Ultra,,,,,,,,,,,,,,,True
1,Samsung Galaxy S25 Ultra - Unlocked - Titanium Silverblue - 256GB - Excellent,$835.00,2025-09-28,https://www.ebay.com/itm/276995011384,https://i.ebayimg.com/images/g/yF0AAOSwsEVn6uRN/s-l500.webp,256 GB,Excellent,False,Galaxy S25 Ultra,,,,,,,,,,,,,,,True
1,Samsung Galaxy S25 Ultra SM-S936U1 TITANIUM WHITESILVER  512GB  Unlocked #L225,$874.00,2025-09-25,https://www.ebay.com/itm/146841361153,https://i.ebayimg.com/images/g/jy8AAeSwYtFozMka/s-l500.webp,512 GB,Unknown,False,Galaxy S25 Ultra,,,,,,,,,,,,,,,True
1,Samsung Galaxy S25 Ultra - Unlocked - Titanium Pinkgold - 512GB - Very Good,$865.00,2025-09-25,https://www.ebay.com/itm/286817747007,https://i.ebayimg.com/images/g/ea4AAOSwjchn~9Jd/s-l500.webp,512 GB,Very Good,False,Galaxy S25 Ultra,,,,,,,,,,,,,,,True
1,Samsung Galaxy S25 Ultra 5G - 512 GB - Titanium Jadegreen (Unlocked) Excellent,$814.95,2025-09-25,https://www.ebay.com/itm/146716814183,https://i.ebayimg.com/images/g/FoQAAeSw4WNoekwh/s-l500.webp,512 GB,Excellent,False,Galaxy S25 Ultra,,,,,,,,,,,,,,,True
1,Samsung Galaxy S25 Ultra SM-S936U1 Blue 256GB Factory Unlocked #L233,$819.00,2025-09-23,https://www.ebay.com/itm/127380702946,https://i.ebayimg.com/images/g/vYcAAeSwMOxozMhi/s-l500.webp,256 GB,Unknown,False,Galaxy S25 Ultra,,,,,,,,,,,,,,,True
1,Samsung Galaxy S25 Ultra SM-S938U1 256GB FACTORY UNLOCKED CDMA + GSM - OPEN BOX,$769.48,2025-09-23,https://www.ebay.com/itm/116737770359,https://i.ebayimg.com/images/g/WeEAAeSwIylooLhN/s-l500.webp,256 GB,Unknown,False,Galaxy S25 Ultra,,,,,,,,,,,,,,,True
1,Samsung Galaxy S25 Ultra 256GB Titanium Pinkgold Unlocked Excellent Condition,$849.99,2025-09-22,https://www.ebay.com/itm/286695811173,https://i.ebayimg.com/images/g/w40AAeSwvDZoyce0/s-l500.webp,256 GB,Excellent,False,Galaxy S25 Ultra,,,,,,,,,,,,,,,True
1,Samsung Galaxy S25 Ultra SM-S936U1 SILVERBLUE  512GB  Unlocked #L210,$879.00,2025-09-21,https://www.ebay.com/itm/127380773515,https://i.ebayimg.com/images/g/09wAAeSwEY9ozNY6/s-l500.webp,512 GB,Unknown,False,Galaxy S25 Ultra,,,,,,,,,,,,,,,True
1,Samsung Galaxy S25 Ultra SM-S938U1 Black 256GB Factory Unlocked #L171,$829.00,2025-09-21,https://www.ebay.com/itm/127380818441,https://i.ebayimg.com/images/g/uB8AAeSwa2NozOB2/s-l500.webp,256 GB,Unknown,False,Galaxy S25 Ultra,,,,,,,,,,,,,,,True
1,Samsung Galaxy S25 Ultra - 512 GB - Titanium Jetblack (Unlocked) Excellent,$919.95,2025-09-21,https://www.ebay.com/itm/405847723046,https://i.ebayimg.com/images/g/EAEAAOSw8TNoHL-U/s-l500.webp,512 GB,Excellent,False,Galaxy S25 Ultra,,,,,,,,,,,,,,,True
1,Samsung Galaxy S25 Ultra SM-S938U1 WHITESILVER  256GB Factory Unlocked #L232,$839.00,2025-09-20,https://www.ebay.com/itm/146841367778,https://i.ebayimg.com/images/g/N7AAAeSwwwJozMrO/s-l500.webp,256 GB,Unknown,False,Galaxy S25 Ultra,,,,,,,,,,,,,,,True
1,Samsung Galaxy S25 Ultra Titanium Silverblue 512GB Unlocked- Bata Software- 9/10,$938.39,2025-09-19,https://www.ebay.com/itm/297604100641,https://i.ebayimg.com/images/g/1hMAAeSw131owuC4/s-l500.webp,512 GB,Unknown,False,Galaxy S25 Ultra,,,,,,,,,,,,,,,True
1,Samsung Galaxy S25 Ultra 512GB Titanium Black Unlocked Good Condition,$849.99,2025-09-19,https://www.ebay.com/itm/286603755255,https://i.ebayimg.com/images/g/nwEAAeSwqBpoycXq/s-l500.webp,512 GB,Good,False,Galaxy S25 Ultra,,,,,,,,,,,,,,,True
1,Samsung Galaxy S25 Ultra - Unlocked - Titanium Gray - 512GB - Excellent,$899.00,2025-09-18,https://www.ebay.com/itm/286551137895,https://i.ebayimg.com/images/g/6OEAAOSwAmZn5t6O/s-l500.webp,512 GB,Excellent,False,Galaxy S25 Ultra,,,,,,,,,,,,,,,True
1,Samsung Galaxy S25 Ultra - Unlocked - Titanium Black - 256GB - Very Good,$799.00,2025-09-18,https://www.ebay.com/itm/286609234127,https://i.ebayimg.com/images/g/FrAAAOSwUPxn3IFW/s-l500.webp,256 GB,Very Good,False,Galaxy S25 Ultra,,,,,,,,,,,,,,,True
1,Samsung Galaxy S25 Ultra - Unlocked - Titanium Gray - 256GB - Very Good,$799.00,2025-09-17,https://www.ebay.com/itm/277376676082,https://i.ebayimg.com/images/g/6OEAAOSwAmZn5t6O/s-l500.webp,256 GB,Very Good,False,Galaxy S25 Ultra,,,,,,,,,,,,,,,True
1,Samsung Galaxy S25 Ultra 256GB Titanium Gray Unlocked Excellent Condition,$829.99,2025-09-15,https://www.ebay.com/itm/277224340737,https://i.ebayimg.com/images/g/m4cAAeSwb69o8tOH/s-l500.webp,256 GB,Excellent,False,Galaxy S25 Ultra,,,,,,,,,,,,,,,True
1,Samsung Galaxy S25 Ultra SM-S936U1 Black 256GB Factory Unlocked #Y938,$814.00,2025-09-15,https://www.ebay.com/itm/146831703631,https://i.ebayimg.com/images/g/XbMAAeSwTkFouPGL/s-l500.webp,256 GB,Unknown,False,Galaxy S25 Ultra,,,,,,,,,,,,,,,True
1,Samsung Galaxy S25 Ultra SM-S936U1 Black 256GB Factory Unlocked #Y996,$814.00,2025-09-14,https://www.ebay.com/itm/116764975942,https://i.ebayimg.com/images/g/t1MAAeSwkRxouc86/s-l500.webp,256 GB,Unknown,False,Galaxy S25 Ultra,,,,,,,,,,,,,,,True
1,Samsung Galaxy S25 Ultra SM-S936U1 Black 256GB Factory Unlocked #Y938,$814.00,2025-09-14,https://www.ebay.com/itm/127351703280,https://i.ebayimg.com/images/g/XbMAAeSwTkFouPGL/s-l500.webp,256 GB,Unknown,False,Galaxy S25 Ultra,,,,,,,,,,,,,,,True
1,Samsung Galaxy S25 Ultra SM-S936U1 TITANIUM WHITESILVER  512GB  Unlocked #Y994,$869.00,2025-09-12,https://www.ebay.com/itm/127351805158,https://i.ebayimg.com/images/g/5IgAAeSwMZBouc~D/s-l500.webp,512 GB,Unknown,False,Galaxy S25 Ultra,,,,,,,,,,,,,,,True
1,Samsung Galaxy S25 Ultra - Unlocked - Titanium Whitesilver - 512GB - Excellent,$899.00,2025-09-11,https://www.ebay.com/itm/286425213064,https://i.ebayimg.com/images/g/fzcAAOSwCQpn3H-A/s-l500.webp,512 GB,Excellent,False,Galaxy S25 Ultra,,,,,,,,,,,,,,,True
1,Samsung Galaxy S25 Ultra - Unlocked - Titanium Whitesilver - 1TB - Very Good,"$1,035.00",2025-09-09,https://www.ebay.com/itm/286685004054,https://i.ebayimg.com/images/g/fzcAAOSwCQpn3H-A/s-l500.webp,Unknown,Very Good,False,Galaxy S25 Ultra,,,,,,,,,,,,,,,True
1,Samsung Galaxy S25 Ultra SM-S936U1 Black 512GB Factory Unlocked #Y992,$879.00,2025-09-08,https://www.ebay.com/itm/116764972373,https://i.ebayimg.com/images/g/gIgAAeSwvARouc4A/s-l500.webp,512 GB,Unknown,False,Galaxy S25 Ultra,,,,,,,,,,,,,,,True
1,SamsungGalaxy S25 Ultra 256GB Black Very Good Condition,$886.67,2025-08-26,https://www.ebay.com/itm/357313445403,https://i.ebayimg.com/images/g/cAQAAeSwARtoe20u/s-l500.webp,256 GB,Very Good,False,Galaxy S25 Ultra,,,,,,,,,,,,,,,True
1,SamsungGalaxy S25 Ultra 256GB Blue Very Good Condition,$827.41,2025-08-31,https://www.ebay.com/itm/357313429014,https://i.ebayimg.com/images/g/XEkAAeSwY55oe2qt/s-l500.webp,256 GB,Very Good,False,Galaxy S25 Ultra,,,,,,,,,,,,,,,True
1,SamsungGalaxy S25 Ultra 256GB Black Excellent Condition,$897.45,2025-08-15,https://www.ebay.com/itm/357313438994,https://i.ebayimg.com/images/g/4e8AAeSw1Lpoe2w-/s-l500.webp,256 GB,Excellent,False,Galaxy S25 Ultra,,,,,,,,,,,,,,,True
1,Samsung Galaxy S25 Ultra 512GB Titanium Silverblue Unlocked Excellent Condition,$929.99,2025-09-08,https://www.ebay.com/itm/276983539408,https://i.ebayimg.com/images/g/oRcAAeSwVJpn5XcO/s-l500.webp,512 GB,Excellent,False,Galaxy S25 Ultra,,,,,,,,,,,,,,,True
1,Samsung Galaxy S25 Ultra 1TB Titanium Jetblack Unlocked Excellent Condition,"$1,149.99",2025-09-05,https://www.ebay.com/itm/286444515763,https://i.ebayimg.com/images/g/HB4AAeSwRLto59VG/s-l500.webp,Unknown,Excellent,False,Galaxy S25 Ultra,,,,,,,,,,,,,,,True
1,Samsung Galaxy S25 Ultra 1TB Titanium Gray Unlocked Excellent Condition,"$1,149.99",2025-09-04,https://www.ebay.com/itm/286586232558,https://i.ebayimg.com/images/g/J2cAAeSwa-poycMi/s-l500.webp,Unknown,Excellent,False,Galaxy S25 Ultra,,,,,,,,,,,,,,,True
1,Samsung Galaxy S25 Ultra 256GB Titanium Silverblue Unlocked Good Condition,$799.99,2025-09-04,https://www.ebay.com/itm/277363316623,https://i.ebayimg.com/images/g/9-cAAeSwPJ5o7SCB/s-l500.webp,256 GB,Good,False,Galaxy S25 Ultra,,,,,,,,,,,,,,,True
1,Samsung Galaxy S25 Ultra SM-S936U1 Black 256GB Factory Unlocked #Y938,$849.00,2025-09-04,https://www.ebay.com/itm/127350431887,https://i.ebayimg.com/images/g/XbMAAeSwTkFouPGL/s-l500.webp,256 GB,Unknown,False,Galaxy S25 Ultra,,,,,,,,,,,,,,,True
1,Samsung Galaxy S25 Ultra - Unlocked - Titanium Gray - 512GB - Very Good,$865.00,2025-09-03,https://www.ebay.com/itm/286649300791,https://i.ebayimg.com/images/g/6OEAAOSwAmZn5t6O/s-l500.webp,512 GB,Very Good,False,Galaxy S25 Ultra,,,,,,,,,,,,,,,True
1,Samsung Galaxy S25 Ultra 512GB Titanium Whitesilver Unlocked Very Good Condition,$879.99,2025-09-02,https://www.ebay.com/itm/277222408948,https://i.ebayimg.com/images/g/vz0AAeSwr89o6AjC/s-l500.webp,512 GB,Very Good,False,Galaxy S25 Ultra,,,,,,,,,,,,,,,True
1,Samsung Galaxy S25 Ultra SM-S938U1 Unlocked 1TB Titanium Silverblue Good,"$1,032.07",2025-09-02,https://www.ebay.com/itm/187114903157,https://i.ebayimg.com/images/g/txsAAeSwghVn8FbO/s-l500.webp,Unknown,Good,False,Galaxy S25 Ultra,,,,,,,,,,,,,,,True
1,Samsung Galaxy S25 Ultra - (Carrier Unlocked) -Titanium Black- 256GB - (B-Stock),$814.98,2025-09-01,https://www.ebay.com/itm/157089680276,https://i.ebayimg.com/images/g/9pQAAOSwnzhoSv0K/s-l500.webp,256 GB,Unknown,False,Galaxy S25 Ultra,,,,,,,,,,,,,,,True
1,Samsung Galaxy S25 Ultra 5G S938U S938 512GB Unlocked (Any Carrier) Good,$864.99,2025-09-01,https://www.ebay.com/itm/205679190173,https://i.ebayimg.com/images/g/uGQAAeSwHAZoexZ2/s-l500.webp,512 GB,Good,False,Galaxy S25 Ultra,,,,,,,,,,,,,,,True
1,Samsung Galaxy S25 Ultra - 1 TB - Titanium Jetblack (Unlocked) Excellent,$999.95,2025-08-31,https://www.ebay.com/itm/146783954427,https://i.ebayimg.com/images/g/EZYAAeSw8rlophPG/s-l500.webp,Unknown,Excellent,False,Galaxy S25 Ultra,,,,,,,,,,,,,,,True
1,Samsung Galaxy S25 Ultra -(Carrier Unlocked)-Titanium Silverblue-256GB (B-Stock),$814.98,2025-08-31,https://www.ebay.com/itm/157276790409,https://i.ebayimg.com/images/g/A10AAeSwyepor3PZ/s-l500.webp,256 GB,Unknown,False,Galaxy S25 Ultra,,,,,,,,,,,,,,,True
1,Samsung Galaxy S25 Ultra - 512 GB SM-S938U1 Titanium Jetblack (Unlocked) #Y666,$859.00,2025-08-31,https://www.ebay.com/itm/146778678128,https://i.ebayimg.com/images/g/0XwAAeSwO2RoopGB/s-l500.webp,512 GB,Unknown,False,Galaxy S25 Ultra,,,,,,,,,,,,,,,True
1,Samsung Galaxy S25 Ultra - Unlocked - Titanium Silverblue - 512GB - Excellent,$899.00,2025-08-30,https://www.ebay.com/itm/286493826194,https://i.ebayimg.com/images/g/yF0AAOSwsEVn6uRN/s-l500.webp,512 GB,Excellent,False,Galaxy S25 Ultra,,,,,,,,,,,,,,,True
1,Samsung Galaxy S25 Ultra 512GB Titanium Silverblue Unlocked Good Condition,$879.99,2025-08-30,https://www.ebay.com/itm/277230136827,https://i.ebayimg.com/images/g/OT4AAeSwNN9oycb0/s-l500.webp,512 GB,Good,False,Galaxy S25 Ultra,,,,,,,,,,,,,,,True
1,Samsung Galaxy S25 Ultra SM-S936U1 Black 512GB Factory Unlocked #Y848,$874.00,2025-08-29,https://www.ebay.com/itm/127336099267,https://i.ebayimg.com/images/g/JpMAAeSwN3lor8mz/s-l500.webp,512 GB,Unknown,False,Galaxy S25 Ultra,,,,,,,,,,,,,,,True
1,Samsung Galaxy S25 Ultra 1TB S928U1 5G Factory Unlocked - Very Good,$949.99,2025-08-30,https://www.ebay.com/itm/277352302946,https://i.ebayimg.com/images/g/YU4AAeSwgmRobtmu/s-l500.webp,Unknown,Very Good,False,Galaxy S25 Ultra,,,,,,,,,,,,,,,True
1,Samsung Galaxy S25 Ultra 256GB Titanium Black Unlocked Very Good Condition,$799.99,2025-08-29,https://www.ebay.com/itm/286791285548,https://i.ebayimg.com/images/g/VtQAAeSw3HRo6QyI/s-l500.webp,256 GB,Very Good,False,Galaxy S25 Ultra,,,,,,,,,,,,,,,True
1,Samsung Galaxy S25 Ultra 512GB Titanium Pinkgold Unlocked Excellent Condition,$979.99,2025-08-29,https://www.ebay.com/itm/277173710329,https://i.ebayimg.com/images/g/rZgAAeSwIOloycVZ/s-l500.webp,512 GB,Excellent,False,Galaxy S25 Ultra,,,,,,,,,,,,,,,True
1,Samsung Galaxy S25 Ultra - Unlocked - Titanium Jadegreen - 512GB - Excellent,$899.00,2025-08-28,https://www.ebay.com/itm/277074111727,https://i.ebayimg.com/images/g/c6kAAOSwchZn5sNr/s-l500.webp,512 GB,Excellent,False,Galaxy S25 Ultra,,,,,,,,,,,,,,,True
1,Samsung Galaxy S25 Ultra SM-S936U1 SILVERBLUE  512GB  Unlocked #Y668,$864.00,2025-08-28,https://www.ebay.com/itm/116740398847,https://i.ebayimg.com/images/g/oh4AAeSwCZhoo0mT/s-l500.webp,512 GB,Unknown,False,Galaxy S25 Ultra,,,,,,,,,,,,,,,True
1,Samsung Galaxy S25 Ultra - 256 GB - Titanium Whitesilver (Unlocked) Excellent,$829.95,2025-08-28,https://www.ebay.com/itm/405911185041,https://i.ebayimg.com/images/g/qyUAAOSw-I9oOVLA/s-l500.webp,256 GB,Excellent,False,Galaxy S25 Ultra,,,,,,,,,,,,,,,True
1,Samsung Galaxy S25 Ultra SM-S938U 256GB 12GB Unlocked White Excellent Condition,$809.10,2025-08-27,https://www.ebay.com/itm/197626447783,https://i.ebayimg.com/images/g/ljgAAeSw2JholFaa/s-l500.webp,256 GB,Excellent,False,Galaxy S25 Ultra,,,,,,,,,,,,,,,True
1,SAMSUNG GALAXY S25 ULTRA- 256GB 512GB 1TB SM-S938U1 FACTORY UNLOCKED🔓-EXCELLENT,$999.99,2025-08-26,https://www.ebay.com/itm/127128865551,https://i.ebayimg.com/images/g/vuUAAOSwc2ZoL3vP/s-l500.webp,256 GB,Excellent,False,Galaxy S25 Ultra,,,,,,,,,,,,,,,True
1,Samsung Galaxy S25 Ultra SM-S938U1 512GB FACTORY UNLOCKED CDMA + GSM - EXCELLENT,$899.48,2025-08-26,https://www.ebay.com/itm/116737787547,https://i.ebayimg.com/images/g/WeEAAeSwIylooLhN/s-l500.webp,512 GB,Excellent,False,Galaxy S25 Ultra,,,,,,,,,,,,,,,True
1,Samsung Galaxy S25 Ultra SM-S936U1 SILVERBLUE  512GB  Unlocked #Y518,$869.00,2025-08-25,https://www.ebay.com/itm/116722658189,https://i.ebayimg.com/images/g/38wAAeSwq3xok6Bh/s-l500.webp,512 GB,Unknown,False,Galaxy S25 Ultra,,,,,,,,,,,,,,,True
1,Samsung Galaxy S25 Ultra SM-S936U1 Black 512GB Factory Unlocked #Y673,$864.00,2025-08-25,https://www.ebay.com/itm/127316296879,https://i.ebayimg.com/images/g/8nsAAeSwAuBoo067/s-l500.webp,512 GB,Unknown,False,Galaxy S25 Ultra,,,,,,,,,,,,,,,True
1,Samsung Galaxy S25 Ultra SM-S936U1 TITANIUM WHITESILVER  512GB  Unlocked #Y665,$879.00,2025-08-23,https://www.ebay.com/itm/146775739800,https://i.ebayimg.com/images/g/lBkAAeSwuO9ooJAw/s-l500.webp,512 GB,Unknown,False,Galaxy S25 Ultra,,,,,,,,,,,,,,,True
1,Samsung Galaxy S25 Ultra SM-S936U1 Black 256GB Factory Unlocked #Y696,$829.00,2025-08-24,https://www.ebay.com/itm/116740932776,https://i.ebayimg.com/images/g/issAAeSw8~Zoo9uK/s-l500.webp,256 GB,Unknown,False,Galaxy S25 Ultra,,,,,,,,,,,,,,,True
1,Samsung Galaxy S25 Ultra 1TB Titanium Gray Unlocked Very Good Condition,"$1,099.99",2025-08-24,https://www.ebay.com/itm/277325654227,https://i.ebayimg.com/images/g/9UYAAeSwIxVo59Wq/s-l500.webp,Unknown,Very Good,False,Galaxy S25 Ultra,,,,,,,,,,,,,,,True
1,Samsung Galaxy S25 Ultra SM-S936U1 SILVERBLUE  512GB  Unlocked #Y517,$874.00,2025-08-23,https://www.ebay.com/itm/146756465033,https://i.ebayimg.com/images/g/H4MAAeSwcjdok6BD/s-l500.webp,512 GB,Unknown,False,Galaxy S25 Ultra,,,,,,,,,,,,,,,True
1,Samsung Galaxy S25 Ultra 256GB Titanium Silverblue Unlocked Excellent Condition,$819.99,2025-08-23,https://www.ebay.com/itm/276997910659,https://i.ebayimg.com/images/g/HwsAAeSwGP9o8tSW/s-l500.webp,256 GB,Excellent,False,Galaxy S25 Ultra,,,,,,,,,,,,,,,True
1,Samsung Galaxy S25 Ultra 1TB Titanium Whitesilver Unlocked Excellent Condition,"$1,149.99",2025-08-22,https://www.ebay.com/itm/276977804007,https://i.ebayimg.com/images/g/UKoAAeSw6rVoE4~J/s-l500.webp,Unknown,Excellent,False,Galaxy S25 Ultra,,,,,,,,,,,,,,,True
1,Samsung Galaxy S25 Ultra 512GB Titanium Jadegreen Unlocked Excellent Condition,$944.99,2025-08-22,https://www.ebay.com/itm/297222633284,https://i.ebayimg.com/images/g/dqIAAeSwECFo8tT3/s-l500.webp,512 GB,Excellent,False,Galaxy S25 Ultra,,,,,,,,,,,,,,,True
1,Samsung Galaxy S25 Ultra - Unlocked - Titanium Gray - 256GB - Good,$769.00,2025-08-20,https://www.ebay.com/itm/277332844088,https://i.ebayimg.com/images/g/6OEAAOSwAmZn5t6O/s-l500.webp,256 GB,Good,False,Galaxy S25 Ultra,,,,,,,,,,,,,,,True
1,Samsung Galaxy S25 Ultra SM-S936U1 Blue 256GB Factory Unlocked #Y669,$849.00,2025-08-18,https://www.ebay.com/itm/146779861272,https://i.ebayimg.com/images/g/b94AAeSw1Mdoo0ns/s-l500.webp,256 GB,Unknown,False,Galaxy S25 Ultra,,,,,,,,,,,,,,,True
1,Samsung Galaxy S25 Ultra 512GB Unlocked Titanium Black SM-S938U1 Very Good,$869.95,2025-08-15,https://www.ebay.com/itm/146683777416,https://i.ebayimg.com/images/g/pp0AAOSwxPdn64Ms/s-l500.webp,512 GB,Very Good,False,Galaxy S25 Ultra,,,,,,,,,,,,,,,True
1,Samsung Galaxy S25 Ultra - Unlocked - Titanium Black - 1TB - Excellent,"$1,069.00",2025-08-14,https://www.ebay.com/itm/286530757316,https://i.ebayimg.com/images/g/spEAAOSwIPVoBoHS/s-l500.webp,Unknown,Excellent,False,Galaxy S25 Ultra,,,,,,,,,,,,,,,True
1,Samsung Galaxy S25 Ultra - Unlocked - Titanium Gray - 256GB - Excellent,$835.00,2025-08-13,https://www.ebay.com/itm/277155703268,https://i.ebayimg.com/images/g/6OEAAOSwAmZn5t6O/s-l500.webp,256 GB,Excellent,False,Galaxy S25 Ultra,,,,,,,,,,,,,,,True
1,Samsung Galaxy S25 Ultra SM-S938U1 Unlocked 1TB Titanium Gray Good,"$1,086.39",2025-08-12,https://www.ebay.com/itm/177024007902,https://i.ebayimg.com/images/g/kNAAAeSw0U9oApEu/s-l500.webp,Unknown,Good,False,Galaxy S25 Ultra,,,,,,,,,,,,,,,True
1,Samsung Galaxy S25 Ultra 512GB Titanium Jadegreen Unlocked Good Condition,$849.99,2025-08-10,https://www.ebay.com/itm/286755103993,https://i.ebayimg.com/images/g/1BEAAeSwZxVoycry/s-l500.webp,512 GB,Good,False,Galaxy S25 Ultra,,,,,,,,,,,,,,,True
1,Samsung Galaxy S25 Ultra - Unlocked - Titanium Whitesilver - 256GB - Excellent,$835.00,2025-08-09,https://www.ebay.com/itm/286425219344,https://i.ebayimg.com/images/g/fzcAAOSwCQpn3H-A/s-l500.webp,256 GB,Excellent,False,Galaxy S25 Ultra,,,,,,,,,,,,,,,True
1,Samsung Galaxy S25 Ultra 512GB Unlocked Titanium Pinkgold SM-S938U1 Excellent,$879.95,2025-08-09,https://www.ebay.com/itm/406111880565,https://i.ebayimg.com/images/g/wg4AAeSwpTFolFJz/s-l500.webp,512 GB,Excellent,False,Galaxy S25 Ultra,,,,,,,,,,,,,,,True
1,Samsung Galaxy S25 Ultra - Unlocked - Titanium Black - 512GB - Good,$839.00,2025-08-05,https://www.ebay.com/itm/277288890178,https://i.ebayimg.com/images/g/FrAAAOSwUPxn3IFW/s-l500.webp,512 GB,Good,False,Galaxy S25 Ultra,,,,,,,,,,,,,,,True
1,Samsung Galaxy S25 Ultra SM-S936U1 Black 256GB Factory Unlocked #Y295,$814.00,2025-08-02,https://www.ebay.com/itm/127244369439,https://i.ebayimg.com/images/g/iPEAAeSwxy9oewQC/s-l500.webp,256 GB,Unknown,False,Galaxy S25 Ultra,,,,,,,,,,,,,,,True
1,Samsung Galaxy S25 Ultra SM-S936U1 SILVERBLUE  512GB  Unlocked #Y449,$879.00,2025-08-02,https://www.ebay.com/itm/146737419029,https://i.ebayimg.com/images/g/UkEAAeSwNtNoiDsn/s-l500.webp,512 GB,Unknown,False,Galaxy S25 Ultra,,,,,,,,,,,,,,,True
1,CERTIFIED Samsung Galaxy S25 Ultra SM-S936U1 Black 512GB Factory Unlocked #Y270,$884.00,2025-07-30,https://www.ebay.com/itm/127275320540,https://i.ebayimg.com/images/g/P2wAAeSwb~hocnth/s-l500.webp,512 GB,Unknown,False,Galaxy S25 Ultra,,,,,,,,,,,,,,,True
1,Samsung Galaxy S25 Ultra SM-S936U1 Black 256GB Factory Unlocked #Y293,$824.00,2025-07-30,https://www.ebay.com/itm/127244356309,https://i.ebayimg.com/images/g/gy8AAeSwqN9oewLX/s-l500.webp,256 GB,Unknown,False,Galaxy S25 Ultra,,,,,,,,,,,,,,,True
1,Samsung Galaxy S25 Ultra SM-S936U1 Blue 256GB Factory Unlocked #Y296,$844.00,2025-07-29,https://www.ebay.com/itm/146717279355,https://i.ebayimg.com/images/g/i28AAeSwxwRoewRg/s-l500.webp,256 GB,Unknown,False,Galaxy S25 Ultra,,,,,,,,,,,,,,,True
1,Samsung Galaxy S25 Ultra SM-S938U Unlocked 256GB Titanium Gray Very Good,$901.79,2025-07-28,https://www.ebay.com/itm/187203967736,https://i.ebayimg.com/images/g/1B8AAeSwyeloG-MS/s-l500.webp,256 GB,Very Good,False,Galaxy S25 Ultra,,,,,,,,,,,,,,,True
1,Samsung Galaxy S25 Ultra 1TB Titanium Black Unlocked Very Good Condition,"$1,099.99",2025-07-28,https://www.ebay.com/itm/286609215835,https://i.ebayimg.com/images/g/5PYAAeSwEABo59VR/s-l500.webp,Unknown,Very Good,False,Galaxy S25 Ultra,,,,,,,,,,,,,,,True
1,Samsung Galaxy S25 Ultra SM-S936U1 SILVERBLUE  512GB  Unlocked #Y221,$859.00,2025-07-26,https://www.ebay.com/itm/116688928832,https://i.ebayimg.com/images/g/Q4sAAeSw9klocom6/s-l500.webp,512 GB,Unknown,False,Galaxy S25 Ultra,,,,,,,,,,,,,,,True
1,Samsung Galaxy S25 Ultra SM-S936U1 Black 256GB Factory Unlocked #Y294,$809.00,2025-07-26,https://www.ebay.com/itm/116697164001,https://i.ebayimg.com/images/g/zGoAAeSwgxRoewMi/s-l500.webp,256 GB,Unknown,False,Galaxy S25 Ultra,,,,,,,,,,,,,,,True
